TRANSACTION_ID,POLICY_NUMBER,CUSTOMER_ID,CLAIM_AMOUNT,VENDOR_ID,IS_FRAUD,FRAUD_PROBABILITY,RISK_SCORE,RISK_LABEL
TXN0000001,POL000001,CUST00001,4591,VND0010,0,0.0299,2.99,Low
TXN0000002,POL000002,CUST00002,5069,VND0039,0,0.0405,4.05,Low
TXN0000003,POL000003,CUST00003,2019,VND0017,0,0.0531,5.31,Low
TXN0000004,POL000004,CUST00004,2628,VND0027,0,0.0235,2.35,Low
TXN0000005,POL000005,CUST00005,27629,VND0046,1,0.9603,96.03,Critical
TXN0000006,POL000006,CUST00006,5992,VND0010,0,0.0045,0.45,Low
TXN0000007,POL000007,CUST00007,3008,VND0022,0,0.0079,0.79,Low
TXN0000008,POL000008,CUST00008,1838,VND0009,0,0.0211,2.11,Low
TXN0000009,POL000009,CUST00009,10932,VND0022,1,0.9038,90.38,Critical
TXN0000010,POL000010,CUST00010,3861,VND0016,0,0.0358,3.58,Low
TXN0000011,POL000011,CUST00011,4054,VND0046,0,0.0109,1.09,Low
TXN0000012,POL000012,CUST00012,1452,VND0016,0,0.0093,0.93,Low
TXN0000013,POL000013,CUST00013,647,VND0031,0,0.0091,0.91,Low
TXN0000014,POL000014,CUST00014,3568,VND0007,0,0.0208,2.08,Low
TXN0000015,POL000015,CUST00015,5622,VND0023,0,0.0393,3.93,Low
TXN0000016,POL000016,CUST00016,1236,VND0042,0,0.0262,2.62,Low
TXN0000017,POL000017,CUST00017,2976,VND0034,0,0.0228,2.28,Low
TXN0000018,POL000018,CUST00018,11339,VND0015,1,0.9229,92.29,Critical
TXN0000019,POL000019,CUST00019,1846,VND0049,0,0.0195,1.95,Low
TXN0000020,POL000020,CUST00020,4363,VND0041,0,0.0135,1.35,Low
TXN0000021,POL000021,CUST00021,2146,VND0021,0,0.0171,1.71,Low
TXN0000022,POL000022,CUST00022,1993,VND0049,0,0.0591,5.91,Low
TXN0000023,POL000023,CUST00023,6970,VND0010,0,0.1014,10.14,Low
TXN0000024,POL000024,CUST00024,1372,VND0017,0,0.0153,1.53,Low
TXN0000025,POL000025,CUST00025,1487,VND0047,0,0.0132,1.32,Low
TXN0000026,POL000026,CUST00026,6522,VND0049,0,0.109,10.9,Low
TXN0000027,POL000027,CUST00027,3941,VND0042,0,0.0358,3.58,Low
TXN0000028,POL000028,CUST00028,37323,VND0010,1,0.9773,97.73,Critical
TXN0000029,POL000029,CUST00029,3089,VND0011,0,0.0108,1.08,Low
TXN0000030,POL000030,CUST00030,4043,VND0033,0,0.0031,0.31,Low
TXN0000031,POL000031,CUST00031,1921,VND0003,0,0.0144,1.44,Low
TXN0000032,POL000032,CUST00032,3928,VND0050,0,0.0157,1.57,Low
TXN0000033,POL000033,CUST00033,4609,VND0048,0,0.046,4.6,Low
TXN0000034,POL000034,CUST00034,1904,VND0041,0,0.0102,1.02,Low
TXN0000035,POL000035,CUST00035,5724,VND0049,0,0.0466,4.66,Low
TXN0000036,POL000036,CUST00036,3278,VND0012,0,0.0776,7.76,Low
TXN0000037,POL000037,CUST00037,32455,VND0045,1,0.9655,96.55,Critical
TXN0000038,POL000038,CUST00038,796,VND0013,0,0.0172,1.72,Low
TXN0000039,POL000039,CUST00039,2404,VND0007,0,0.0135,1.35,Low
TXN0000040,POL000040,CUST00040,5104,VND0014,0,0.0386,3.86,Low
TXN0000041,POL000041,CUST00041,6285,VND0039,0,0.0708,7.08,Low
TXN0000042,POL000042,CUST00042,1707,VND0048,0,0.0058,0.58,Low
TXN0000043,POL000043,CUST00043,6865,VND0031,0,0.04,4.0,Low
TXN0000044,POL000044,CUST00044,1515,VND0013,0,0.0176,1.76,Low
TXN0000045,POL000045,CUST00045,3029,VND0031,0,0.0071,0.71,Low
TXN0000046,POL000046,CUST00046,2341,VND0026,0,0.0728,7.28,Low
TXN0000047,POL000047,CUST00047,3085,VND0026,0,0.0127,1.27,Low
TXN0000048,POL000048,CUST00048,6336,VND0018,0,0.0759,7.59,Low
TXN0000049,POL000049,CUST00049,5181,VND0007,0,0.0318,3.18,Low
TXN0000050,POL000050,CUST00050,21194,VND0019,1,0.9522,95.22,Critical
TXN0000051,POL000051,CUST00051,1927,VND0045,0,0.0066,0.66,Low
TXN0000052,POL000052,CUST00052,13934,VND0021,1,0.9422,94.22,Critical
TXN0000053,POL000053,CUST00053,3161,VND0002,0,0.0234,2.34,Low
TXN0000054,POL000054,CUST00054,4633,VND0018,0,0.0074,0.74,Low
TXN0000055,POL000055,CUST00055,4944,VND0024,0,0.1079,10.79,Low
TXN0000056,POL000056,CUST00056,4707,VND0030,0,0.0068,0.68,Low
TXN0000057,POL000057,CUST00057,4292,VND0033,0,0.0079,0.79,Low
TXN0000058,POL000058,CUST00058,3464,VND0022,0,0.0113,1.13,Low
TXN0000059,POL000059,CUST00059,34903,VND0008,1,0.8733,87.33,Critical
TXN0000060,POL000060,CUST00060,23875,VND0023,1,0.9128,91.28,Critical
TXN0000061,POL000061,CUST00061,2850,VND0001,0,0.0402,4.02,Low
TXN0000062,POL000062,CUST00062,3673,VND0026,0,0.0716,7.16,Low
TXN0000063,POL000063,CUST00063,1424,VND0023,0,0.025,2.5,Low
TXN0000064,POL000064,CUST00064,2614,VND0018,0,0.0154,1.54,Low
TXN0000065,POL000065,CUST00065,5449,VND0034,0,0.0103,1.03,Low
TXN0000066,POL000066,CUST00066,4554,VND0038,0,0.0106,1.06,Low
TXN0000067,POL000067,CUST00067,1635,VND0014,0,0.009,0.9,Low
TXN0000068,POL000068,CUST00068,3913,VND0026,0,0.0153,1.53,Low
TXN0000069,POL000069,CUST00069,14294,VND0026,1,0.9327,93.27,Critical
TXN0000070,POL000070,CUST00070,1043,VND0026,0,0.0234,2.34,Low
TXN0000071,POL000071,CUST00071,621,VND0021,0,0.0,0.0,Low
TXN0000072,POL000072,CUST00072,2870,VND0011,0,0.0161,1.61,Low
TXN0000073,POL000073,CUST00073,4664,VND0009,0,0.02,2.0,Low
TXN0000074,POL000074,CUST00074,2330,VND0002,0,0.0406,4.06,Low
TXN0000075,POL000075,CUST00075,46281,VND0003,1,0.9318,93.18,Critical
TXN0000076,POL000076,CUST00076,5958,VND0041,0,0.1769,17.69,Low
TXN0000077,POL000077,CUST00077,3821,VND0004,0,0.021,2.1,Low
TXN0000078,POL000078,CUST00078,2776,VND0043,0,0.0046,0.46,Low
TXN0000079,POL000079,CUST00079,483,VND0045,0,0.0293,2.93,Low
TXN0000080,POL000080,CUST00080,5786,VND0013,0,0.017,1.7,Low
TXN0000081,POL000081,CUST00081,6287,VND0023,0,0.0126,1.26,Low
TXN0000082,POL000082,CUST00082,3208,VND0019,0,0.0083,0.83,Low
TXN0000083,POL000083,CUST00083,3711,VND0020,0,0.013,1.3,Low
TXN0000084,POL000084,CUST00084,5323,VND0018,0,0.0019,0.19,Low
TXN0000085,POL000085,CUST00085,36265,VND0018,1,0.9442,94.42,Critical
TXN0000086,POL000086,CUST00086,40118,VND0035,1,0.9633,96.33,Critical
TXN0000087,POL000087,CUST00087,4771,VND0021,0,0.028,2.8,Low
TXN0000088,POL000088,CUST00088,6487,VND0010,0,0.0163,1.63,Low
TXN0000089,POL000089,CUST00089,5304,VND0019,0,0.0174,1.74,Low
TXN0000090,POL000090,CUST00090,3467,VND0049,0,0.0094,0.94,Low
TXN0000091,POL000091,CUST00091,3757,VND0050,0,0.0135,1.35,Low
TXN0000092,POL000092,CUST00092,1966,VND0004,0,0.0509,5.09,Low
TXN0000093,POL000093,CUST00093,4693,VND0029,0,0.0036,0.36,Low
TXN0000094,POL000094,CUST00094,1842,VND0049,0,0.013,1.3,Low
TXN0000095,POL000095,CUST00095,2524,VND0010,0,0.0175,1.75,Low
TXN0000096,POL000096,CUST00096,2002,VND0004,0,0.0119,1.19,Low
TXN0000097,POL000097,CUST00097,2480,VND0011,0,0.0019,0.19,Low
TXN0000098,POL000098,CUST00098,46583,VND0016,1,0.9641,96.41,Critical
TXN0000099,POL000099,CUST00099,41147,VND0047,1,0.9596,95.96,Critical
TXN0000100,POL000100,CUST00100,5079,VND0013,0,0.0215,2.15,Low
TXN0000101,POL000101,CUST00101,3198,VND0017,0,0.0538,5.38,Low
TXN0000102,POL000102,CUST00102,6657,VND0013,0,0.0263,2.63,Low
TXN0000103,POL000103,CUST00103,1430,VND0020,0,0.014,1.4,Low
TXN0000104,POL000104,CUST00104,4749,VND0050,0,0.0814,8.14,Low
TXN0000105,POL000105,CUST00105,1418,VND0005,0,0.0152,1.52,Low
TXN0000106,POL000106,CUST00106,3920,VND0023,0,0.006,0.6,Low
TXN0000107,POL000107,CUST00107,3537,VND0031,0,0.0789,7.89,Low
TXN0000108,POL000108,CUST00108,3250,VND0006,0,0.0169,1.69,Low
TXN0000109,POL000109,CUST00109,33509,VND0003,1,0.9668,96.68,Critical
TXN0000110,POL000110,CUST00110,5831,VND0050,0,0.0393,3.93,Low
TXN0000111,POL000111,CUST00111,2353,VND0014,0,0.0529,5.29,Low
TXN0000112,POL000112,CUST00112,5977,VND0013,0,0.0194,1.94,Low
TXN0000113,POL000113,CUST00113,1456,VND0018,0,0.0212,2.12,Low
TXN0000114,POL000114,CUST00114,2192,VND0004,0,0.0125,1.25,Low
TXN0000115,POL000115,CUST00115,2312,VND0008,0,0.0116,1.16,Low
TXN0000116,POL000116,CUST00116,6683,VND0002,0,0.0462,4.62,Low
TXN0000117,POL000117,CUST00117,1006,VND0027,0,0.0212,2.12,Low
TXN0000118,POL000118,CUST00118,2886,VND0024,0,0.0513,5.13,Low
TXN0000119,POL000119,CUST00119,3086,VND0014,0,0.0061,0.61,Low
TXN0000120,POL000120,CUST00120,5640,VND0046,0,0.1433,14.33,Low
TXN0000121,POL000121,CUST00121,3504,VND0016,0,0.0045,0.45,Low
TXN0000122,POL000122,CUST00122,6774,VND0001,0,0.0567,5.67,Low
TXN0000123,POL000123,CUST00123,41699,VND0005,1,0.949,94.9,Critical
TXN0000124,POL000124,CUST00124,4984,VND0037,0,0.056,5.6,Low
TXN0000125,POL000125,CUST00125,13826,VND0027,1,0.8247,82.47,Critical
TXN0000126,POL000126,CUST00126,1298,VND0014,0,0.0,0.0,Low
TXN0000127,POL000127,CUST00127,3253,VND0013,0,0.0531,5.31,Low
TXN0000128,POL000128,CUST00128,45077,VND0011,1,0.9323,93.23,Critical
TXN0000129,POL000129,CUST00129,21420,VND0022,1,0.9611,96.11,Critical
TXN0000130,POL000130,CUST00130,1007,VND0036,0,0.0089,0.89,Low
TXN0000131,POL000131,CUST00131,1123,VND0032,0,0.0164,1.64,Low
TXN0000132,POL000132,CUST00132,5566,VND0038,0,0.0127,1.27,Low
TXN0000133,POL000133,CUST00133,4666,VND0003,0,0.0108,1.08,Low
TXN0000134,POL000134,CUST00134,2112,VND0028,0,0.0208,2.08,Low
TXN0000135,POL000135,CUST00135,5213,VND0039,0,0.0098,0.98,Low
TXN0000136,POL000136,CUST00136,15641,VND0011,1,0.7253,72.53,High
TXN0000137,POL000137,CUST00137,5752,VND0030,0,0.0182,1.82,Low
TXN0000138,POL000138,CUST00138,6388,VND0001,0,0.1149,11.49,Low
TXN0000139,POL000139,CUST00139,6199,VND0046,0,0.0345,3.45,Low
TXN0000140,POL000140,CUST00140,26835,VND0037,1,0.9676,96.76,Critical
TXN0000141,POL000141,CUST00141,5430,VND0032,0,0.0166,1.66,Low
TXN0000142,POL000142,CUST00142,2871,VND0030,0,0.0218,2.18,Low
TXN0000143,POL000143,CUST00143,2941,VND0034,0,0.0112,1.12,Low
TXN0000144,POL000144,CUST00144,4600,VND0022,0,0.0201,2.01,Low
TXN0000145,POL000145,CUST00145,4294,VND0049,0,0.085,8.5,Low
TXN0000146,POL000146,CUST00146,3053,VND0011,0,0.0368,3.68,Low
TXN0000147,POL000147,CUST00147,6996,VND0041,0,0.1001,10.01,Low
TXN0000148,POL000148,CUST00148,1388,VND0039,0,0.0186,1.86,Low
TXN0000149,POL000149,CUST00149,859,VND0042,0,0.007,0.7,Low
TXN0000150,POL000150,CUST00150,44501,VND0004,1,0.9696,96.96,Critical
TXN0000151,POL000151,CUST00151,5736,VND0023,0,0.0407,4.07,Low
TXN0000152,POL000152,CUST00152,2964,VND0033,0,0.0169,1.69,Low
TXN0000153,POL000153,CUST00153,35627,VND0031,1,0.9486,94.86,Critical
TXN0000154,POL000154,CUST00154,4614,VND0035,0,0.0133,1.33,Low
TXN0000155,POL000155,CUST00155,8298,VND0032,1,0.8701,87.01,Critical
TXN0000156,POL000156,CUST00156,4103,VND0012,0,0.0675,6.75,Low
TXN0000157,POL000157,CUST00157,597,VND0042,0,0.0185,1.85,Low
TXN0000158,POL000158,CUST00158,1262,VND0025,0,0.0107,1.07,Low
TXN0000159,POL000159,CUST00159,6537,VND0049,0,0.1377,13.77,Low
TXN0000160,POL000160,CUST00160,3264,VND0027,0,0.104,10.4,Low
TXN0000161,POL000161,CUST00161,18026,VND0027,1,0.9716,97.16,Critical
TXN0000162,POL000162,CUST00162,2712,VND0030,0,0.0155,1.55,Low
TXN0000163,POL000163,CUST00163,2476,VND0044,0,0.0099,0.99,Low
TXN0000164,POL000164,CUST00164,12784,VND0046,1,0.8876,88.76,Critical
TXN0000165,POL000165,CUST00165,2196,VND0030,0,0.0199,1.99,Low
TXN0000166,POL000166,CUST00166,5159,VND0028,0,0.0182,1.82,Low
TXN0000167,POL000167,CUST00167,926,VND0003,0,0.0139,1.39,Low
TXN0000168,POL000168,CUST00168,2305,VND0004,0,0.0057,0.57,Low
TXN0000169,POL000169,CUST00169,3382,VND0037,0,0.0202,2.02,Low
TXN0000170,POL000170,CUST00170,3872,VND0018,0,0.0051,0.51,Low
TXN0000171,POL000171,CUST00171,6187,VND0022,0,0.0669,6.69,Low
TXN0000172,POL000172,CUST00172,6477,VND0032,0,0.0691,6.91,Low
TXN0000173,POL000173,CUST00173,2222,VND0012,0,0.0213,2.13,Low
TXN0000174,POL000174,CUST00174,3867,VND0017,0,0.0078,0.78,Low
TXN0000175,POL000175,CUST00175,352,VND0003,0,0.0,0.0,Low
TXN0000176,POL000176,CUST00176,27051,VND0039,1,0.9696,96.96,Critical
TXN0000177,POL000177,CUST00177,1239,VND0026,0,0.0098,0.98,Low
TXN0000178,POL000178,CUST00178,698,VND0010,0,0.0106,1.06,Low
TXN0000179,POL000179,CUST00179,4767,VND0030,0,0.0245,2.45,Low
TXN0000180,POL000180,CUST00180,1411,VND0008,0,0.0018,0.18,Low
TXN0000181,POL000181,CUST00181,3446,VND0040,0,0.0218,2.18,Low
TXN0000182,POL000182,CUST00182,886,VND0012,0,0.0088,0.88,Low
TXN0000183,POL000183,CUST00183,5270,VND0014,0,0.0931,9.31,Low
TXN0000184,POL000184,CUST00184,5400,VND0044,0,0.019,1.9,Low
TXN0000185,POL000185,CUST00185,4108,VND0038,0,0.0628,6.28,Low
TXN0000186,POL000186,CUST00186,5884,VND0035,0,0.024,2.4,Low
TXN0000187,POL000187,CUST00187,3170,VND0031,0,0.0099,0.99,Low
TXN0000188,POL000188,CUST00188,48512,VND0027,1,0.9702,97.02,Critical
TXN0000189,POL000189,CUST00189,1229,VND0010,0,0.0,0.0,Low
TXN0000190,POL000190,CUST00190,1691,VND0016,0,0.0099,0.99,Low
TXN0000191,POL000191,CUST00191,1562,VND0049,0,0.0332,3.32,Low
TXN0000192,POL000192,CUST00192,2397,VND0046,0,0.0114,1.14,Low
TXN0000193,POL000193,CUST00193,19130,VND0037,1,0.92,92.0,Critical
TXN0000194,POL000194,CUST00194,4219,VND0045,0,0.0949,9.49,Low
TXN0000195,POL000195,CUST00195,1208,VND0041,0,0.019,1.9,Low
TXN0000196,POL000196,CUST00196,4428,VND0020,0,0.0039,0.39,Low
TXN0000197,POL000197,CUST00197,2471,VND0036,0,0.0144,1.44,Low
TXN0000198,POL000198,CUST00198,4869,VND0038,0,0.0761,7.61,Low
TXN0000199,POL000199,CUST00199,3687,VND0007,0,0.0127,1.27,Low
TXN0000200,POL000200,CUST00200,6355,VND0046,0,0.095,9.5,Low
TXN0000201,POL000201,CUST00201,3191,VND0025,0,0.024,2.4,Low
TXN0000202,POL000202,CUST00202,2206,VND0016,0,0.026,2.6,Low
TXN0000203,POL000203,CUST00203,4206,VND0024,0,0.0274,2.74,Low
TXN0000204,POL000204,CUST00204,16207,VND0017,1,0.9594,95.94,Critical
TXN0000205,POL000205,CUST00205,10276,VND0017,1,0.8672,86.72,Critical
TXN0000206,POL000206,CUST00206,4006,VND0028,0,0.0072,0.72,Low
TXN0000207,POL000207,CUST00207,37658,VND0050,1,0.9179,91.79,Critical
TXN0000208,POL000208,CUST00208,2279,VND0021,0,0.016,1.6,Low
TXN0000209,POL000209,CUST00209,20204,VND0011,1,0.9714,97.14,Critical
TXN0000210,POL000210,CUST00210,6370,VND0039,0,0.0284,2.84,Low
TXN0000211,POL000211,CUST00211,4792,VND0015,0,0.0345,3.45,Low
TXN0000212,POL000212,CUST00212,849,VND0027,0,0.0259,2.59,Low
TXN0000213,POL000213,CUST00213,6742,VND0013,0,0.1012,10.12,Low
TXN0000214,POL000214,CUST00214,5041,VND0011,0,0.0184,1.84,Low
TXN0000215,POL000215,CUST00215,541,VND0013,0,0.0084,0.84,Low
TXN0000216,POL000216,CUST00216,5149,VND0018,0,0.0305,3.05,Low
TXN0000217,POL000217,CUST00217,26437,VND0048,1,0.9447,94.47,Critical
TXN0000218,POL000218,CUST00218,15841,VND0034,1,0.9652,96.52,Critical
TXN0000219,POL000219,CUST00219,3527,VND0035,0,0.0092,0.92,Low
TXN0000220,POL000220,CUST00220,3726,VND0003,0,0.0391,3.91,Low
TXN0000221,POL000221,CUST00221,2340,VND0001,0,0.0435,4.35,Low
TXN0000222,POL000222,CUST00222,2387,VND0018,0,0.0111,1.11,Low
TXN0000223,POL000223,CUST00223,4401,VND0045,0,0.0145,1.45,Low
TXN0000224,POL000224,CUST00224,5828,VND0001,0,0.0249,2.49,Low
TXN0000225,POL000225,CUST00225,6256,VND0039,0,0.0087,0.87,Low
TXN0000226,POL000226,CUST00226,5441,VND0042,0,0.104,10.4,Low
TXN0000227,POL000227,CUST00227,33005,VND0014,1,0.9599,95.99,Critical
TXN0000228,POL000228,CUST00228,3602,VND0006,0,0.0061,0.61,Low
TXN0000229,POL000229,CUST00229,2509,VND0008,0,0.0119,1.19,Low
TXN0000230,POL000230,CUST00230,26954,VND0004,1,0.9199,91.99,Critical
TXN0000231,POL000231,CUST00231,27961,VND0043,1,0.9081,90.81,Critical
TXN0000232,POL000232,CUST00232,2021,VND0040,0,0.0086,0.86,Low
TXN0000233,POL000233,CUST00233,6101,VND0034,0,0.0165,1.65,Low
TXN0000234,POL000234,CUST00234,4208,VND0005,0,0.0089,0.89,Low
TXN0000235,POL000235,CUST00235,2608,VND0048,0,0.02,2.0,Low
TXN0000236,POL000236,CUST00236,6083,VND0035,0,0.1037,10.37,Low
TXN0000237,POL000237,CUST00237,6746,VND0042,0,0.0423,4.23,Low
TXN0000238,POL000238,CUST00238,2362,VND0019,0,0.0357,3.57,Low
TXN0000239,POL000239,CUST00239,49899,VND0010,1,0.952,95.2,Critical
TXN0000240,POL000240,CUST00240,19459,VND0042,1,0.9593,95.93,Critical
TXN0000241,POL000241,CUST00241,4971,VND0003,0,0.0289,2.89,Low
TXN0000242,POL000242,CUST00242,6667,VND0010,0,0.0918,9.18,Low
TXN0000243,POL000243,CUST00243,3929,VND0008,0,0.0145,1.45,Low
TXN0000244,POL000244,CUST00244,5627,VND0005,0,0.109,10.9,Low
TXN0000245,POL000245,CUST00245,4250,VND0028,0,0.0223,2.23,Low
TXN0000246,POL000246,CUST00246,6231,VND0012,0,0.0857,8.57,Low
TXN0000247,POL000247,CUST00247,2951,VND0049,0,0.007,0.7,Low
TXN0000248,POL000248,CUST00248,2819,VND0047,0,0.024,2.4,Low
TXN0000249,POL000249,CUST00249,3072,VND0009,0,0.0122,1.22,Low
TXN0000250,POL000250,CUST00250,6976,VND0042,0,0.1126,11.26,Low
TXN0000251,POL000251,CUST00251,4357,VND0002,0,0.0112,1.12,Low
TXN0000252,POL000252,CUST00252,1237,VND0015,0,0.0229,2.29,Low
TXN0000253,POL000253,CUST00253,478,VND0033,0,0.0286,2.86,Low
TXN0000254,POL000254,CUST00254,3727,VND0011,0,0.0047,0.47,Low
TXN0000255,POL000255,CUST00255,5678,VND0004,0,0.0833,8.33,Low
TXN0000256,POL000256,CUST00256,3459,VND0008,0,0.0044,0.44,Low
TXN0000257,POL000257,CUST00257,4009,VND0033,0,0.0143,1.43,Low
TXN0000258,POL000258,CUST00258,36933,VND0012,1,0.9302,93.02,Critical
TXN0000259,POL000259,CUST00259,38788,VND0013,1,0.9702,97.02,Critical
TXN0000260,POL000260,CUST00260,6378,VND0011,0,0.1711,17.11,Low
TXN0000261,POL000261,CUST00261,13228,VND0045,1,0.8877,88.77,Critical
TXN0000262,POL000262,CUST00262,5171,VND0045,0,0.0514,5.14,Low
TXN0000263,POL000263,CUST00263,5513,VND0041,0,0.0279,2.79,Low
TXN0000264,POL000264,CUST00264,45846,VND0001,1,0.9589,95.89,Critical
TXN0000265,POL000265,CUST00265,540,VND0013,0,0.0231,2.31,Low
TXN0000266,POL000266,CUST00266,3106,VND0045,0,0.0512,5.12,Low
TXN0000267,POL000267,CUST00267,1162,VND0028,0,0.0207,2.07,Low
TXN0000268,POL000268,CUST00268,3670,VND0003,0,0.0171,1.71,Low
TXN0000269,POL000269,CUST00269,19515,VND0013,1,0.7754,77.54,High
TXN0000270,POL000270,CUST00270,38297,VND0042,1,0.9848,98.48,Critical
TXN0000271,POL000271,CUST00271,29252,VND0044,1,0.9397,93.97,Critical
TXN0000272,POL000272,CUST00272,338,VND0022,0,0.0024,0.24,Low
TXN0000273,POL000273,CUST00273,31989,VND0008,1,0.9616,96.16,Critical
TXN0000274,POL000274,CUST00274,3620,VND0004,0,0.0061,0.61,Low
TXN0000275,POL000275,CUST00275,735,VND0012,0,0.0067,0.67,Low
TXN0000276,POL000276,CUST00276,6020,VND0040,0,0.0108,1.08,Low
TXN0000277,POL000277,CUST00277,5359,VND0042,0,0.0836,8.36,Low
TXN0000278,POL000278,CUST00278,5023,VND0013,0,0.0048,0.48,Low
TXN0000279,POL000279,CUST00279,1370,VND0049,0,0.011,1.1,Low
TXN0000280,POL000280,CUST00280,5610,VND0044,0,0.0144,1.44,Low
TXN0000281,POL000281,CUST00281,8676,VND0050,1,0.726,72.6,High
TXN0000282,POL000282,CUST00282,2855,VND0038,0,0.0,0.0,Low
TXN0000283,POL000283,CUST00283,202,VND0029,0,0.0439,4.39,Low
TXN0000284,POL000284,CUST00284,3797,VND0050,0,0.0196,1.96,Low
TXN0000285,POL000285,CUST00285,5612,VND0035,0,0.0949,9.49,Low
TXN0000286,POL000286,CUST00286,427,VND0042,0,0.0144,1.44,Low
TXN0000287,POL000287,CUST00287,10960,VND0021,1,0.8309,83.09,Critical
TXN0000288,POL000288,CUST00288,2804,VND0013,0,0.0119,1.19,Low
TXN0000289,POL000289,CUST00289,3678,VND0029,0,0.0137,1.37,Low
TXN0000290,POL000290,CUST00290,42734,VND0021,1,0.9669,96.69,Critical
TXN0000291,POL000291,CUST00291,3098,VND0018,0,0.0323,3.23,Low
TXN0000292,POL000292,CUST00292,34858,VND0035,1,0.9491,94.91,Critical
TXN0000293,POL000293,CUST00293,607,VND0031,0,0.0171,1.71,Low
TXN0000294,POL000294,CUST00294,38873,VND0016,1,0.9576,95.76,Critical
TXN0000295,POL000295,CUST00295,871,VND0013,0,0.0191,1.91,Low
TXN0000296,POL000296,CUST00296,4894,VND0028,0,0.0214,2.14,Low
TXN0000297,POL000297,CUST00297,5544,VND0017,0,0.0024,0.24,Low
TXN0000298,POL000298,CUST00298,3158,VND0012,0,0.0238,2.38,Low
TXN0000299,POL000299,CUST00299,726,VND0012,0,0.0165,1.65,Low
TXN0000300,POL000300,CUST00300,3026,VND0034,0,0.0517,5.17,Low
TXN0000301,POL000301,CUST00301,6902,VND0021,0,0.1197,11.97,Low
TXN0000302,POL000302,CUST00302,8034,VND0018,1,0.816,81.6,Critical
TXN0000303,POL000303,CUST00303,3539,VND0006,0,0.0347,3.47,Low
TXN0000304,POL000304,CUST00304,3857,VND0003,0,0.0904,9.04,Low
TXN0000305,POL000305,CUST00305,2443,VND0035,0,0.029,2.9,Low
TXN0000306,POL000306,CUST00306,3178,VND0049,0,0.0153,1.53,Low
TXN0000307,POL000307,CUST00307,3407,VND0017,0,0.0111,1.11,Low
TXN0000308,POL000308,CUST00308,3423,VND0043,0,0.0064,0.64,Low
TXN0000309,POL000309,CUST00309,5080,VND0031,0,0.0151,1.51,Low
TXN0000310,POL000310,CUST00310,15817,VND0016,1,0.9459,94.59,Critical
TXN0000311,POL000311,CUST00311,563,VND0029,0,0.0146,1.46,Low
TXN0000312,POL000312,CUST00312,243,VND0007,0,0.0133,1.33,Low
TXN0000313,POL000313,CUST00313,2992,VND0017,0,0.0107,1.07,Low
TXN0000314,POL000314,CUST00314,6372,VND0037,0,0.1715,17.15,Low
TXN0000315,POL000315,CUST00315,450,VND0043,0,0.0131,1.31,Low
TXN0000316,POL000316,CUST00316,683,VND0012,0,0.0247,2.47,Low
TXN0000317,POL000317,CUST00317,4818,VND0046,0,0.0229,2.29,Low
TXN0000318,POL000318,CUST00318,3266,VND0031,0,0.0299,2.99,Low
TXN0000319,POL000319,CUST00319,1768,VND0012,0,0.0339,3.39,Low
TXN0000320,POL000320,CUST00320,1610,VND0039,0,0.0373,3.73,Low
TXN0000321,POL000321,CUST00321,4722,VND0045,0,0.0156,1.56,Low
TXN0000322,POL000322,CUST00322,3761,VND0014,0,0.0132,1.32,Low
TXN0000323,POL000323,CUST00323,4539,VND0006,0,0.0123,1.23,Low
TXN0000324,POL000324,CUST00324,2105,VND0015,0,0.0092,0.92,Low
TXN0000325,POL000325,CUST00325,3779,VND0038,0,0.0328,3.28,Low
TXN0000326,POL000326,CUST00326,6048,VND0004,0,0.0306,3.06,Low
TXN0000327,POL000327,CUST00327,2352,VND0015,0,0.0233,2.33,Low
TXN0000328,POL000328,CUST00328,2895,VND0016,0,0.0136,1.36,Low
TXN0000329,POL000329,CUST00329,1313,VND0001,0,0.0348,3.48,Low
TXN0000330,POL000330,CUST00330,4543,VND0030,0,0.0062,0.62,Low
TXN0000331,POL000331,CUST00331,421,VND0041,0,0.0074,0.74,Low
TXN0000332,POL000332,CUST00332,1892,VND0008,0,0.0051,0.51,Low
TXN0000333,POL000333,CUST00333,5048,VND0045,0,0.0163,1.63,Low
TXN0000334,POL000334,CUST00334,331,VND0048,0,0.0096,0.96,Low
TXN0000335,POL000335,CUST00335,10797,VND0044,1,0.8454,84.54,Critical
TXN0000336,POL000336,CUST00336,2948,VND0037,0,0.018,1.8,Low
TXN0000337,POL000337,CUST00337,30711,VND0023,1,0.9467,94.67,Critical
TXN0000338,POL000338,CUST00338,3848,VND0011,0,0.0263,2.63,Low
TXN0000339,POL000339,CUST00339,41695,VND0046,1,0.9603,96.03,Critical
TXN0000340,POL000340,CUST00340,3324,VND0027,0,0.0167,1.67,Low
TXN0000341,POL000341,CUST00341,20486,VND0023,1,0.8565,85.65,Critical
TXN0000342,POL000342,CUST00342,6741,VND0020,0,0.0815,8.15,Low
TXN0000343,POL000343,CUST00343,1562,VND0011,0,0.0072,0.72,Low
TXN0000344,POL000344,CUST00344,5006,VND0020,0,0.0594,5.94,Low
TXN0000345,POL000345,CUST00345,2246,VND0040,0,0.0057,0.57,Low
TXN0000346,POL000346,CUST00346,6970,VND0028,0,0.0465,4.65,Low
TXN0000347,POL000347,CUST00347,1922,VND0020,0,0.0273,2.73,Low
TXN0000348,POL000348,CUST00348,2206,VND0006,0,0.0408,4.08,Low
TXN0000349,POL000349,CUST00349,5056,VND0021,0,0.0221,2.21,Low
TXN0000350,POL000350,CUST00350,36476,VND0011,1,0.9505,95.05,Critical
TXN0000351,POL000351,CUST00351,1074,VND0020,0,0.0368,3.68,Low
TXN0000352,POL000352,CUST00352,3977,VND0008,0,0.021,2.1,Low
TXN0000353,POL000353,CUST00353,2550,VND0048,0,0.0,0.0,Low
TXN0000354,POL000354,CUST00354,4359,VND0009,0,0.011,1.1,Low
TXN0000355,POL000355,CUST00355,3985,VND0007,0,0.0086,0.86,Low
TXN0000356,POL000356,CUST00356,6903,VND0033,0,0.0593,5.93,Low
TXN0000357,POL000357,CUST00357,6548,VND0018,0,0.0316,3.16,Low
TXN0000358,POL000358,CUST00358,4647,VND0050,0,0.0423,4.23,Low
TXN0000359,POL000359,CUST00359,4820,VND0021,0,0.0119,1.19,Low
TXN0000360,POL000360,CUST00360,6311,VND0033,0,0.0271,2.71,Low
TXN0000361,POL000361,CUST00361,1447,VND0042,0,0.0353,3.53,Low
TXN0000362,POL000362,CUST00362,47354,VND0050,1,0.9765,97.65,Critical
TXN0000363,POL000363,CUST00363,39905,VND0041,1,0.9794,97.94,Critical
TXN0000364,POL000364,CUST00364,18807,VND0029,1,0.7928,79.28,High
TXN0000365,POL000365,CUST00365,6192,VND0041,0,0.0272,2.72,Low
TXN0000366,POL000366,CUST00366,4956,VND0015,0,0.0175,1.75,Low
TXN0000367,POL000367,CUST00367,2560,VND0044,0,0.0145,1.45,Low
TXN0000368,POL000368,CUST00368,3493,VND0044,0,0.0418,4.18,Low
TXN0000369,POL000369,CUST00369,3529,VND0020,0,0.0275,2.75,Low
TXN0000370,POL000370,CUST00370,6447,VND0004,0,0.0134,1.34,Low
TXN0000371,POL000371,CUST00371,6790,VND0035,0,0.0452,4.52,Low
TXN0000372,POL000372,CUST00372,5686,VND0006,0,0.0928,9.28,Low
TXN0000373,POL000373,CUST00373,4635,VND0001,0,0.0848,8.48,Low
TXN0000374,POL000374,CUST00374,908,VND0048,0,0.0095,0.95,Low
TXN0000375,POL000375,CUST00375,6420,VND0029,0,0.0708,7.08,Low
TXN0000376,POL000376,CUST00376,44291,VND0033,1,0.9816,98.16,Critical
TXN0000377,POL000377,CUST00377,1334,VND0045,0,0.011,1.1,Low
TXN0000378,POL000378,CUST00378,673,VND0047,0,0.0043,0.43,Low
TXN0000379,POL000379,CUST00379,6644,VND0048,0,0.0992,9.92,Low
TXN0000380,POL000380,CUST00380,3554,VND0007,0,0.0104,1.04,Low
TXN0000381,POL000381,CUST00381,1804,VND0017,0,0.0258,2.58,Low
TXN0000382,POL000382,CUST00382,749,VND0039,0,0.0115,1.15,Low
TXN0000383,POL000383,CUST00383,3001,VND0002,0,0.01,1.0,Low
TXN0000384,POL000384,CUST00384,5121,VND0012,0,0.0267,2.67,Low
TXN0000385,POL000385,CUST00385,6963,VND0026,0,0.1185,11.85,Low
TXN0000386,POL000386,CUST00386,3956,VND0018,0,0.0047,0.47,Low
TXN0000387,POL000387,CUST00387,4328,VND0009,0,0.0174,1.74,Low
TXN0000388,POL000388,CUST00388,5884,VND0045,0,0.1154,11.54,Low
TXN0000389,POL000389,CUST00389,17082,VND0023,1,0.973,97.3,Critical
TXN0000390,POL000390,CUST00390,2102,VND0021,0,0.0156,1.56,Low
TXN0000391,POL000391,CUST00391,6944,VND0033,0,0.1427,14.27,Low
TXN0000392,POL000392,CUST00392,24298,VND0034,1,0.9203,92.03,Critical
TXN0000393,POL000393,CUST00393,6524,VND0025,0,0.1779,17.79,Low
TXN0000394,POL000394,CUST00394,998,VND0045,0,0.0106,1.06,Low
TXN0000395,POL000395,CUST00395,32312,VND0015,1,0.9647,96.47,Critical
TXN0000396,POL000396,CUST00396,6215,VND0044,0,0.0189,1.89,Low
TXN0000397,POL000397,CUST00397,4773,VND0044,0,0.0207,2.07,Low
TXN0000398,POL000398,CUST00398,1390,VND0001,0,0.0,0.0,Low
TXN0000399,POL000399,CUST00399,6285,VND0038,0,0.1827,18.27,Low
TXN0000400,POL000400,CUST00400,896,VND0008,0,0.0146,1.46,Low
TXN0000401,POL000401,CUST00401,4839,VND0025,0,0.0305,3.05,Low
TXN0000402,POL000402,CUST00402,1594,VND0046,0,0.0176,1.76,Low
TXN0000403,POL000403,CUST00403,680,VND0010,0,0.0042,0.42,Low
TXN0000404,POL000404,CUST00404,46755,VND0029,1,0.9512,95.12,Critical
TXN0000405,POL000405,CUST00405,5962,VND0039,0,0.0635,6.35,Low
TXN0000406,POL000406,CUST00406,919,VND0025,0,0.0258,2.58,Low
TXN0000407,POL000407,CUST00407,833,VND0004,0,0.0093,0.93,Low
TXN0000408,POL000408,CUST00408,4378,VND0004,0,0.0622,6.22,Low
TXN0000409,POL000409,CUST00409,30050,VND0026,1,0.959,95.9,Critical
TXN0000410,POL000410,CUST00410,5274,VND0002,0,0.0582,5.82,Low
TXN0000411,POL000411,CUST00411,6426,VND0001,0,0.1315,13.15,Low
TXN0000412,POL000412,CUST00412,5307,VND0048,0,0.0139,1.39,Low
TXN0000413,POL000413,CUST00413,11597,VND0027,1,0.9341,93.41,Critical
TXN0000414,POL000414,CUST00414,1492,VND0024,0,0.0,0.0,Low
TXN0000415,POL000415,CUST00415,17806,VND0006,1,0.8871,88.71,Critical
TXN0000416,POL000416,CUST00416,619,VND0040,0,0.0333,3.33,Low
TXN0000417,POL000417,CUST00417,16883,VND0026,1,0.9534,95.34,Critical
TXN0000418,POL000418,CUST00418,3251,VND0012,0,0.0377,3.77,Low
TXN0000419,POL000419,CUST00419,5263,VND0038,0,0.0051,0.51,Low
TXN0000420,POL000420,CUST00420,1576,VND0012,0,0.0084,0.84,Low
TXN0000421,POL000421,CUST00421,5383,VND0026,0,0.0194,1.94,Low
TXN0000422,POL000422,CUST00422,22771,VND0029,1,0.9613,96.13,Critical
TXN0000423,POL000423,CUST00423,15317,VND0014,1,0.863,86.3,Critical
TXN0000424,POL000424,CUST00424,37453,VND0044,1,0.9613,96.13,Critical
TXN0000425,POL000425,CUST00425,648,VND0036,0,0.0121,1.21,Low
TXN0000426,POL000426,CUST00426,3255,VND0015,0,0.0064,0.64,Low
TXN0000427,POL000427,CUST00427,1972,VND0008,0,0.0307,3.07,Low
TXN0000428,POL000428,CUST00428,971,VND0017,0,0.004,0.4,Low
TXN0000429,POL000429,CUST00429,36290,VND0024,1,0.9564,95.64,Critical
TXN0000430,POL000430,CUST00430,4059,VND0028,0,0.0151,1.51,Low
TXN0000431,POL000431,CUST00431,784,VND0021,0,0.0096,0.96,Low
TXN0000432,POL000432,CUST00432,1461,VND0003,0,0.0275,2.75,Low
TXN0000433,POL000433,CUST00433,761,VND0034,0,0.008,0.8,Low
TXN0000434,POL000434,CUST00434,4817,VND0019,0,0.0841,8.41,Low
TXN0000435,POL000435,CUST00435,33657,VND0017,1,0.974,97.4,Critical
TXN0000436,POL000436,CUST00436,683,VND0028,0,0.0159,1.59,Low
TXN0000437,POL000437,CUST00437,42352,VND0042,1,0.9166,91.66,Critical
TXN0000438,POL000438,CUST00438,6836,VND0001,0,0.072,7.2,Low
TXN0000439,POL000439,CUST00439,1939,VND0049,0,0.0096,0.96,Low
TXN0000440,POL000440,CUST00440,4854,VND0032,0,0.0211,2.11,Low
TXN0000441,POL000441,CUST00441,3385,VND0028,0,0.0033,0.33,Low
TXN0000442,POL000442,CUST00442,1435,VND0003,0,0.014,1.4,Low
TXN0000443,POL000443,CUST00443,2290,VND0036,0,0.0086,0.86,Low
TXN0000444,POL000444,CUST00444,295,VND0036,0,0.0085,0.85,Low
TXN0000445,POL000445,CUST00445,5279,VND0029,0,0.0179,1.79,Low
TXN0000446,POL000446,CUST00446,2474,VND0041,0,0.0062,0.62,Low
TXN0000447,POL000447,CUST00447,3594,VND0042,0,0.015,1.5,Low
TXN0000448,POL000448,CUST00448,1239,VND0042,0,0.0026,0.26,Low
TXN0000449,POL000449,CUST00449,15899,VND0017,1,0.9423,94.23,Critical
TXN0000450,POL000450,CUST00450,1685,VND0034,0,0.0188,1.88,Low
TXN0000451,POL000451,CUST00451,41108,VND0003,1,0.9713,97.13,Critical
TXN0000452,POL000452,CUST00452,6134,VND0029,0,0.0824,8.24,Low
TXN0000453,POL000453,CUST00453,5049,VND0008,0,0.0067,0.67,Low
TXN0000454,POL000454,CUST00454,4301,VND0016,0,0.0209,2.09,Low
TXN0000455,POL000455,CUST00455,27566,VND0034,1,0.9442,94.42,Critical
TXN0000456,POL000456,CUST00456,1399,VND0022,0,0.0203,2.03,Low
TXN0000457,POL000457,CUST00457,6752,VND0044,0,0.0259,2.59,Low
TXN0000458,POL000458,CUST00458,3985,VND0005,0,0.0832,8.32,Low
TXN0000459,POL000459,CUST00459,2987,VND0049,0,0.0316,3.16,Low
TXN0000460,POL000460,CUST00460,1939,VND0036,0,0.014,1.4,Low
TXN0000461,POL000461,CUST00461,5265,VND0022,0,0.1597,15.97,Low
TXN0000462,POL000462,CUST00462,26452,VND0002,1,0.9532,95.32,Critical
TXN0000463,POL000463,CUST00463,4892,VND0003,0,0.0033,0.33,Low
TXN0000464,POL000464,CUST00464,422,VND0021,0,0.0244,2.44,Low
TXN0000465,POL000465,CUST00465,3389,VND0029,0,0.0039,0.39,Low
TXN0000466,POL000466,CUST00466,5179,VND0026,0,0.0582,5.82,Low
TXN0000467,POL000467,CUST00467,2902,VND0015,0,0.0088,0.88,Low
TXN0000468,POL000468,CUST00468,5456,VND0033,0,0.0246,2.46,Low
TXN0000469,POL000469,CUST00469,29600,VND0031,1,0.9618,96.18,Critical
TXN0000470,POL000470,CUST00470,656,VND0018,0,0.011,1.1,Low
TXN0000471,POL000471,CUST00471,3994,VND0017,0,0.0011,0.11,Low
TXN0000472,POL000472,CUST00472,1368,VND0023,0,0.0336,3.36,Low
TXN0000473,POL000473,CUST00473,26838,VND0038,1,0.9566,95.66,Critical
TXN0000474,POL000474,CUST00474,48072,VND0030,1,0.9528,95.28,Critical
TXN0000475,POL000475,CUST00475,5686,VND0007,0,0.0328,3.28,Low
TXN0000476,POL000476,CUST00476,6103,VND0047,0,0.0771,7.71,Low
TXN0000477,POL000477,CUST00477,3337,VND0011,0,0.0327,3.27,Low
TXN0000478,POL000478,CUST00478,3851,VND0034,0,0.0107,1.07,Low
TXN0000479,POL000479,CUST00479,4457,VND0001,0,0.0193,1.93,Low
TXN0000480,POL000480,CUST00480,4656,VND0013,0,0.0218,2.18,Low
TXN0000481,POL000481,CUST00481,4520,VND0029,0,0.009,0.9,Low
TXN0000482,POL000482,CUST00482,5524,VND0043,0,0.075,7.5,Low
TXN0000483,POL000483,CUST00483,6877,VND0029,0,0.0278,2.78,Low
TXN0000484,POL000484,CUST00484,5831,VND0003,0,0.1246,12.46,Low
TXN0000485,POL000485,CUST00485,37956,VND0048,1,0.9662,96.62,Critical
TXN0000486,POL000486,CUST00486,3438,VND0014,0,0.0043,0.43,Low
TXN0000487,POL000487,CUST00487,3336,VND0019,0,0.0131,1.31,Low
TXN0000488,POL000488,CUST00488,3659,VND0006,0,0.0154,1.54,Low
TXN0000489,POL000489,CUST00489,3793,VND0035,0,0.0163,1.63,Low
TXN0000490,POL000490,CUST00490,5082,VND0023,0,0.0109,1.09,Low
TXN0000491,POL000491,CUST00491,3062,VND0011,0,0.0351,3.51,Low
TXN0000492,POL000492,CUST00492,1990,VND0032,0,0.0125,1.25,Low
TXN0000493,POL000493,CUST00493,3311,VND0010,0,0.0103,1.03,Low
TXN0000494,POL000494,CUST00494,6010,VND0027,0,0.1034,10.34,Low
TXN0000495,POL000495,CUST00495,2317,VND0034,0,0.0334,3.34,Low
TXN0000496,POL000496,CUST00496,341,VND0041,0,0.0137,1.37,Low
TXN0000497,POL000497,CUST00497,6838,VND0035,0,0.0742,7.42,Low
TXN0000498,POL000498,CUST00498,1531,VND0029,0,0.0167,1.67,Low
TXN0000499,POL000499,CUST00499,4299,VND0002,0,0.0286,2.86,Low
TXN0000500,POL000500,CUST00500,5641,VND0012,0,0.0895,8.95,Low
TXN0000501,POL000501,CUST00501,2066,VND0029,0,0.0043,0.43,Low
TXN0000502,POL000502,CUST00502,2513,VND0027,0,0.0195,1.95,Low
TXN0000503,POL000503,CUST00503,2107,VND0027,0,0.0219,2.19,Low
TXN0000504,POL000504,CUST00504,1218,VND0037,0,0.0194,1.94,Low
TXN0000505,POL000505,CUST00505,1240,VND0046,0,0.0309,3.09,Low
TXN0000506,POL000506,CUST00506,1469,VND0026,0,0.014,1.4,Low
TXN0000507,POL000507,CUST00507,3314,VND0007,0,0.0113,1.13,Low
TXN0000508,POL000508,CUST00508,3809,VND0023,0,0.0051,0.51,Low
TXN0000509,POL000509,CUST00509,308,VND0013,0,0.0079,0.79,Low
TXN0000510,POL000510,CUST00510,9567,VND0027,1,0.797,79.7,High
TXN0000511,POL000511,CUST00511,19589,VND0030,1,0.9687,96.87,Critical
TXN0000512,POL000512,CUST00512,680,VND0028,0,0.0227,2.27,Low
TXN0000513,POL000513,CUST00513,11689,VND0030,1,0.9305,93.05,Critical
TXN0000514,POL000514,CUST00514,407,VND0016,0,0.0175,1.75,Low
TXN0000515,POL000515,CUST00515,4011,VND0009,0,0.0078,0.78,Low
TXN0000516,POL000516,CUST00516,3363,VND0043,0,0.031,3.1,Low
TXN0000517,POL000517,CUST00517,3614,VND0021,0,0.0161,1.61,Low
TXN0000518,POL000518,CUST00518,6702,VND0011,0,0.1102,11.02,Low
TXN0000519,POL000519,CUST00519,16186,VND0050,1,0.917,91.7,Critical
TXN0000520,POL000520,CUST00520,2097,VND0002,0,0.0265,2.65,Low
TXN0000521,POL000521,CUST00521,4141,VND0018,0,0.0134,1.34,Low
TXN0000522,POL000522,CUST00522,6722,VND0038,0,0.0371,3.71,Low
TXN0000523,POL000523,CUST00523,5156,VND0021,0,0.016,1.6,Low
TXN0000524,POL000524,CUST00524,6236,VND0043,0,0.0288,2.88,Low
TXN0000525,POL000525,CUST00525,20513,VND0018,1,0.9358,93.58,Critical
TXN0000526,POL000526,CUST00526,2125,VND0033,0,0.0064,0.64,Low
TXN0000527,POL000527,CUST00527,3672,VND0022,0,0.0867,8.67,Low
TXN0000528,POL000528,CUST00528,5755,VND0024,0,0.0949,9.49,Low
TXN0000529,POL000529,CUST00529,6515,VND0025,0,0.043,4.3,Low
TXN0000530,POL000530,CUST00530,4863,VND0049,0,0.003,0.3,Low
TXN0000531,POL000531,CUST00531,5004,VND0038,0,0.0931,9.31,Low
TXN0000532,POL000532,CUST00532,3680,VND0019,0,0.0705,7.05,Low
TXN0000533,POL000533,CUST00533,2373,VND0021,0,0.0039,0.39,Low
TXN0000534,POL000534,CUST00534,3075,VND0021,0,0.0535,5.35,Low
TXN0000535,POL000535,CUST00535,49096,VND0037,1,0.8071,80.71,Critical
TXN0000536,POL000536,CUST00536,5745,VND0030,0,0.0103,1.03,Low
TXN0000537,POL000537,CUST00537,3976,VND0027,0,0.0897,8.97,Low
TXN0000538,POL000538,CUST00538,5592,VND0022,0,0.0059,0.59,Low
TXN0000539,POL000539,CUST00539,386,VND0020,0,0.0051,0.51,Low
TXN0000540,POL000540,CUST00540,5347,VND0028,0,0.0126,1.26,Low
TXN0000541,POL000541,CUST00541,3648,VND0042,0,0.0082,0.82,Low
TXN0000542,POL000542,CUST00542,6988,VND0049,0,0.0717,7.17,Low
TXN0000543,POL000543,CUST00543,3407,VND0004,0,0.0075,0.75,Low
TXN0000544,POL000544,CUST00544,3453,VND0012,0,0.0117,1.17,Low
TXN0000545,POL000545,CUST00545,15278,VND0035,1,0.9443,94.43,Critical
TXN0000546,POL000546,CUST00546,5687,VND0008,0,0.024,2.4,Low
TXN0000547,POL000547,CUST00547,4970,VND0031,0,0.0262,2.62,Low
TXN0000548,POL000548,CUST00548,37816,VND0022,1,0.9232,92.32,Critical
TXN0000549,POL000549,CUST00549,830,VND0010,0,0.0144,1.44,Low
TXN0000550,POL000550,CUST00550,1638,VND0026,0,0.0132,1.32,Low
TXN0000551,POL000551,CUST00551,6163,VND0026,0,0.1753,17.53,Low
TXN0000552,POL000552,CUST00552,486,VND0036,0,0.0131,1.31,Low
TXN0000553,POL000553,CUST00553,3655,VND0042,0,0.0544,5.44,Low
TXN0000554,POL000554,CUST00554,2952,VND0048,0,0.0125,1.25,Low
TXN0000555,POL000555,CUST00555,25488,VND0022,1,0.9591,95.91,Critical
TXN0000556,POL000556,CUST00556,6025,VND0035,0,0.0646,6.46,Low
TXN0000557,POL000557,CUST00557,6297,VND0040,0,0.0731,7.31,Low
TXN0000558,POL000558,CUST00558,2165,VND0050,0,0.0106,1.06,Low
TXN0000559,POL000559,CUST00559,4195,VND0033,0,0.0111,1.11,Low
TXN0000560,POL000560,CUST00560,4960,VND0013,0,0.02,2.0,Low
TXN0000561,POL000561,CUST00561,34682,VND0018,1,0.9718,97.18,Critical
TXN0000562,POL000562,CUST00562,249,VND0011,0,0.0029,0.29,Low
TXN0000563,POL000563,CUST00563,6843,VND0010,0,0.1595,15.95,Low
TXN0000564,POL000564,CUST00564,2616,VND0016,0,0.0375,3.75,Low
TXN0000565,POL000565,CUST00565,1072,VND0025,0,0.0168,1.68,Low
TXN0000566,POL000566,CUST00566,4385,VND0040,0,0.0187,1.87,Low
TXN0000567,POL000567,CUST00567,5514,VND0015,0,0.0183,1.83,Low
TXN0000568,POL000568,CUST00568,11957,VND0010,1,0.8751,87.51,Critical
TXN0000569,POL000569,CUST00569,477,VND0007,0,0.0303,3.03,Low
TXN0000570,POL000570,CUST00570,6296,VND0010,0,0.0886,8.86,Low
TXN0000571,POL000571,CUST00571,6549,VND0022,0,0.0215,2.15,Low
TXN0000572,POL000572,CUST00572,1262,VND0021,0,0.0226,2.26,Low
TXN0000573,POL000573,CUST00573,6347,VND0020,0,0.0588,5.88,Low
TXN0000574,POL000574,CUST00574,6386,VND0016,0,0.0185,1.85,Low
TXN0000575,POL000575,CUST00575,6982,VND0023,0,0.0613,6.13,Low
TXN0000576,POL000576,CUST00576,1671,VND0033,0,0.0077,0.77,Low
TXN0000577,POL000577,CUST00577,4135,VND0003,0,0.1022,10.22,Low
TXN0000578,POL000578,CUST00578,6961,VND0045,0,0.1328,13.28,Low
TXN0000579,POL000579,CUST00579,6337,VND0016,0,0.0992,9.92,Low
TXN0000580,POL000580,CUST00580,4312,VND0007,0,0.0125,1.25,Low
TXN0000581,POL000581,CUST00581,1540,VND0009,0,0.0121,1.21,Low
TXN0000582,POL000582,CUST00582,773,VND0028,0,0.0,0.0,Low
TXN0000583,POL000583,CUST00583,34047,VND0027,1,0.9541,95.41,Critical
TXN0000584,POL000584,CUST00584,643,VND0005,0,0.0209,2.09,Low
TXN0000585,POL000585,CUST00585,1527,VND0025,0,0.0182,1.82,Low
TXN0000586,POL000586,CUST00586,709,VND0012,0,0.0205,2.05,Low
TXN0000587,POL000587,CUST00587,5383,VND0046,0,0.0772,7.72,Low
TXN0000588,POL000588,CUST00588,4211,VND0016,0,0.0114,1.14,Low
TXN0000589,POL000589,CUST00589,3721,VND0050,0,0.0031,0.31,Low
TXN0000590,POL000590,CUST00590,28453,VND0029,1,0.947,94.7,Critical
TXN0000591,POL000591,CUST00591,2993,VND0049,0,0.0078,0.78,Low
TXN0000592,POL000592,CUST00592,2940,VND0028,0,0.069,6.9,Low
TXN0000593,POL000593,CUST00593,1607,VND0007,0,0.0126,1.26,Low
TXN0000594,POL000594,CUST00594,3224,VND0033,0,0.0083,0.83,Low
TXN0000595,POL000595,CUST00595,48181,VND0024,1,0.9644,96.44,Critical
TXN0000596,POL000596,CUST00596,4207,VND0041,0,0.1009,10.09,Low
TXN0000597,POL000597,CUST00597,6982,VND0020,0,0.0835,8.35,Low
TXN0000598,POL000598,CUST00598,3824,VND0010,0,0.1238,12.38,Low
TXN0000599,POL000599,CUST00599,2233,VND0006,0,0.0066,0.66,Low
TXN0000600,POL000600,CUST00600,4878,VND0038,0,0.0236,2.36,Low
TXN0000601,POL000601,CUST00601,5776,VND0012,0,0.0078,0.78,Low
TXN0000602,POL000602,CUST00602,3408,VND0034,0,0.0136,1.36,Low
TXN0000603,POL000603,CUST00603,1902,VND0007,0,0.024,2.4,Low
TXN0000604,POL000604,CUST00604,5054,VND0004,0,0.0209,2.09,Low
TXN0000605,POL000605,CUST00605,1473,VND0036,0,0.034,3.4,Low
TXN0000606,POL000606,CUST00606,6981,VND0018,0,0.0562,5.62,Low
TXN0000607,POL000607,CUST00607,2361,VND0029,0,0.0051,0.51,Low
TXN0000608,POL000608,CUST00608,49975,VND0002,1,0.9335,93.35,Critical
TXN0000609,POL000609,CUST00609,5143,VND0010,0,0.0287,2.87,Low
TXN0000610,POL000610,CUST00610,283,VND0005,0,0.0134,1.34,Low
TXN0000611,POL000611,CUST00611,1579,VND0014,0,0.0228,2.28,Low
TXN0000612,POL000612,CUST00612,1054,VND0015,0,0.0062,0.62,Low
TXN0000613,POL000613,CUST00613,2859,VND0019,0,0.05,5.0,Low
TXN0000614,POL000614,CUST00614,3963,VND0013,0,0.0098,0.98,Low
TXN0000615,POL000615,CUST00615,1421,VND0023,0,0.0193,1.93,Low
TXN0000616,POL000616,CUST00616,2540,VND0046,0,0.0147,1.47,Low
TXN0000617,POL000617,CUST00617,5450,VND0005,0,0.0498,4.98,Low
TXN0000618,POL000618,CUST00618,6591,VND0045,0,0.0283,2.83,Low
TXN0000619,POL000619,CUST00619,21468,VND0021,1,0.9611,96.11,Critical
TXN0000620,POL000620,CUST00620,11005,VND0029,1,0.8062,80.62,Critical
TXN0000621,POL000621,CUST00621,374,VND0034,0,0.0217,2.17,Low
TXN0000622,POL000622,CUST00622,3738,VND0037,0,0.0469,4.69,Low
TXN0000623,POL000623,CUST00623,6180,VND0048,0,0.023,2.3,Low
TXN0000624,POL000624,CUST00624,5626,VND0050,0,0.1256,12.56,Low
TXN0000625,POL000625,CUST00625,1782,VND0005,0,0.0048,0.48,Low
TXN0000626,POL000626,CUST00626,1958,VND0021,0,0.022,2.2,Low
TXN0000627,POL000627,CUST00627,5527,VND0027,0,0.1632,16.32,Low
TXN0000628,POL000628,CUST00628,33898,VND0027,1,0.9311,93.11,Critical
TXN0000629,POL000629,CUST00629,2110,VND0050,0,0.0187,1.87,Low
TXN0000630,POL000630,CUST00630,220,VND0033,0,0.0197,1.97,Low
TXN0000631,POL000631,CUST00631,3222,VND0021,0,0.0069,0.69,Low
TXN0000632,POL000632,CUST00632,4413,VND0047,0,0.0196,1.96,Low
TXN0000633,POL000633,CUST00633,16082,VND0037,1,0.9614,96.14,Critical
TXN0000634,POL000634,CUST00634,6556,VND0040,0,0.0869,8.69,Low
TXN0000635,POL000635,CUST00635,44458,VND0032,1,0.9312,93.12,Critical
TXN0000636,POL000636,CUST00636,12275,VND0004,1,0.865,86.5,Critical
TXN0000637,POL000637,CUST00637,337,VND0049,0,0.0278,2.78,Low
TXN0000638,POL000638,CUST00638,6004,VND0036,0,0.0363,3.63,Low
TXN0000639,POL000639,CUST00639,5335,VND0008,0,0.0145,1.45,Low
TXN0000640,POL000640,CUST00640,2899,VND0013,0,0.0199,1.99,Low
TXN0000641,POL000641,CUST00641,4208,VND0018,0,0.0185,1.85,Low
TXN0000642,POL000642,CUST00642,5804,VND0013,0,0.1133,11.33,Low
TXN0000643,POL000643,CUST00643,48849,VND0032,1,0.9567,95.67,Critical
TXN0000644,POL000644,CUST00644,3945,VND0028,0,0.0625,6.25,Low
TXN0000645,POL000645,CUST00645,481,VND0011,0,0.0255,2.55,Low
TXN0000646,POL000646,CUST00646,4406,VND0035,0,0.015,1.5,Low
TXN0000647,POL000647,CUST00647,13954,VND0015,1,0.8003,80.03,Critical
TXN0000648,POL000648,CUST00648,600,VND0008,0,0.0264,2.64,Low
TXN0000649,POL000649,CUST00649,5757,VND0048,0,0.0353,3.53,Low
TXN0000650,POL000650,CUST00650,33380,VND0016,1,0.9634,96.34,Critical
TXN0000651,POL000651,CUST00651,6255,VND0012,0,0.0474,4.74,Low
TXN0000652,POL000652,CUST00652,3946,VND0036,0,0.0252,2.52,Low
TXN0000653,POL000653,CUST00653,2390,VND0039,0,0.0078,0.78,Low
TXN0000654,POL000654,CUST00654,599,VND0008,0,0.0312,3.12,Low
TXN0000655,POL000655,CUST00655,321,VND0003,0,0.024,2.4,Low
TXN0000656,POL000656,CUST00656,5241,VND0043,0,0.0321,3.21,Low
TXN0000657,POL000657,CUST00657,2764,VND0026,0,0.024,2.4,Low
TXN0000658,POL000658,CUST00658,5912,VND0023,0,0.0179,1.79,Low
TXN0000659,POL000659,CUST00659,1767,VND0022,0,0.0037,0.37,Low
TXN0000660,POL000660,CUST00660,6458,VND0030,0,0.0446,4.46,Low
TXN0000661,POL000661,CUST00661,6602,VND0034,0,0.0359,3.59,Low
TXN0000662,POL000662,CUST00662,892,VND0005,0,0.0165,1.65,Low
TXN0000663,POL000663,CUST00663,4599,VND0014,0,0.0484,4.84,Low
TXN0000664,POL000664,CUST00664,19548,VND0048,1,0.9626,96.26,Critical
TXN0000665,POL000665,CUST00665,2397,VND0009,0,0.0,0.0,Low
TXN0000666,POL000666,CUST00666,659,VND0046,0,0.0107,1.07,Low
TXN0000667,POL000667,CUST00667,6153,VND0021,0,0.0385,3.85,Low
TXN0000668,POL000668,CUST00668,3423,VND0010,0,0.0408,4.08,Low
TXN0000669,POL000669,CUST00669,384,VND0030,0,0.0103,1.03,Low
TXN0000670,POL000670,CUST00670,5913,VND0034,0,0.0421,4.21,Low
TXN0000671,POL000671,CUST00671,15868,VND0018,1,0.9319,93.19,Critical
TXN0000672,POL000672,CUST00672,678,VND0040,0,0.0018,0.18,Low
TXN0000673,POL000673,CUST00673,1958,VND0004,0,0.0121,1.21,Low
TXN0000674,POL000674,CUST00674,323,VND0007,0,0.0109,1.09,Low
TXN0000675,POL000675,CUST00675,6693,VND0032,0,0.0344,3.44,Low
TXN0000676,POL000676,CUST00676,369,VND0029,0,0.0075,0.75,Low
TXN0000677,POL000677,CUST00677,5611,VND0035,0,0.0311,3.11,Low
TXN0000678,POL000678,CUST00678,3676,VND0043,0,0.0112,1.12,Low
TXN0000679,POL000679,CUST00679,45912,VND0047,1,0.978,97.8,Critical
TXN0000680,POL000680,CUST00680,5718,VND0026,0,0.13,13.0,Low
TXN0000681,POL000681,CUST00681,15882,VND0026,1,0.973,97.3,Critical
TXN0000682,POL000682,CUST00682,1066,VND0047,0,0.0135,1.35,Low
TXN0000683,POL000683,CUST00683,39154,VND0049,1,0.9611,96.11,Critical
TXN0000684,POL000684,CUST00684,1047,VND0003,0,0.0307,3.07,Low
TXN0000685,POL000685,CUST00685,4841,VND0026,0,0.0339,3.39,Low
TXN0000686,POL000686,CUST00686,4066,VND0046,0,0.0128,1.28,Low
TXN0000687,POL000687,CUST00687,770,VND0003,0,0.0156,1.56,Low
TXN0000688,POL000688,CUST00688,1793,VND0049,0,0.0248,2.48,Low
TXN0000689,POL000689,CUST00689,3853,VND0038,0,0.0794,7.94,Low
TXN0000690,POL000690,CUST00690,5165,VND0008,0,0.0207,2.07,Low
TXN0000691,POL000691,CUST00691,2535,VND0033,0,0.0439,4.39,Low
TXN0000692,POL000692,CUST00692,6657,VND0022,0,0.113,11.3,Low
TXN0000693,POL000693,CUST00693,6947,VND0017,0,0.0758,7.58,Low
TXN0000694,POL000694,CUST00694,5409,VND0032,0,0.0102,1.02,Low
TXN0000695,POL000695,CUST00695,3288,VND0037,0,0.0,0.0,Low
TXN0000696,POL000696,CUST00696,6164,VND0045,0,0.0052,0.52,Low
TXN0000697,POL000697,CUST00697,5149,VND0021,0,0.0985,9.85,Low
TXN0000698,POL000698,CUST00698,3733,VND0008,0,0.051,5.1,Low
TXN0000699,POL000699,CUST00699,3217,VND0044,0,0.0343,3.43,Low
TXN0000700,POL000700,CUST00700,5859,VND0017,0,0.163,16.3,Low
TXN0000701,POL000701,CUST00701,3988,VND0038,0,0.0071,0.71,Low
TXN0000702,POL000702,CUST00702,1443,VND0040,0,0.0246,2.46,Low
TXN0000703,POL000703,CUST00703,6998,VND0003,0,0.1079,10.79,Low
TXN0000704,POL000704,CUST00704,664,VND0021,0,0.0111,1.11,Low
TXN0000705,POL000705,CUST00705,4926,VND0005,0,0.0092,0.92,Low
TXN0000706,POL000706,CUST00706,4660,VND0031,0,0.027,2.7,Low
TXN0000707,POL000707,CUST00707,4185,VND0040,0,0.0201,2.01,Low
TXN0000708,POL000708,CUST00708,553,VND0029,0,0.0158,1.58,Low
TXN0000709,POL000709,CUST00709,3549,VND0017,0,0.0092,0.92,Low
TXN0000710,POL000710,CUST00710,6268,VND0049,0,0.0282,2.82,Low
TXN0000711,POL000711,CUST00711,1828,VND0005,0,0.0092,0.92,Low
TXN0000712,POL000712,CUST00712,4902,VND0008,0,0.0121,1.21,Low
TXN0000713,POL000713,CUST00713,6039,VND0019,0,0.0135,1.35,Low
TXN0000714,POL000714,CUST00714,6674,VND0048,0,0.0439,4.39,Low
TXN0000715,POL000715,CUST00715,3709,VND0045,0,0.0997,9.97,Low
TXN0000716,POL000716,CUST00716,2334,VND0029,0,0.0098,0.98,Low
TXN0000717,POL000717,CUST00717,4957,VND0048,0,0.0219,2.19,Low
TXN0000718,POL000718,CUST00718,36473,VND0046,1,0.9213,92.13,Critical
TXN0000719,POL000719,CUST00719,4464,VND0030,0,0.0042,0.42,Low
TXN0000720,POL000720,CUST00720,5243,VND0006,0,0.0981,9.81,Low
TXN0000721,POL000721,CUST00721,5029,VND0045,0,0.0127,1.27,Low
TXN0000722,POL000722,CUST00722,1850,VND0033,0,0.0176,1.76,Low
TXN0000723,POL000723,CUST00723,15490,VND0008,1,0.9197,91.97,Critical
TXN0000724,POL000724,CUST00724,3884,VND0043,0,0.0876,8.76,Low
TXN0000725,POL000725,CUST00725,19551,VND0020,1,0.9666,96.66,Critical
TXN0000726,POL000726,CUST00726,32576,VND0040,1,0.9809,98.09,Critical
TXN0000727,POL000727,CUST00727,6264,VND0014,0,0.1402,14.02,Low
TXN0000728,POL000728,CUST00728,33050,VND0001,1,0.9456,94.56,Critical
TXN0000729,POL000729,CUST00729,6962,VND0023,0,0.153,15.3,Low
TXN0000730,POL000730,CUST00730,5263,VND0023,0,0.0174,1.74,Low
TXN0000731,POL000731,CUST00731,4261,VND0044,0,0.0267,2.67,Low
TXN0000732,POL000732,CUST00732,21873,VND0006,1,0.9466,94.66,Critical
TXN0000733,POL000733,CUST00733,32628,VND0046,1,0.9427,94.27,Critical
TXN0000734,POL000734,CUST00734,3432,VND0008,0,0.0394,3.94,Low
TXN0000735,POL000735,CUST00735,21825,VND0047,1,0.9562,95.62,Critical
TXN0000736,POL000736,CUST00736,4203,VND0036,0,0.0141,1.41,Low
TXN0000737,POL000737,CUST00737,3186,VND0018,0,0.0595,5.95,Low
TXN0000738,POL000738,CUST00738,1197,VND0048,0,0.0186,1.86,Low
TXN0000739,POL000739,CUST00739,5067,VND0018,0,0.0267,2.67,Low
TXN0000740,POL000740,CUST00740,3137,VND0032,0,0.0165,1.65,Low
TXN0000741,POL000741,CUST00741,8100,VND0001,1,0.8678,86.78,Critical
TXN0000742,POL000742,CUST00742,45493,VND0006,1,0.9612,96.12,Critical
TXN0000743,POL000743,CUST00743,6180,VND0018,0,0.0214,2.14,Low
TXN0000744,POL000744,CUST00744,9524,VND0013,1,0.9224,92.24,Critical
TXN0000745,POL000745,CUST00745,2961,VND0012,0,0.0181,1.81,Low
TXN0000746,POL000746,CUST00746,3681,VND0019,0,0.0172,1.72,Low
TXN0000747,POL000747,CUST00747,769,VND0031,0,0.0112,1.12,Low
TXN0000748,POL000748,CUST00748,1326,VND0007,0,0.0095,0.95,Low
TXN0000749,POL000749,CUST00749,6593,VND0038,0,0.0223,2.23,Low
TXN0000750,POL000750,CUST00750,4215,VND0043,0,0.0098,0.98,Low
TXN0000751,POL000751,CUST00751,1630,VND0042,0,0.0186,1.86,Low
TXN0000752,POL000752,CUST00752,1353,VND0010,0,0.0129,1.29,Low
TXN0000753,POL000753,CUST00753,3094,VND0045,0,0.018,1.8,Low
TXN0000754,POL000754,CUST00754,5120,VND0007,0,0.0138,1.38,Low
TXN0000755,POL000755,CUST00755,5166,VND0006,0,0.101,10.1,Low
TXN0000756,POL000756,CUST00756,1527,VND0037,0,0.0258,2.58,Low
TXN0000757,POL000757,CUST00757,5134,VND0039,0,0.0051,0.51,Low
TXN0000758,POL000758,CUST00758,6294,VND0007,0,0.071,7.1,Low
TXN0000759,POL000759,CUST00759,20478,VND0021,1,0.946,94.6,Critical
TXN0000760,POL000760,CUST00760,378,VND0021,0,0.0082,0.82,Low
TXN0000761,POL000761,CUST00761,6720,VND0037,0,0.0359,3.59,Low
TXN0000762,POL000762,CUST00762,3749,VND0026,0,0.0202,2.02,Low
TXN0000763,POL000763,CUST00763,13825,VND0031,1,0.9392,93.92,Critical
TXN0000764,POL000764,CUST00764,44383,VND0005,1,0.97,97.0,Critical
TXN0000765,POL000765,CUST00765,2234,VND0049,0,0.0043,0.43,Low
TXN0000766,POL000766,CUST00766,46740,VND0028,1,0.9363,93.63,Critical
TXN0000767,POL000767,CUST00767,1675,VND0034,0,0.0108,1.08,Low
TXN0000768,POL000768,CUST00768,31386,VND0025,1,0.8466,84.66,Critical
TXN0000769,POL000769,CUST00769,29733,VND0013,1,0.9473,94.73,Critical
TXN0000770,POL000770,CUST00770,5925,VND0034,0,0.1088,10.88,Low
TXN0000771,POL000771,CUST00771,3676,VND0015,0,0.0168,1.68,Low
TXN0000772,POL000772,CUST00772,6423,VND0011,0,0.0244,2.44,Low
TXN0000773,POL000773,CUST00773,3614,VND0028,0,0.0422,4.22,Low
TXN0000774,POL000774,CUST00774,2262,VND0018,0,0.0116,1.16,Low
TXN0000775,POL000775,CUST00775,47431,VND0045,1,0.961,96.1,Critical
TXN0000776,POL000776,CUST00776,1248,VND0033,0,0.0456,4.56,Low
TXN0000777,POL000777,CUST00777,5803,VND0019,0,0.0537,5.37,Low
TXN0000778,POL000778,CUST00778,5096,VND0002,0,0.0156,1.56,Low
TXN0000779,POL000779,CUST00779,1200,VND0018,0,0.0239,2.39,Low
TXN0000780,POL000780,CUST00780,4157,VND0006,0,0.0867,8.67,Low
TXN0000781,POL000781,CUST00781,3858,VND0011,0,0.0041,0.41,Low
TXN0000782,POL000782,CUST00782,1566,VND0015,0,0.0084,0.84,Low
TXN0000783,POL000783,CUST00783,1030,VND0033,0,0.0052,0.52,Low
TXN0000784,POL000784,CUST00784,5370,VND0006,0,0.018,1.8,Low
TXN0000785,POL000785,CUST00785,1995,VND0009,0,0.0135,1.35,Low
TXN0000786,POL000786,CUST00786,3728,VND0002,0,0.0082,0.82,Low
TXN0000787,POL000787,CUST00787,1884,VND0046,0,0.0227,2.27,Low
TXN0000788,POL000788,CUST00788,4643,VND0050,0,0.1357,13.57,Low
TXN0000789,POL000789,CUST00789,533,VND0015,0,0.0114,1.14,Low
TXN0000790,POL000790,CUST00790,2643,VND0023,0,0.0125,1.25,Low
TXN0000791,POL000791,CUST00791,3920,VND0016,0,0.0312,3.12,Low
TXN0000792,POL000792,CUST00792,3185,VND0027,0,0.0084,0.84,Low
TXN0000793,POL000793,CUST00793,4364,VND0028,0,0.0103,1.03,Low
TXN0000794,POL000794,CUST00794,11140,VND0013,1,0.9586,95.86,Critical
TXN0000795,POL000795,CUST00795,38646,VND0033,1,0.9578,95.78,Critical
TXN0000796,POL000796,CUST00796,5344,VND0001,0,0.0601,6.01,Low
TXN0000797,POL000797,CUST00797,11215,VND0033,1,0.901,90.1,Critical
TXN0000798,POL000798,CUST00798,1267,VND0038,0,0.0154,1.54,Low
TXN0000799,POL000799,CUST00799,5964,VND0003,0,0.0208,2.08,Low
TXN0000800,POL000800,CUST00800,5492,VND0037,0,0.01,1.0,Low
TXN0000801,POL000801,CUST00801,4826,VND0037,0,0.0125,1.25,Low
TXN0000802,POL000802,CUST00802,5626,VND0049,0,0.0141,1.41,Low
TXN0000803,POL000803,CUST00803,5495,VND0041,0,0.0504,5.04,Low
TXN0000804,POL000804,CUST00804,5276,VND0002,0,0.0235,2.35,Low
TXN0000805,POL000805,CUST00805,26492,VND0005,1,0.9865,98.65,Critical
TXN0000806,POL000806,CUST00806,29983,VND0007,1,0.939,93.9,Critical
TXN0000807,POL000807,CUST00807,4260,VND0030,0,0.0176,1.76,Low
TXN0000808,POL000808,CUST00808,2057,VND0036,0,0.0027,0.27,Low
TXN0000809,POL000809,CUST00809,5458,VND0033,0,0.0281,2.81,Low
TXN0000810,POL000810,CUST00810,3384,VND0017,0,0.0243,2.43,Low
TXN0000811,POL000811,CUST00811,42288,VND0011,1,0.9748,97.48,Critical
TXN0000812,POL000812,CUST00812,42125,VND0004,1,0.9515,95.15,Critical
TXN0000813,POL000813,CUST00813,3943,VND0019,0,0.0096,0.96,Low
TXN0000814,POL000814,CUST00814,6450,VND0016,0,0.0161,1.61,Low
TXN0000815,POL000815,CUST00815,23497,VND0016,1,0.9617,96.17,Critical
TXN0000816,POL000816,CUST00816,2754,VND0005,0,0.0084,0.84,Low
TXN0000817,POL000817,CUST00817,2726,VND0015,0,0.0247,2.47,Low
TXN0000818,POL000818,CUST00818,6150,VND0042,0,0.0432,4.32,Low
TXN0000819,POL000819,CUST00819,5342,VND0013,0,0.0056,0.56,Low
TXN0000820,POL000820,CUST00820,1311,VND0044,0,0.0308,3.08,Low
TXN0000821,POL000821,CUST00821,41134,VND0005,1,0.9422,94.22,Critical
TXN0000822,POL000822,CUST00822,2724,VND0032,0,0.003,0.3,Low
TXN0000823,POL000823,CUST00823,4597,VND0006,0,0.0062,0.62,Low
TXN0000824,POL000824,CUST00824,555,VND0020,0,0.0319,3.19,Low
TXN0000825,POL000825,CUST00825,5056,VND0048,0,0.0189,1.89,Low
TXN0000826,POL000826,CUST00826,29469,VND0039,1,0.9524,95.24,Critical
TXN0000827,POL000827,CUST00827,1740,VND0026,0,0.0393,3.93,Low
TXN0000828,POL000828,CUST00828,1224,VND0032,0,0.0146,1.46,Low
TXN0000829,POL000829,CUST00829,4467,VND0034,0,0.0206,2.06,Low
TXN0000830,POL000830,CUST00830,1947,VND0040,0,0.0033,0.33,Low
TXN0000831,POL000831,CUST00831,6602,VND0030,0,0.1526,15.26,Low
TXN0000832,POL000832,CUST00832,5471,VND0026,0,0.1518,15.18,Low
TXN0000833,POL000833,CUST00833,6694,VND0004,0,0.1091,10.91,Low
TXN0000834,POL000834,CUST00834,3836,VND0048,0,0.022,2.2,Low
TXN0000835,POL000835,CUST00835,6581,VND0029,0,0.0283,2.83,Low
TXN0000836,POL000836,CUST00836,295,VND0015,0,0.0099,0.99,Low
TXN0000837,POL000837,CUST00837,2171,VND0007,0,0.0142,1.42,Low
TXN0000838,POL000838,CUST00838,215,VND0031,0,0.0074,0.74,Low
TXN0000839,POL000839,CUST00839,4807,VND0040,0,0.0115,1.15,Low
TXN0000840,POL000840,CUST00840,3672,VND0041,0,0.0104,1.04,Low
TXN0000841,POL000841,CUST00841,19899,VND0045,1,0.8903,89.03,Critical
TXN0000842,POL000842,CUST00842,2273,VND0045,0,0.0188,1.88,Low
TXN0000843,POL000843,CUST00843,4577,VND0032,0,0.0977,9.77,Low
TXN0000844,POL000844,CUST00844,1426,VND0048,0,0.0089,0.89,Low
TXN0000845,POL000845,CUST00845,19489,VND0004,1,0.9281,92.81,Critical
TXN0000846,POL000846,CUST00846,4372,VND0020,0,0.0,0.0,Low
TXN0000847,POL000847,CUST00847,1831,VND0025,0,0.009,0.9,Low
TXN0000848,POL000848,CUST00848,1753,VND0035,0,0.0239,2.39,Low
TXN0000849,POL000849,CUST00849,22525,VND0015,1,0.957,95.7,Critical
TXN0000850,POL000850,CUST00850,4227,VND0015,0,0.0238,2.38,Low
TXN0000851,POL000851,CUST00851,1929,VND0046,0,0.0077,0.77,Low
TXN0000852,POL000852,CUST00852,2779,VND0033,0,0.028,2.8,Low
TXN0000853,POL000853,CUST00853,3895,VND0032,0,0.0578,5.78,Low
TXN0000854,POL000854,CUST00854,1469,VND0010,0,0.0162,1.62,Low
TXN0000855,POL000855,CUST00855,4068,VND0026,0,0.096,9.6,Low
TXN0000856,POL000856,CUST00856,1139,VND0022,0,0.0139,1.39,Low
TXN0000857,POL000857,CUST00857,1169,VND0032,0,0.0283,2.83,Low
TXN0000858,POL000858,CUST00858,1810,VND0047,0,0.0088,0.88,Low
TXN0000859,POL000859,CUST00859,2148,VND0014,0,0.0423,4.23,Low
TXN0000860,POL000860,CUST00860,402,VND0041,0,0.0106,1.06,Low
TXN0000861,POL000861,CUST00861,6738,VND0032,0,0.1345,13.45,Low
TXN0000862,POL000862,CUST00862,2295,VND0025,0,0.0039,0.39,Low
TXN0000863,POL000863,CUST00863,5671,VND0048,0,0.0029,0.29,Low
TXN0000864,POL000864,CUST00864,6333,VND0008,0,0.014,1.4,Low
TXN0000865,POL000865,CUST00865,45856,VND0034,1,0.963,96.3,Critical
TXN0000866,POL000866,CUST00866,5853,VND0020,0,0.0306,3.06,Low
TXN0000867,POL000867,CUST00867,880,VND0035,0,0.004,0.4,Low
TXN0000868,POL000868,CUST00868,2729,VND0007,0,0.0297,2.97,Low
TXN0000869,POL000869,CUST00869,39395,VND0037,1,0.9667,96.67,Critical
TXN0000870,POL000870,CUST00870,4115,VND0004,0,0.0192,1.92,Low
TXN0000871,POL000871,CUST00871,238,VND0018,0,0.0041,0.41,Low
TXN0000872,POL000872,CUST00872,31601,VND0046,1,0.9419,94.19,Critical
TXN0000873,POL000873,CUST00873,5670,VND0032,0,0.146,14.6,Low
TXN0000874,POL000874,CUST00874,5835,VND0025,0,0.028,2.8,Low
TXN0000875,POL000875,CUST00875,2810,VND0017,0,0.0031,0.31,Low
TXN0000876,POL000876,CUST00876,1806,VND0005,0,0.0097,0.97,Low
TXN0000877,POL000877,CUST00877,2304,VND0006,0,0.0087,0.87,Low
TXN0000878,POL000878,CUST00878,2215,VND0036,0,0.0029,0.29,Low
TXN0000879,POL000879,CUST00879,2556,VND0014,0,0.0185,1.85,Low
TXN0000880,POL000880,CUST00880,2252,VND0004,0,0.0147,1.47,Low
TXN0000881,POL000881,CUST00881,3308,VND0022,0,0.0105,1.05,Low
TXN0000882,POL000882,CUST00882,477,VND0020,0,0.0215,2.15,Low
TXN0000883,POL000883,CUST00883,2071,VND0048,0,0.0156,1.56,Low
TXN0000884,POL000884,CUST00884,2339,VND0012,0,0.0244,2.44,Low
TXN0000885,POL000885,CUST00885,1242,VND0014,0,0.02,2.0,Low
TXN0000886,POL000886,CUST00886,6169,VND0009,0,0.0877,8.77,Low
TXN0000887,POL000887,CUST00887,4793,VND0010,0,0.0137,1.37,Low
TXN0000888,POL000888,CUST00888,23303,VND0027,1,0.9554,95.54,Critical
TXN0000889,POL000889,CUST00889,4018,VND0012,0,0.0149,1.49,Low
TXN0000890,POL000890,CUST00890,945,VND0036,0,0.0126,1.26,Low
TXN0000891,POL000891,CUST00891,6351,VND0041,0,0.0141,1.41,Low
TXN0000892,POL000892,CUST00892,3314,VND0025,0,0.0093,0.93,Low
TXN0000893,POL000893,CUST00893,4854,VND0012,0,0.0704,7.04,Low
TXN0000894,POL000894,CUST00894,36521,VND0042,1,0.8764,87.64,Critical
TXN0000895,POL000895,CUST00895,3561,VND0049,0,0.0343,3.43,Low
TXN0000896,POL000896,CUST00896,3527,VND0046,0,0.0134,1.34,Low
TXN0000897,POL000897,CUST00897,2135,VND0047,0,0.0131,1.31,Low
TXN0000898,POL000898,CUST00898,3972,VND0041,0,0.003,0.3,Low
TXN0000899,POL000899,CUST00899,5189,VND0037,0,0.0076,0.76,Low
TXN0000900,POL000900,CUST00900,337,VND0048,0,0.0172,1.72,Low
TXN0000901,POL000901,CUST00901,1090,VND0017,0,0.0106,1.06,Low
TXN0000902,POL000902,CUST00902,5927,VND0047,0,0.0252,2.52,Low
TXN0000903,POL000903,CUST00903,42135,VND0002,1,0.9168,91.68,Critical
TXN0000904,POL000904,CUST00904,6820,VND0042,0,0.0472,4.72,Low
TXN0000905,POL000905,CUST00905,4311,VND0017,0,0.0514,5.14,Low
TXN0000906,POL000906,CUST00906,4643,VND0015,0,0.0173,1.73,Low
TXN0000907,POL000907,CUST00907,6313,VND0034,0,0.0685,6.85,Low
TXN0000908,POL000908,CUST00908,9473,VND0009,1,0.8385,83.85,Critical
TXN0000909,POL000909,CUST00909,2441,VND0050,0,0.011,1.1,Low
TXN0000910,POL000910,CUST00910,3790,VND0037,0,0.0197,1.97,Low
TXN0000911,POL000911,CUST00911,1802,VND0001,0,0.0133,1.33,Low
TXN0000912,POL000912,CUST00912,2473,VND0043,0,0.0041,0.41,Low
TXN0000913,POL000913,CUST00913,4825,VND0006,0,0.0438,4.38,Low
TXN0000914,POL000914,CUST00914,1213,VND0042,0,0.0144,1.44,Low
TXN0000915,POL000915,CUST00915,4769,VND0041,0,0.0235,2.35,Low
TXN0000916,POL000916,CUST00916,4171,VND0033,0,0.0777,7.77,Low
TXN0000917,POL000917,CUST00917,9293,VND0031,1,0.9052,90.52,Critical
TXN0000918,POL000918,CUST00918,8858,VND0042,1,0.8924,89.24,Critical
TXN0000919,POL000919,CUST00919,4991,VND0043,0,0.0057,0.57,Low
TXN0000920,POL000920,CUST00920,5806,VND0036,0,0.049,4.9,Low
TXN0000921,POL000921,CUST00921,18814,VND0009,1,0.9101,91.01,Critical
TXN0000922,POL000922,CUST00922,3062,VND0034,0,0.0146,1.46,Low
TXN0000923,POL000923,CUST00923,4644,VND0011,0,0.014,1.4,Low
TXN0000924,POL000924,CUST00924,3020,VND0003,0,0.0072,0.72,Low
TXN0000925,POL000925,CUST00925,2636,VND0008,0,0.0176,1.76,Low
TXN0000926,POL000926,CUST00926,2424,VND0024,0,0.0489,4.89,Low
TXN0000927,POL000927,CUST00927,1633,VND0049,0,0.0095,0.95,Low
TXN0000928,POL000928,CUST00928,6791,VND0002,0,0.0346,3.46,Low
TXN0000929,POL000929,CUST00929,4730,VND0004,0,0.0585,5.85,Low
TXN0000930,POL000930,CUST00930,1389,VND0005,0,0.0146,1.46,Low
TXN0000931,POL000931,CUST00931,6082,VND0010,0,0.1249,12.49,Low
TXN0000932,POL000932,CUST00932,1228,VND0028,0,0.0174,1.74,Low
TXN0000933,POL000933,CUST00933,4237,VND0042,0,0.0031,0.31,Low
TXN0000934,POL000934,CUST00934,1325,VND0003,0,0.0245,2.45,Low
TXN0000935,POL000935,CUST00935,2656,VND0041,0,0.0254,2.54,Low
TXN0000936,POL000936,CUST00936,4677,VND0046,0,0.0094,0.94,Low
TXN0000937,POL000937,CUST00937,6994,VND0004,0,0.0859,8.59,Low
TXN0000938,POL000938,CUST00938,21035,VND0023,1,0.9709,97.09,Critical
TXN0000939,POL000939,CUST00939,6289,VND0041,0,0.0749,7.49,Low
TXN0000940,POL000940,CUST00940,48604,VND0035,1,0.9672,96.72,Critical
TXN0000941,POL000941,CUST00941,835,VND0010,0,0.0074,0.74,Low
TXN0000942,POL000942,CUST00942,6358,VND0008,0,0.0622,6.22,Low
TXN0000943,POL000943,CUST00943,6477,VND0023,0,0.0246,2.46,Low
TXN0000944,POL000944,CUST00944,2094,VND0043,0,0.0145,1.45,Low
TXN0000945,POL000945,CUST00945,330,VND0048,0,0.0155,1.55,Low
TXN0000946,POL000946,CUST00946,4605,VND0024,0,0.006,0.6,Low
TXN0000947,POL000947,CUST00947,717,VND0027,0,0.0083,0.83,Low
TXN0000948,POL000948,CUST00948,475,VND0028,0,0.0139,1.39,Low
TXN0000949,POL000949,CUST00949,6572,VND0025,0,0.0799,7.99,Low
TXN0000950,POL000950,CUST00950,3570,VND0033,0,0.0106,1.06,Low
TXN0000951,POL000951,CUST00951,961,VND0014,0,0.0187,1.87,Low
TXN0000952,POL000952,CUST00952,4651,VND0027,0,0.0877,8.77,Low
TXN0000953,POL000953,CUST00953,2710,VND0031,0,0.0259,2.59,Low
TXN0000954,POL000954,CUST00954,3846,VND0029,0,0.0547,5.47,Low
TXN0000955,POL000955,CUST00955,6312,VND0049,0,0.0926,9.26,Low
TXN0000956,POL000956,CUST00956,1817,VND0038,0,0.0024,0.24,Low
TXN0000957,POL000957,CUST00957,4596,VND0037,0,0.069,6.9,Low
TXN0000958,POL000958,CUST00958,5833,VND0041,0,0.012,1.2,Low
TXN0000959,POL000959,CUST00959,3081,VND0027,0,0.0065,0.65,Low
TXN0000960,POL000960,CUST00960,6796,VND0016,0,0.0563,5.63,Low
TXN0000961,POL000961,CUST00961,3248,VND0027,0,0.0069,0.69,Low
TXN0000962,POL000962,CUST00962,3322,VND0047,0,0.0103,1.03,Low
TXN0000963,POL000963,CUST00963,22282,VND0044,1,0.9142,91.42,Critical
TXN0000964,POL000964,CUST00964,37620,VND0018,1,0.9346,93.46,Critical
TXN0000965,POL000965,CUST00965,6107,VND0025,0,0.0352,3.52,Low
TXN0000966,POL000966,CUST00966,5574,VND0014,0,0.1047,10.47,Low
TXN0000967,POL000967,CUST00967,5044,VND0001,0,0.0495,4.95,Low
TXN0000968,POL000968,CUST00968,1842,VND0016,0,0.0081,0.81,Low
TXN0000969,POL000969,CUST00969,2912,VND0006,0,0.0672,6.72,Low
TXN0000970,POL000970,CUST00970,6078,VND0018,0,0.0311,3.11,Low
TXN0000971,POL000971,CUST00971,4389,VND0003,0,0.0162,1.62,Low
TXN0000972,POL000972,CUST00972,39488,VND0016,1,0.9409,94.09,Critical
TXN0000973,POL000973,CUST00973,17184,VND0036,1,0.8243,82.43,Critical
TXN0000974,POL000974,CUST00974,5475,VND0043,0,0.0143,1.43,Low
TXN0000975,POL000975,CUST00975,1411,VND0045,0,0.0353,3.53,Low
TXN0000976,POL000976,CUST00976,962,VND0029,0,0.0215,2.15,Low
TXN0000977,POL000977,CUST00977,5402,VND0028,0,0.0,0.0,Low
TXN0000978,POL000978,CUST00978,2161,VND0049,0,0.006,0.6,Low
TXN0000979,POL000979,CUST00979,5404,VND0028,0,0.009,0.9,Low
TXN0000980,POL000980,CUST00980,3828,VND0005,0,0.0348,3.48,Low
TXN0000981,POL000981,CUST00981,6985,VND0047,0,0.0849,8.49,Low
TXN0000982,POL000982,CUST00982,3769,VND0031,0,0.0367,3.67,Low
TXN0000983,POL000983,CUST00983,6098,VND0034,0,0.0618,6.18,Low
TXN0000984,POL000984,CUST00984,5982,VND0005,0,0.0254,2.54,Low
TXN0000985,POL000985,CUST00985,1641,VND0024,0,0.0,0.0,Low
TXN0000986,POL000986,CUST00986,6973,VND0023,0,0.166,16.6,Low
TXN0000987,POL000987,CUST00987,5271,VND0041,0,0.0421,4.21,Low
TXN0000988,POL000988,CUST00988,33621,VND0020,1,0.9214,92.14,Critical
TXN0000989,POL000989,CUST00989,241,VND0018,0,0.014,1.4,Low
TXN0000990,POL000990,CUST00990,2045,VND0035,0,0.0267,2.67,Low
TXN0000991,POL000991,CUST00991,310,VND0001,0,0.0309,3.09,Low
TXN0000992,POL000992,CUST00992,2631,VND0038,0,0.0113,1.13,Low
TXN0000993,POL000993,CUST00993,6975,VND0001,0,0.064,6.4,Low
TXN0000994,POL000994,CUST00994,3456,VND0012,0,0.0145,1.45,Low
TXN0000995,POL000995,CUST00995,362,VND0025,0,0.0066,0.66,Low
TXN0000996,POL000996,CUST00996,3558,VND0010,0,0.0694,6.94,Low
TXN0000997,POL000997,CUST00997,1689,VND0002,0,0.0091,0.91,Low
TXN0000998,POL000998,CUST00998,24465,VND0021,1,0.9695,96.95,Critical
TXN0000999,POL000999,CUST00999,815,VND0036,0,0.0145,1.45,Low
TXN0001000,POL001000,CUST01000,5439,VND0013,0,0.0138,1.38,Low
TXN0001001,POL001001,CUST01001,45818,VND0014,1,0.907,90.7,Critical
TXN0001002,POL001002,CUST01002,328,VND0034,0,0.0412,4.12,Low
TXN0001003,POL001003,CUST01003,48739,VND0048,1,0.9743,97.43,Critical
TXN0001004,POL001004,CUST01004,3294,VND0026,0,0.0145,1.45,Low
TXN0001005,POL001005,CUST01005,5446,VND0028,0,0.0088,0.88,Low
TXN0001006,POL001006,CUST01006,4402,VND0042,0,0.0023,0.23,Low
TXN0001007,POL001007,CUST01007,5553,VND0004,0,0.0047,0.47,Low
TXN0001008,POL001008,CUST01008,3330,VND0050,0,0.0163,1.63,Low
TXN0001009,POL001009,CUST01009,253,VND0024,0,0.0257,2.57,Low
TXN0001010,POL001010,CUST01010,1088,VND0019,0,0.0242,2.42,Low
TXN0001011,POL001011,CUST01011,3320,VND0031,0,0.0114,1.14,Low
TXN0001012,POL001012,CUST01012,2902,VND0046,0,0.065,6.5,Low
TXN0001013,POL001013,CUST01013,5601,VND0047,0,0.0217,2.17,Low
TXN0001014,POL001014,CUST01014,2999,VND0039,0,0.0166,1.66,Low
TXN0001015,POL001015,CUST01015,6049,VND0025,0,0.03,3.0,Low
TXN0001016,POL001016,CUST01016,1476,VND0008,0,0.0224,2.24,Low
TXN0001017,POL001017,CUST01017,2817,VND0010,0,0.0321,3.21,Low
TXN0001018,POL001018,CUST01018,5342,VND0042,0,0.0031,0.31,Low
TXN0001019,POL001019,CUST01019,27492,VND0007,1,0.956,95.6,Critical
TXN0001020,POL001020,CUST01020,2385,VND0025,0,0.012,1.2,Low
TXN0001021,POL001021,CUST01021,5312,VND0021,0,0.0407,4.07,Low
TXN0001022,POL001022,CUST01022,4205,VND0036,0,0.0124,1.24,Low
TXN0001023,POL001023,CUST01023,5490,VND0018,0,0.0432,4.32,Low
TXN0001024,POL001024,CUST01024,3706,VND0036,0,0.0052,0.52,Low
TXN0001025,POL001025,CUST01025,6042,VND0026,0,0.0041,0.41,Low
TXN0001026,POL001026,CUST01026,6166,VND0045,0,0.1064,10.64,Low
TXN0001027,POL001027,CUST01027,6826,VND0010,0,0.1198,11.98,Low
TXN0001028,POL001028,CUST01028,1029,VND0039,0,0.0181,1.81,Low
TXN0001029,POL001029,CUST01029,4220,VND0037,0,0.0115,1.15,Low
TXN0001030,POL001030,CUST01030,976,VND0042,0,0.0114,1.14,Low
TXN0001031,POL001031,CUST01031,1756,VND0025,0,0.0018,0.18,Low
TXN0001032,POL001032,CUST01032,2242,VND0017,0,0.0124,1.24,Low
TXN0001033,POL001033,CUST01033,4593,VND0026,0,0.023,2.3,Low
TXN0001034,POL001034,CUST01034,3132,VND0049,0,0.018,1.8,Low
TXN0001035,POL001035,CUST01035,6080,VND0010,0,0.126,12.6,Low
TXN0001036,POL001036,CUST01036,2230,VND0034,0,0.0161,1.61,Low
TXN0001037,POL001037,CUST01037,4397,VND0012,0,0.0,0.0,Low
TXN0001038,POL001038,CUST01038,5389,VND0039,0,0.0153,1.53,Low
TXN0001039,POL001039,CUST01039,6866,VND0022,0,0.0438,4.38,Low
TXN0001040,POL001040,CUST01040,40145,VND0043,1,0.9031,90.31,Critical
TXN0001041,POL001041,CUST01041,30171,VND0009,1,0.9613,96.13,Critical
TXN0001042,POL001042,CUST01042,776,VND0007,0,0.0207,2.07,Low
TXN0001043,POL001043,CUST01043,3895,VND0048,0,0.0067,0.67,Low
TXN0001044,POL001044,CUST01044,3013,VND0017,0,0.0029,0.29,Low
TXN0001045,POL001045,CUST01045,43356,VND0005,1,0.9544,95.44,Critical
TXN0001046,POL001046,CUST01046,5458,VND0042,0,0.0223,2.23,Low
TXN0001047,POL001047,CUST01047,6505,VND0021,0,0.0317,3.17,Low
TXN0001048,POL001048,CUST01048,5983,VND0047,0,0.0053,0.53,Low
TXN0001049,POL001049,CUST01049,2992,VND0022,0,0.0237,2.37,Low
TXN0001050,POL001050,CUST01050,5186,VND0038,0,0.0211,2.11,Low
TXN0001051,POL001051,CUST01051,407,VND0029,0,0.0101,1.01,Low
TXN0001052,POL001052,CUST01052,26157,VND0025,1,0.9469,94.69,Critical
TXN0001053,POL001053,CUST01053,521,VND0025,0,0.0235,2.35,Low
TXN0001054,POL001054,CUST01054,12560,VND0013,1,0.8514,85.14,Critical
TXN0001055,POL001055,CUST01055,6773,VND0037,0,0.1202,12.02,Low
TXN0001056,POL001056,CUST01056,4833,VND0027,0,0.0196,1.96,Low
TXN0001057,POL001057,CUST01057,5911,VND0001,0,0.0147,1.47,Low
TXN0001058,POL001058,CUST01058,1793,VND0020,0,0.0124,1.24,Low
TXN0001059,POL001059,CUST01059,6958,VND0021,0,0.0633,6.33,Low
TXN0001060,POL001060,CUST01060,3945,VND0045,0,0.0037,0.37,Low
TXN0001061,POL001061,CUST01061,4786,VND0022,0,0.0212,2.12,Low
TXN0001062,POL001062,CUST01062,5440,VND0029,0,0.0095,0.95,Low
TXN0001063,POL001063,CUST01063,4549,VND0005,0,0.0027,0.27,Low
TXN0001064,POL001064,CUST01064,2356,VND0020,0,0.0097,0.97,Low
TXN0001065,POL001065,CUST01065,4357,VND0015,0,0.0067,0.67,Low
TXN0001066,POL001066,CUST01066,4647,VND0025,0,0.0077,0.77,Low
TXN0001067,POL001067,CUST01067,6029,VND0045,0,0.0111,1.11,Low
TXN0001068,POL001068,CUST01068,3474,VND0047,0,0.041,4.1,Low
TXN0001069,POL001069,CUST01069,34364,VND0015,1,0.8151,81.51,Critical
TXN0001070,POL001070,CUST01070,3621,VND0031,0,0.0132,1.32,Low
TXN0001071,POL001071,CUST01071,978,VND0048,0,0.0137,1.37,Low
TXN0001072,POL001072,CUST01072,812,VND0012,0,0.0213,2.13,Low
TXN0001073,POL001073,CUST01073,338,VND0022,0,0.0155,1.55,Low
TXN0001074,POL001074,CUST01074,4730,VND0026,0,0.008,0.8,Low
TXN0001075,POL001075,CUST01075,3048,VND0001,0,0.0288,2.88,Low
TXN0001076,POL001076,CUST01076,6086,VND0024,0,0.0572,5.72,Low
TXN0001077,POL001077,CUST01077,4975,VND0007,0,0.0198,1.98,Low
TXN0001078,POL001078,CUST01078,1161,VND0016,0,0.0054,0.54,Low
TXN0001079,POL001079,CUST01079,880,VND0006,0,0.0078,0.78,Low
TXN0001080,POL001080,CUST01080,2689,VND0037,0,0.0094,0.94,Low
TXN0001081,POL001081,CUST01081,6462,VND0042,0,0.0734,7.34,Low
TXN0001082,POL001082,CUST01082,530,VND0014,0,0.0171,1.71,Low
TXN0001083,POL001083,CUST01083,1474,VND0003,0,0.0431,4.31,Low
TXN0001084,POL001084,CUST01084,401,VND0025,0,0.0075,0.75,Low
TXN0001085,POL001085,CUST01085,3012,VND0006,0,0.0075,0.75,Low
TXN0001086,POL001086,CUST01086,6929,VND0023,0,0.0863,8.63,Low
TXN0001087,POL001087,CUST01087,4849,VND0028,0,0.009,0.9,Low
TXN0001088,POL001088,CUST01088,3555,VND0024,0,0.0147,1.47,Low
TXN0001089,POL001089,CUST01089,1181,VND0027,0,0.0113,1.13,Low
TXN0001090,POL001090,CUST01090,2617,VND0029,0,0.0064,0.64,Low
TXN0001091,POL001091,CUST01091,3766,VND0009,0,0.0197,1.97,Low
TXN0001092,POL001092,CUST01092,2069,VND0035,0,0.0117,1.17,Low
TXN0001093,POL001093,CUST01093,4994,VND0034,0,0.0879,8.79,Low
TXN0001094,POL001094,CUST01094,6864,VND0008,0,0.0615,6.15,Low
TXN0001095,POL001095,CUST01095,1600,VND0022,0,0.0087,0.87,Low
TXN0001096,POL001096,CUST01096,1915,VND0015,0,0.0037,0.37,Low
TXN0001097,POL001097,CUST01097,1058,VND0020,0,0.0188,1.88,Low
TXN0001098,POL001098,CUST01098,5134,VND0039,0,0.0084,0.84,Low
TXN0001099,POL001099,CUST01099,3339,VND0030,0,0.0207,2.07,Low
TXN0001100,POL001100,CUST01100,2129,VND0046,0,0.0133,1.33,Low
TXN0001101,POL001101,CUST01101,27299,VND0029,1,0.9611,96.11,Critical
TXN0001102,POL001102,CUST01102,679,VND0003,0,0.0213,2.13,Low
TXN0001103,POL001103,CUST01103,3437,VND0036,0,0.0076,0.76,Low
TXN0001104,POL001104,CUST01104,4846,VND0004,0,0.0193,1.93,Low
TXN0001105,POL001105,CUST01105,19823,VND0018,1,0.951,95.1,Critical
TXN0001106,POL001106,CUST01106,211,VND0047,0,0.0271,2.71,Low
TXN0001107,POL001107,CUST01107,14204,VND0050,1,0.926,92.6,Critical
TXN0001108,POL001108,CUST01108,4795,VND0008,0,0.0062,0.62,Low
TXN0001109,POL001109,CUST01109,2545,VND0050,0,0.0018,0.18,Low
TXN0001110,POL001110,CUST01110,1902,VND0049,0,0.0091,0.91,Low
TXN0001111,POL001111,CUST01111,1249,VND0044,0,0.0249,2.49,Low
TXN0001112,POL001112,CUST01112,5273,VND0042,0,0.0054,0.54,Low
TXN0001113,POL001113,CUST01113,6058,VND0004,0,0.0434,4.34,Low
TXN0001114,POL001114,CUST01114,5434,VND0007,0,0.0857,8.57,Low
TXN0001115,POL001115,CUST01115,3723,VND0031,0,0.0018,0.18,Low
TXN0001116,POL001116,CUST01116,46885,VND0006,1,0.9811,98.11,Critical
TXN0001117,POL001117,CUST01117,29482,VND0013,1,0.9717,97.17,Critical
TXN0001118,POL001118,CUST01118,366,VND0049,0,0.0125,1.25,Low
TXN0001119,POL001119,CUST01119,2699,VND0046,0,0.0094,0.94,Low
TXN0001120,POL001120,CUST01120,4985,VND0013,0,0.1412,14.12,Low
TXN0001121,POL001121,CUST01121,4601,VND0027,0,0.0194,1.94,Low
TXN0001122,POL001122,CUST01122,37864,VND0027,1,0.965,96.5,Critical
TXN0001123,POL001123,CUST01123,6982,VND0014,0,0.085,8.5,Low
TXN0001124,POL001124,CUST01124,1849,VND0012,0,0.0104,1.04,Low
TXN0001125,POL001125,CUST01125,265,VND0022,0,0.0123,1.23,Low
TXN0001126,POL001126,CUST01126,2064,VND0031,0,0.005,0.5,Low
TXN0001127,POL001127,CUST01127,6157,VND0041,0,0.0615,6.15,Low
TXN0001128,POL001128,CUST01128,5731,VND0043,0,0.0233,2.33,Low
TXN0001129,POL001129,CUST01129,871,VND0002,0,0.0222,2.22,Low
TXN0001130,POL001130,CUST01130,1290,VND0033,0,0.0073,0.73,Low
TXN0001131,POL001131,CUST01131,4031,VND0031,0,0.0271,2.71,Low
TXN0001132,POL001132,CUST01132,4691,VND0003,0,0.014,1.4,Low
TXN0001133,POL001133,CUST01133,41001,VND0042,1,0.9244,92.44,Critical
TXN0001134,POL001134,CUST01134,5334,VND0030,0,0.1343,13.43,Low
TXN0001135,POL001135,CUST01135,1640,VND0036,0,0.0125,1.25,Low
TXN0001136,POL001136,CUST01136,452,VND0034,0,0.0151,1.51,Low
TXN0001137,POL001137,CUST01137,4508,VND0017,0,0.0255,2.55,Low
TXN0001138,POL001138,CUST01138,3965,VND0011,0,0.0187,1.87,Low
TXN0001139,POL001139,CUST01139,17427,VND0019,1,0.9244,92.44,Critical
TXN0001140,POL001140,CUST01140,4115,VND0039,0,0.0244,2.44,Low
TXN0001141,POL001141,CUST01141,3608,VND0032,0,0.0206,2.06,Low
TXN0001142,POL001142,CUST01142,2263,VND0032,0,0.0512,5.12,Low
TXN0001143,POL001143,CUST01143,786,VND0007,0,0.0105,1.05,Low
TXN0001144,POL001144,CUST01144,6159,VND0001,0,0.0371,3.71,Low
TXN0001145,POL001145,CUST01145,5817,VND0034,0,0.0069,0.69,Low
TXN0001146,POL001146,CUST01146,1306,VND0048,0,0.0206,2.06,Low
TXN0001147,POL001147,CUST01147,4986,VND0018,0,0.0021,0.21,Low
TXN0001148,POL001148,CUST01148,2676,VND0023,0,0.004,0.4,Low
TXN0001149,POL001149,CUST01149,3171,VND0048,0,0.0177,1.77,Low
TXN0001150,POL001150,CUST01150,5970,VND0012,0,0.0321,3.21,Low
TXN0001151,POL001151,CUST01151,33121,VND0027,1,0.9476,94.76,Critical
TXN0001152,POL001152,CUST01152,1496,VND0005,0,0.0188,1.88,Low
TXN0001153,POL001153,CUST01153,13897,VND0014,1,0.9604,96.04,Critical
TXN0001154,POL001154,CUST01154,5785,VND0019,0,0.0126,1.26,Low
TXN0001155,POL001155,CUST01155,6435,VND0035,0,0.0075,0.75,Low
TXN0001156,POL001156,CUST01156,18780,VND0016,1,0.9321,93.21,Critical
TXN0001157,POL001157,CUST01157,38594,VND0024,1,0.95,95.0,Critical
TXN0001158,POL001158,CUST01158,39301,VND0015,1,0.9187,91.87,Critical
TXN0001159,POL001159,CUST01159,4214,VND0008,0,0.0637,6.37,Low
TXN0001160,POL001160,CUST01160,712,VND0040,0,0.0076,0.76,Low
TXN0001161,POL001161,CUST01161,9907,VND0034,1,0.897,89.7,Critical
TXN0001162,POL001162,CUST01162,4809,VND0033,0,0.1177,11.77,Low
TXN0001163,POL001163,CUST01163,4706,VND0030,0,0.0788,7.88,Low
TXN0001164,POL001164,CUST01164,5576,VND0007,0,0.0301,3.01,Low
TXN0001165,POL001165,CUST01165,34309,VND0026,1,0.984,98.4,Critical
TXN0001166,POL001166,CUST01166,5979,VND0036,0,0.113,11.3,Low
TXN0001167,POL001167,CUST01167,5264,VND0025,0,0.0179,1.79,Low
TXN0001168,POL001168,CUST01168,6872,VND0037,0,0.1407,14.07,Low
TXN0001169,POL001169,CUST01169,4786,VND0017,0,0.0214,2.14,Low
TXN0001170,POL001170,CUST01170,46435,VND0026,1,0.8869,88.69,Critical
TXN0001171,POL001171,CUST01171,3885,VND0020,0,0.009,0.9,Low
TXN0001172,POL001172,CUST01172,5429,VND0050,0,0.0317,3.17,Low
TXN0001173,POL001173,CUST01173,685,VND0009,0,0.0049,0.49,Low
TXN0001174,POL001174,CUST01174,3639,VND0015,0,0.0311,3.11,Low
TXN0001175,POL001175,CUST01175,3092,VND0035,0,0.0152,1.52,Low
TXN0001176,POL001176,CUST01176,6406,VND0003,0,0.1682,16.82,Low
TXN0001177,POL001177,CUST01177,693,VND0026,0,0.0183,1.83,Low
TXN0001178,POL001178,CUST01178,4577,VND0002,0,0.0196,1.96,Low
TXN0001179,POL001179,CUST01179,1453,VND0027,0,0.0082,0.82,Low
TXN0001180,POL001180,CUST01180,6208,VND0017,0,0.0318,3.18,Low
TXN0001181,POL001181,CUST01181,5992,VND0010,0,0.0266,2.66,Low
TXN0001182,POL001182,CUST01182,41763,VND0025,1,0.9712,97.12,Critical
TXN0001183,POL001183,CUST01183,10545,VND0017,1,0.8965,89.65,Critical
TXN0001184,POL001184,CUST01184,3577,VND0004,0,0.02,2.0,Low
TXN0001185,POL001185,CUST01185,6803,VND0027,0,0.0266,2.66,Low
TXN0001186,POL001186,CUST01186,5162,VND0029,0,0.015,1.5,Low
TXN0001187,POL001187,CUST01187,434,VND0034,0,0.0209,2.09,Low
TXN0001188,POL001188,CUST01188,1578,VND0046,0,0.0122,1.22,Low
TXN0001189,POL001189,CUST01189,18995,VND0036,1,0.888,88.8,Critical
TXN0001190,POL001190,CUST01190,1637,VND0040,0,0.0031,0.31,Low
TXN0001191,POL001191,CUST01191,1100,VND0033,0,0.0202,2.02,Low
TXN0001192,POL001192,CUST01192,6850,VND0034,0,0.0418,4.18,Low
TXN0001193,POL001193,CUST01193,6109,VND0040,0,0.0165,1.65,Low
TXN0001194,POL001194,CUST01194,3155,VND0034,0,0.0452,4.52,Low
TXN0001195,POL001195,CUST01195,1662,VND0026,0,0.0078,0.78,Low
TXN0001196,POL001196,CUST01196,1436,VND0037,0,0.0126,1.26,Low
TXN0001197,POL001197,CUST01197,6427,VND0049,0,0.0349,3.49,Low
TXN0001198,POL001198,CUST01198,2453,VND0025,0,0.0037,0.37,Low
TXN0001199,POL001199,CUST01199,285,VND0012,0,0.0019,0.19,Low
TXN0001200,POL001200,CUST01200,2902,VND0021,0,0.0076,0.76,Low
TXN0001201,POL001201,CUST01201,3289,VND0001,0,0.0115,1.15,Low
TXN0001202,POL001202,CUST01202,4436,VND0016,0,0.012,1.2,Low
TXN0001203,POL001203,CUST01203,2503,VND0045,0,0.0043,0.43,Low
TXN0001204,POL001204,CUST01204,6476,VND0005,0,0.0389,3.89,Low
TXN0001205,POL001205,CUST01205,8176,VND0045,1,0.8136,81.36,Critical
TXN0001206,POL001206,CUST01206,29050,VND0029,1,0.9706,97.06,Critical
TXN0001207,POL001207,CUST01207,2695,VND0016,0,0.0036,0.36,Low
TXN0001208,POL001208,CUST01208,4631,VND0024,0,0.0235,2.35,Low
TXN0001209,POL001209,CUST01209,2684,VND0044,0,0.003,0.3,Low
TXN0001210,POL001210,CUST01210,4959,VND0006,0,0.154,15.4,Low
TXN0001211,POL001211,CUST01211,5270,VND0029,0,0.1127,11.27,Low
TXN0001212,POL001212,CUST01212,2388,VND0014,0,0.0124,1.24,Low
TXN0001213,POL001213,CUST01213,6576,VND0028,0,0.0904,9.04,Low
TXN0001214,POL001214,CUST01214,6028,VND0040,0,0.0157,1.57,Low
TXN0001215,POL001215,CUST01215,6282,VND0047,0,0.0188,1.88,Low
TXN0001216,POL001216,CUST01216,1681,VND0013,0,0.0184,1.84,Low
TXN0001217,POL001217,CUST01217,5081,VND0034,0,0.0242,2.42,Low
TXN0001218,POL001218,CUST01218,923,VND0022,0,0.0425,4.25,Low
TXN0001219,POL001219,CUST01219,917,VND0026,0,0.0119,1.19,Low
TXN0001220,POL001220,CUST01220,17482,VND0009,1,0.956,95.6,Critical
TXN0001221,POL001221,CUST01221,22989,VND0043,1,0.9596,95.96,Critical
TXN0001222,POL001222,CUST01222,6076,VND0009,0,0.0394,3.94,Low
TXN0001223,POL001223,CUST01223,3129,VND0002,0,0.0259,2.59,Low
TXN0001224,POL001224,CUST01224,2264,VND0038,0,0.004,0.4,Low
TXN0001225,POL001225,CUST01225,699,VND0021,0,0.0288,2.88,Low
TXN0001226,POL001226,CUST01226,4791,VND0004,0,0.0225,2.25,Low
TXN0001227,POL001227,CUST01227,5105,VND0035,0,0.0276,2.76,Low
TXN0001228,POL001228,CUST01228,3375,VND0015,0,0.0111,1.11,Low
TXN0001229,POL001229,CUST01229,5707,VND0049,0,0.1038,10.38,Low
TXN0001230,POL001230,CUST01230,33307,VND0050,1,0.9646,96.46,Critical
TXN0001231,POL001231,CUST01231,3951,VND0028,0,0.0461,4.61,Low
TXN0001232,POL001232,CUST01232,2150,VND0024,0,0.0138,1.38,Low
TXN0001233,POL001233,CUST01233,4159,VND0023,0,0.0265,2.65,Low
TXN0001234,POL001234,CUST01234,1124,VND0031,0,0.0061,0.61,Low
TXN0001235,POL001235,CUST01235,3437,VND0046,0,0.0097,0.97,Low
TXN0001236,POL001236,CUST01236,14709,VND0033,1,0.8487,84.87,Critical
TXN0001237,POL001237,CUST01237,3984,VND0005,0,0.006,0.6,Low
TXN0001238,POL001238,CUST01238,3236,VND0010,0,0.0248,2.48,Low
TXN0001239,POL001239,CUST01239,4576,VND0032,0,0.035,3.5,Low
TXN0001240,POL001240,CUST01240,48499,VND0019,1,0.9778,97.78,Critical
TXN0001241,POL001241,CUST01241,2126,VND0024,0,0.0253,2.53,Low
TXN0001242,POL001242,CUST01242,1664,VND0021,0,0.0055,0.55,Low
TXN0001243,POL001243,CUST01243,4604,VND0030,0,0.0118,1.18,Low
TXN0001244,POL001244,CUST01244,19655,VND0012,1,0.9294,92.94,Critical
TXN0001245,POL001245,CUST01245,5321,VND0004,0,0.0212,2.12,Low
TXN0001246,POL001246,CUST01246,4542,VND0012,0,0.0206,2.06,Low
TXN0001247,POL001247,CUST01247,6466,VND0034,0,0.0049,0.49,Low
TXN0001248,POL001248,CUST01248,6317,VND0031,0,0.0204,2.04,Low
TXN0001249,POL001249,CUST01249,3644,VND0041,0,0.0193,1.93,Low
TXN0001250,POL001250,CUST01250,943,VND0006,0,0.0125,1.25,Low
TXN0001251,POL001251,CUST01251,22333,VND0008,1,0.948,94.8,Critical
TXN0001252,POL001252,CUST01252,31547,VND0007,1,0.9601,96.01,Critical
TXN0001253,POL001253,CUST01253,40576,VND0029,1,0.9762,97.62,Critical
TXN0001254,POL001254,CUST01254,5976,VND0029,0,0.0223,2.23,Low
TXN0001255,POL001255,CUST01255,16708,VND0008,1,0.9635,96.35,Critical
TXN0001256,POL001256,CUST01256,2450,VND0023,0,0.0033,0.33,Low
TXN0001257,POL001257,CUST01257,3442,VND0003,0,0.1088,10.88,Low
TXN0001258,POL001258,CUST01258,1526,VND0031,0,0.0162,1.62,Low
TXN0001259,POL001259,CUST01259,1412,VND0029,0,0.004,0.4,Low
TXN0001260,POL001260,CUST01260,2002,VND0002,0,0.0109,1.09,Low
TXN0001261,POL001261,CUST01261,16517,VND0005,1,0.845,84.5,Critical
TXN0001262,POL001262,CUST01262,2055,VND0036,0,0.0154,1.54,Low
TXN0001263,POL001263,CUST01263,1231,VND0045,0,0.003,0.3,Low
TXN0001264,POL001264,CUST01264,3240,VND0043,0,0.0034,0.34,Low
TXN0001265,POL001265,CUST01265,4440,VND0029,0,0.0061,0.61,Low
TXN0001266,POL001266,CUST01266,2416,VND0027,0,0.0195,1.95,Low
TXN0001267,POL001267,CUST01267,3828,VND0041,0,0.0111,1.11,Low
TXN0001268,POL001268,CUST01268,2044,VND0043,0,0.0098,0.98,Low
TXN0001269,POL001269,CUST01269,4986,VND0046,0,0.0136,1.36,Low
TXN0001270,POL001270,CUST01270,4609,VND0020,0,0.0172,1.72,Low
TXN0001271,POL001271,CUST01271,6728,VND0024,0,0.1758,17.58,Low
TXN0001272,POL001272,CUST01272,560,VND0004,0,0.0,0.0,Low
TXN0001273,POL001273,CUST01273,6001,VND0009,0,0.0902,9.02,Low
TXN0001274,POL001274,CUST01274,2514,VND0019,0,0.014,1.4,Low
TXN0001275,POL001275,CUST01275,11075,VND0041,1,0.9016,90.16,Critical
TXN0001276,POL001276,CUST01276,4890,VND0023,0,0.0373,3.73,Low
TXN0001277,POL001277,CUST01277,1367,VND0030,0,0.0107,1.07,Low
TXN0001278,POL001278,CUST01278,41790,VND0044,1,0.9345,93.45,Critical
TXN0001279,POL001279,CUST01279,6861,VND0024,0,0.1286,12.86,Low
TXN0001280,POL001280,CUST01280,1702,VND0017,0,0.0086,0.86,Low
TXN0001281,POL001281,CUST01281,3920,VND0037,0,0.0145,1.45,Low
TXN0001282,POL001282,CUST01282,1564,VND0016,0,0.0171,1.71,Low
TXN0001283,POL001283,CUST01283,1043,VND0020,0,0.009,0.9,Low
TXN0001284,POL001284,CUST01284,206,VND0045,0,0.0129,1.29,Low
TXN0001285,POL001285,CUST01285,309,VND0022,0,0.0324,3.24,Low
TXN0001286,POL001286,CUST01286,3421,VND0013,0,0.0027,0.27,Low
TXN0001287,POL001287,CUST01287,3151,VND0042,0,0.0444,4.44,Low
TXN0001288,POL001288,CUST01288,464,VND0033,0,0.0116,1.16,Low
TXN0001289,POL001289,CUST01289,2577,VND0039,0,0.0023,0.23,Low
TXN0001290,POL001290,CUST01290,2055,VND0017,0,0.019,1.9,Low
TXN0001291,POL001291,CUST01291,4084,VND0040,0,0.0135,1.35,Low
TXN0001292,POL001292,CUST01292,6964,VND0048,0,0.068,6.8,Low
TXN0001293,POL001293,CUST01293,4903,VND0009,0,0.0085,0.85,Low
TXN0001294,POL001294,CUST01294,6445,VND0010,0,0.0243,2.43,Low
TXN0001295,POL001295,CUST01295,1507,VND0029,0,0.0331,3.31,Low
TXN0001296,POL001296,CUST01296,1662,VND0037,0,0.0069,0.69,Low
TXN0001297,POL001297,CUST01297,19437,VND0001,1,0.7428,74.28,High
TXN0001298,POL001298,CUST01298,2308,VND0028,0,0.0258,2.58,Low
TXN0001299,POL001299,CUST01299,5971,VND0007,0,0.1082,10.82,Low
TXN0001300,POL001300,CUST01300,3353,VND0049,0,0.0113,1.13,Low
TXN0001301,POL001301,CUST01301,1565,VND0037,0,0.0149,1.49,Low
TXN0001302,POL001302,CUST01302,5942,VND0050,0,0.0178,1.78,Low
TXN0001303,POL001303,CUST01303,3943,VND0011,0,0.0192,1.92,Low
TXN0001304,POL001304,CUST01304,5657,VND0040,0,0.022,2.2,Low
TXN0001305,POL001305,CUST01305,3275,VND0020,0,0.0081,0.81,Low
TXN0001306,POL001306,CUST01306,1058,VND0006,0,0.0064,0.64,Low
TXN0001307,POL001307,CUST01307,4831,VND0025,0,0.0084,0.84,Low
TXN0001308,POL001308,CUST01308,1046,VND0024,0,0.0125,1.25,Low
TXN0001309,POL001309,CUST01309,40005,VND0026,1,0.9077,90.77,Critical
TXN0001310,POL001310,CUST01310,3033,VND0043,0,0.0048,0.48,Low
TXN0001311,POL001311,CUST01311,5582,VND0014,0,0.0115,1.15,Low
TXN0001312,POL001312,CUST01312,6116,VND0032,0,0.0121,1.21,Low
TXN0001313,POL001313,CUST01313,2970,VND0010,0,0.0216,2.16,Low
TXN0001314,POL001314,CUST01314,14658,VND0044,1,0.9346,93.46,Critical
TXN0001315,POL001315,CUST01315,45336,VND0023,1,0.9191,91.91,Critical
TXN0001316,POL001316,CUST01316,930,VND0040,0,0.0131,1.31,Low
TXN0001317,POL001317,CUST01317,6956,VND0014,0,0.0837,8.37,Low
TXN0001318,POL001318,CUST01318,44937,VND0016,1,0.9563,95.63,Critical
TXN0001319,POL001319,CUST01319,3264,VND0050,0,0.0102,1.02,Low
TXN0001320,POL001320,CUST01320,1258,VND0010,0,0.021,2.1,Low
TXN0001321,POL001321,CUST01321,2165,VND0029,0,0.0162,1.62,Low
TXN0001322,POL001322,CUST01322,4865,VND0017,0,0.0197,1.97,Low
TXN0001323,POL001323,CUST01323,46395,VND0020,1,0.9597,95.97,Critical
TXN0001324,POL001324,CUST01324,6431,VND0035,0,0.0719,7.19,Low
TXN0001325,POL001325,CUST01325,2972,VND0040,0,0.0037,0.37,Low
TXN0001326,POL001326,CUST01326,3292,VND0025,0,0.014,1.4,Low
TXN0001327,POL001327,CUST01327,1310,VND0032,0,0.0214,2.14,Low
TXN0001328,POL001328,CUST01328,764,VND0003,0,0.0027,0.27,Low
TXN0001329,POL001329,CUST01329,3177,VND0012,0,0.017,1.7,Low
TXN0001330,POL001330,CUST01330,4138,VND0038,0,0.0152,1.52,Low
TXN0001331,POL001331,CUST01331,909,VND0034,0,0.0023,0.23,Low
TXN0001332,POL001332,CUST01332,2977,VND0003,0,0.0209,2.09,Low
TXN0001333,POL001333,CUST01333,4562,VND0045,0,0.0132,1.32,Low
TXN0001334,POL001334,CUST01334,5714,VND0021,0,0.0277,2.77,Low
TXN0001335,POL001335,CUST01335,6581,VND0016,0,0.0262,2.62,Low
TXN0001336,POL001336,CUST01336,2514,VND0024,0,0.0153,1.53,Low
TXN0001337,POL001337,CUST01337,2863,VND0020,0,0.0155,1.55,Low
TXN0001338,POL001338,CUST01338,6149,VND0026,0,0.0086,0.86,Low
TXN0001339,POL001339,CUST01339,4914,VND0009,0,0.0121,1.21,Low
TXN0001340,POL001340,CUST01340,2061,VND0007,0,0.0156,1.56,Low
TXN0001341,POL001341,CUST01341,45091,VND0050,1,0.9649,96.49,Critical
TXN0001342,POL001342,CUST01342,1271,VND0038,0,0.0116,1.16,Low
TXN0001343,POL001343,CUST01343,3253,VND0019,0,0.0047,0.47,Low
TXN0001344,POL001344,CUST01344,2284,VND0043,0,0.017,1.7,Low
TXN0001345,POL001345,CUST01345,6949,VND0040,0,0.1413,14.13,Low
TXN0001346,POL001346,CUST01346,437,VND0035,0,0.0214,2.14,Low
TXN0001347,POL001347,CUST01347,6026,VND0037,0,0.011,1.1,Low
TXN0001348,POL001348,CUST01348,2112,VND0048,0,0.0202,2.02,Low
TXN0001349,POL001349,CUST01349,446,VND0042,0,0.0172,1.72,Low
TXN0001350,POL001350,CUST01350,41208,VND0013,1,0.985,98.5,Critical
TXN0001351,POL001351,CUST01351,4810,VND0037,0,0.0321,3.21,Low
TXN0001352,POL001352,CUST01352,1167,VND0009,0,0.0151,1.51,Low
TXN0001353,POL001353,CUST01353,460,VND0026,0,0.005,0.5,Low
TXN0001354,POL001354,CUST01354,957,VND0004,0,0.0299,2.99,Low
TXN0001355,POL001355,CUST01355,2980,VND0009,0,0.0069,0.69,Low
TXN0001356,POL001356,CUST01356,32003,VND0037,1,0.887,88.7,Critical
TXN0001357,POL001357,CUST01357,4980,VND0019,0,0.0216,2.16,Low
TXN0001358,POL001358,CUST01358,727,VND0009,0,0.0265,2.65,Low
TXN0001359,POL001359,CUST01359,5564,VND0049,0,0.109,10.9,Low
TXN0001360,POL001360,CUST01360,6147,VND0047,0,0.0467,4.67,Low
TXN0001361,POL001361,CUST01361,5074,VND0012,0,0.0115,1.15,Low
TXN0001362,POL001362,CUST01362,6619,VND0030,0,0.0352,3.52,Low
TXN0001363,POL001363,CUST01363,6586,VND0015,0,0.028,2.8,Low
TXN0001364,POL001364,CUST01364,15182,VND0041,1,0.8807,88.07,Critical
TXN0001365,POL001365,CUST01365,2525,VND0035,0,0.0291,2.91,Low
TXN0001366,POL001366,CUST01366,5368,VND0022,0,0.0731,7.31,Low
TXN0001367,POL001367,CUST01367,2509,VND0047,0,0.0191,1.91,Low
TXN0001368,POL001368,CUST01368,28455,VND0037,1,0.9785,97.85,Critical
TXN0001369,POL001369,CUST01369,5465,VND0008,0,0.0118,1.18,Low
TXN0001370,POL001370,CUST01370,6978,VND0023,0,0.0664,6.64,Low
TXN0001371,POL001371,CUST01371,39966,VND0042,1,0.9294,92.94,Critical
TXN0001372,POL001372,CUST01372,2565,VND0027,0,0.0153,1.53,Low
TXN0001373,POL001373,CUST01373,365,VND0005,0,0.0095,0.95,Low
TXN0001374,POL001374,CUST01374,2141,VND0039,0,0.0224,2.24,Low
TXN0001375,POL001375,CUST01375,2107,VND0025,0,0.0277,2.77,Low
TXN0001376,POL001376,CUST01376,47996,VND0012,1,0.958,95.8,Critical
TXN0001377,POL001377,CUST01377,3064,VND0041,0,0.0217,2.17,Low
TXN0001378,POL001378,CUST01378,6024,VND0045,0,0.0696,6.96,Low
TXN0001379,POL001379,CUST01379,5461,VND0030,0,0.0083,0.83,Low
TXN0001380,POL001380,CUST01380,5154,VND0036,0,0.0367,3.67,Low
TXN0001381,POL001381,CUST01381,235,VND0013,0,0.0262,2.62,Low
TXN0001382,POL001382,CUST01382,9634,VND0038,1,0.6492,64.92,High
TXN0001383,POL001383,CUST01383,5161,VND0046,0,0.029,2.9,Low
TXN0001384,POL001384,CUST01384,1863,VND0012,0,0.0086,0.86,Low
TXN0001385,POL001385,CUST01385,3088,VND0048,0,0.0615,6.15,Low
TXN0001386,POL001386,CUST01386,11874,VND0005,1,0.8482,84.82,Critical
TXN0001387,POL001387,CUST01387,5602,VND0023,0,0.0926,9.26,Low
TXN0001388,POL001388,CUST01388,6010,VND0004,0,0.0386,3.86,Low
TXN0001389,POL001389,CUST01389,3122,VND0023,0,0.0107,1.07,Low
TXN0001390,POL001390,CUST01390,39581,VND0033,1,0.9587,95.87,Critical
TXN0001391,POL001391,CUST01391,2802,VND0044,0,0.0159,1.59,Low
TXN0001392,POL001392,CUST01392,4746,VND0008,0,0.0545,5.45,Low
TXN0001393,POL001393,CUST01393,19904,VND0045,1,0.941,94.1,Critical
TXN0001394,POL001394,CUST01394,20575,VND0050,1,0.9354,93.54,Critical
TXN0001395,POL001395,CUST01395,1344,VND0004,0,0.0045,0.45,Low
TXN0001396,POL001396,CUST01396,3453,VND0049,0,0.0547,5.47,Low
TXN0001397,POL001397,CUST01397,1813,VND0046,0,0.0186,1.86,Low
TXN0001398,POL001398,CUST01398,3769,VND0002,0,0.0258,2.58,Low
TXN0001399,POL001399,CUST01399,6242,VND0004,0,0.0312,3.12,Low
TXN0001400,POL001400,CUST01400,5474,VND0037,0,0.0066,0.66,Low
TXN0001401,POL001401,CUST01401,3450,VND0021,0,0.0135,1.35,Low
TXN0001402,POL001402,CUST01402,45100,VND0014,1,0.9521,95.21,Critical
TXN0001403,POL001403,CUST01403,6865,VND0021,0,0.0324,3.24,Low
TXN0001404,POL001404,CUST01404,3221,VND0018,0,0.013,1.3,Low
TXN0001405,POL001405,CUST01405,5391,VND0049,0,0.1321,13.21,Low
TXN0001406,POL001406,CUST01406,2527,VND0013,0,0.0059,0.59,Low
TXN0001407,POL001407,CUST01407,6174,VND0005,0,0.0177,1.77,Low
TXN0001408,POL001408,CUST01408,36740,VND0042,1,0.9368,93.68,Critical
TXN0001409,POL001409,CUST01409,1956,VND0042,0,0.0202,2.02,Low
TXN0001410,POL001410,CUST01410,1110,VND0045,0,0.0024,0.24,Low
TXN0001411,POL001411,CUST01411,5929,VND0049,0,0.1199,11.99,Low
TXN0001412,POL001412,CUST01412,2219,VND0003,0,0.028,2.8,Low
TXN0001413,POL001413,CUST01413,5730,VND0039,0,0.0272,2.72,Low
TXN0001414,POL001414,CUST01414,787,VND0014,0,0.0189,1.89,Low
TXN0001415,POL001415,CUST01415,18119,VND0022,1,0.9625,96.25,Critical
TXN0001416,POL001416,CUST01416,3109,VND0023,0,0.0088,0.88,Low
TXN0001417,POL001417,CUST01417,3183,VND0050,0,0.0225,2.25,Low
TXN0001418,POL001418,CUST01418,1338,VND0027,0,0.0049,0.49,Low
TXN0001419,POL001419,CUST01419,702,VND0012,0,0.0073,0.73,Low
TXN0001420,POL001420,CUST01420,2555,VND0005,0,0.0091,0.91,Low
TXN0001421,POL001421,CUST01421,3397,VND0030,0,0.0233,2.33,Low
TXN0001422,POL001422,CUST01422,5596,VND0042,0,0.0344,3.44,Low
TXN0001423,POL001423,CUST01423,3344,VND0036,0,0.0596,5.96,Low
TXN0001424,POL001424,CUST01424,1872,VND0047,0,0.0141,1.41,Low
TXN0001425,POL001425,CUST01425,1984,VND0003,0,0.0399,3.99,Low
TXN0001426,POL001426,CUST01426,4360,VND0021,0,0.0186,1.86,Low
TXN0001427,POL001427,CUST01427,32277,VND0031,1,0.9527,95.27,Critical
TXN0001428,POL001428,CUST01428,39683,VND0043,1,0.9487,94.87,Critical
TXN0001429,POL001429,CUST01429,3190,VND0016,0,0.0395,3.95,Low
TXN0001430,POL001430,CUST01430,4055,VND0034,0,0.0112,1.12,Low
TXN0001431,POL001431,CUST01431,634,VND0011,0,0.0164,1.64,Low
TXN0001432,POL001432,CUST01432,1517,VND0030,0,0.0274,2.74,Low
TXN0001433,POL001433,CUST01433,24015,VND0039,1,0.9575,95.75,Critical
TXN0001434,POL001434,CUST01434,2544,VND0041,0,0.0142,1.42,Low
TXN0001435,POL001435,CUST01435,3062,VND0023,0,0.0323,3.23,Low
TXN0001436,POL001436,CUST01436,4214,VND0024,0,0.0272,2.72,Low
TXN0001437,POL001437,CUST01437,593,VND0045,0,0.0029,0.29,Low
TXN0001438,POL001438,CUST01438,3644,VND0028,0,0.1063,10.63,Low
TXN0001439,POL001439,CUST01439,2554,VND0018,0,0.0184,1.84,Low
TXN0001440,POL001440,CUST01440,1210,VND0014,0,0.0133,1.33,Low
TXN0001441,POL001441,CUST01441,3044,VND0036,0,0.0131,1.31,Low
TXN0001442,POL001442,CUST01442,34808,VND0036,1,0.9618,96.18,Critical
TXN0001443,POL001443,CUST01443,1467,VND0027,0,0.0071,0.71,Low
TXN0001444,POL001444,CUST01444,29627,VND0008,1,0.9495,94.95,Critical
TXN0001445,POL001445,CUST01445,5274,VND0009,0,0.0587,5.87,Low
TXN0001446,POL001446,CUST01446,2017,VND0013,0,0.0155,1.55,Low
TXN0001447,POL001447,CUST01447,6772,VND0001,0,0.0223,2.23,Low
TXN0001448,POL001448,CUST01448,4364,VND0024,0,0.0071,0.71,Low
TXN0001449,POL001449,CUST01449,5456,VND0021,0,0.0089,0.89,Low
TXN0001450,POL001450,CUST01450,677,VND0020,0,0.0114,1.14,Low
TXN0001451,POL001451,CUST01451,5418,VND0047,0,0.0561,5.61,Low
TXN0001452,POL001452,CUST01452,2488,VND0012,0,0.0152,1.52,Low
TXN0001453,POL001453,CUST01453,5028,VND0041,0,0.0149,1.49,Low
TXN0001454,POL001454,CUST01454,5669,VND0010,0,0.0146,1.46,Low
TXN0001455,POL001455,CUST01455,1902,VND0031,0,0.0,0.0,Low
TXN0001456,POL001456,CUST01456,18454,VND0044,1,0.9515,95.15,Critical
TXN0001457,POL001457,CUST01457,604,VND0042,0,0.0176,1.76,Low
TXN0001458,POL001458,CUST01458,4315,VND0030,0,0.0119,1.19,Low
TXN0001459,POL001459,CUST01459,5463,VND0011,0,0.0179,1.79,Low
TXN0001460,POL001460,CUST01460,2988,VND0019,0,0.0123,1.23,Low
TXN0001461,POL001461,CUST01461,1294,VND0022,0,0.0169,1.69,Low
TXN0001462,POL001462,CUST01462,2351,VND0043,0,0.05,5.0,Low
TXN0001463,POL001463,CUST01463,2939,VND0019,0,0.023,2.3,Low
TXN0001464,POL001464,CUST01464,6429,VND0042,0,0.0846,8.46,Low
TXN0001465,POL001465,CUST01465,1043,VND0048,0,0.0134,1.34,Low
TXN0001466,POL001466,CUST01466,2534,VND0006,0,0.007,0.7,Low
TXN0001467,POL001467,CUST01467,4538,VND0047,0,0.0737,7.37,Low
TXN0001468,POL001468,CUST01468,1809,VND0029,0,0.0157,1.57,Low
TXN0001469,POL001469,CUST01469,6216,VND0031,0,0.0377,3.77,Low
TXN0001470,POL001470,CUST01470,6383,VND0016,0,0.0878,8.78,Low
TXN0001471,POL001471,CUST01471,2784,VND0017,0,0.0065,0.65,Low
TXN0001472,POL001472,CUST01472,5272,VND0028,0,0.0482,4.82,Low
TXN0001473,POL001473,CUST01473,17244,VND0010,1,0.8364,83.64,Critical
TXN0001474,POL001474,CUST01474,4836,VND0036,0,0.0646,6.46,Low
TXN0001475,POL001475,CUST01475,1468,VND0034,0,0.0296,2.96,Low
TXN0001476,POL001476,CUST01476,536,VND0001,0,0.0216,2.16,Low
TXN0001477,POL001477,CUST01477,2561,VND0011,0,0.0076,0.76,Low
TXN0001478,POL001478,CUST01478,1092,VND0026,0,0.0173,1.73,Low
TXN0001479,POL001479,CUST01479,2187,VND0038,0,0.018,1.8,Low
TXN0001480,POL001480,CUST01480,4540,VND0015,0,0.0124,1.24,Low
TXN0001481,POL001481,CUST01481,4203,VND0045,0,0.0092,0.92,Low
TXN0001482,POL001482,CUST01482,16870,VND0027,1,0.9485,94.85,Critical
TXN0001483,POL001483,CUST01483,320,VND0027,0,0.0188,1.88,Low
TXN0001484,POL001484,CUST01484,1734,VND0006,0,0.0077,0.77,Low
TXN0001485,POL001485,CUST01485,3292,VND0032,0,0.0067,0.67,Low
TXN0001486,POL001486,CUST01486,43972,VND0041,1,0.9474,94.74,Critical
TXN0001487,POL001487,CUST01487,2682,VND0011,0,0.0101,1.01,Low
TXN0001488,POL001488,CUST01488,2144,VND0028,0,0.0198,1.98,Low
TXN0001489,POL001489,CUST01489,3949,VND0001,0,0.0107,1.07,Low
TXN0001490,POL001490,CUST01490,686,VND0011,0,0.0078,0.78,Low
TXN0001491,POL001491,CUST01491,12694,VND0004,1,0.899,89.9,Critical
TXN0001492,POL001492,CUST01492,447,VND0039,0,0.0078,0.78,Low
TXN0001493,POL001493,CUST01493,3774,VND0050,0,0.0345,3.45,Low
TXN0001494,POL001494,CUST01494,3213,VND0002,0,0.0281,2.81,Low
TXN0001495,POL001495,CUST01495,4161,VND0036,0,0.0202,2.02,Low
TXN0001496,POL001496,CUST01496,4396,VND0030,0,0.0417,4.17,Low
TXN0001497,POL001497,CUST01497,2886,VND0036,0,0.0218,2.18,Low
TXN0001498,POL001498,CUST01498,6108,VND0026,0,0.0119,1.19,Low
TXN0001499,POL001499,CUST01499,6444,VND0050,0,0.0395,3.95,Low
TXN0001500,POL001500,CUST01500,953,VND0002,0,0.0109,1.09,Low
TXN0001501,POL001501,CUST01501,6456,VND0008,0,0.0307,3.07,Low
TXN0001502,POL001502,CUST01502,1537,VND0013,0,0.0132,1.32,Low
TXN0001503,POL001503,CUST01503,1889,VND0040,0,0.0244,2.44,Low
TXN0001504,POL001504,CUST01504,3802,VND0004,0,0.0177,1.77,Low
TXN0001505,POL001505,CUST01505,399,VND0007,0,0.0098,0.98,Low
TXN0001506,POL001506,CUST01506,2675,VND0037,0,0.0146,1.46,Low
TXN0001507,POL001507,CUST01507,1523,VND0021,0,0.004,0.4,Low
TXN0001508,POL001508,CUST01508,3481,VND0036,0,0.052,5.2,Low
TXN0001509,POL001509,CUST01509,5739,VND0019,0,0.0236,2.36,Low
TXN0001510,POL001510,CUST01510,6484,VND0005,0,0.0104,1.04,Low
TXN0001511,POL001511,CUST01511,23654,VND0030,1,0.9659,96.59,Critical
TXN0001512,POL001512,CUST01512,3905,VND0006,0,0.0165,1.65,Low
TXN0001513,POL001513,CUST01513,3426,VND0024,0,0.0,0.0,Low
TXN0001514,POL001514,CUST01514,3022,VND0045,0,0.0256,2.56,Low
TXN0001515,POL001515,CUST01515,4502,VND0010,0,0.0071,0.71,Low
TXN0001516,POL001516,CUST01516,6928,VND0011,0,0.0639,6.39,Low
TXN0001517,POL001517,CUST01517,8532,VND0048,1,0.8275,82.75,Critical
TXN0001518,POL001518,CUST01518,643,VND0016,0,0.0046,0.46,Low
TXN0001519,POL001519,CUST01519,6428,VND0019,0,0.0171,1.71,Low
TXN0001520,POL001520,CUST01520,6538,VND0035,0,0.0455,4.55,Low
TXN0001521,POL001521,CUST01521,2392,VND0007,0,0.0175,1.75,Low
TXN0001522,POL001522,CUST01522,3611,VND0004,0,0.0122,1.22,Low
TXN0001523,POL001523,CUST01523,6065,VND0043,0,0.0171,1.71,Low
TXN0001524,POL001524,CUST01524,3625,VND0048,0,0.0303,3.03,Low
TXN0001525,POL001525,CUST01525,3472,VND0050,0,0.0136,1.36,Low
TXN0001526,POL001526,CUST01526,6469,VND0002,0,0.1369,13.69,Low
TXN0001527,POL001527,CUST01527,5835,VND0027,0,0.0103,1.03,Low
TXN0001528,POL001528,CUST01528,3649,VND0043,0,0.0053,0.53,Low
TXN0001529,POL001529,CUST01529,41735,VND0043,1,0.8669,86.69,Critical
TXN0001530,POL001530,CUST01530,3181,VND0019,0,0.0365,3.65,Low
TXN0001531,POL001531,CUST01531,4799,VND0025,0,0.0,0.0,Low
TXN0001532,POL001532,CUST01532,41181,VND0008,1,0.9441,94.41,Critical
TXN0001533,POL001533,CUST01533,3853,VND0007,0,0.0166,1.66,Low
TXN0001534,POL001534,CUST01534,4679,VND0019,0,0.0039,0.39,Low
TXN0001535,POL001535,CUST01535,17346,VND0012,1,0.9121,91.21,Critical
TXN0001536,POL001536,CUST01536,4073,VND0049,0,0.0062,0.62,Low
TXN0001537,POL001537,CUST01537,5215,VND0005,0,0.126,12.6,Low
TXN0001538,POL001538,CUST01538,1657,VND0027,0,0.0317,3.17,Low
TXN0001539,POL001539,CUST01539,3929,VND0028,0,0.0201,2.01,Low
TXN0001540,POL001540,CUST01540,5024,VND0003,0,0.0273,2.73,Low
TXN0001541,POL001541,CUST01541,501,VND0023,0,0.0102,1.02,Low
TXN0001542,POL001542,CUST01542,4579,VND0048,0,0.0921,9.21,Low
TXN0001543,POL001543,CUST01543,1966,VND0006,0,0.0164,1.64,Low
TXN0001544,POL001544,CUST01544,2901,VND0008,0,0.0203,2.03,Low
TXN0001545,POL001545,CUST01545,4606,VND0009,0,0.0776,7.76,Low
TXN0001546,POL001546,CUST01546,229,VND0003,0,0.0067,0.67,Low
TXN0001547,POL001547,CUST01547,314,VND0045,0,0.0126,1.26,Low
TXN0001548,POL001548,CUST01548,3236,VND0003,0,0.0838,8.38,Low
TXN0001549,POL001549,CUST01549,6658,VND0015,0,0.0879,8.79,Low
TXN0001550,POL001550,CUST01550,241,VND0042,0,0.0118,1.18,Low
TXN0001551,POL001551,CUST01551,22924,VND0050,1,0.9592,95.92,Critical
TXN0001552,POL001552,CUST01552,709,VND0008,0,0.0126,1.26,Low
TXN0001553,POL001553,CUST01553,3524,VND0019,0,0.0055,0.55,Low
TXN0001554,POL001554,CUST01554,3128,VND0009,0,0.0088,0.88,Low
TXN0001555,POL001555,CUST01555,3383,VND0010,0,0.0027,0.27,Low
TXN0001556,POL001556,CUST01556,757,VND0048,0,0.0024,0.24,Low
TXN0001557,POL001557,CUST01557,5324,VND0017,0,0.0706,7.06,Low
TXN0001558,POL001558,CUST01558,2074,VND0031,0,0.0101,1.01,Low
TXN0001559,POL001559,CUST01559,5443,VND0008,0,0.016,1.6,Low
TXN0001560,POL001560,CUST01560,4657,VND0015,0,0.0713,7.13,Low
TXN0001561,POL001561,CUST01561,3948,VND0019,0,0.0081,0.81,Low
TXN0001562,POL001562,CUST01562,2298,VND0030,0,0.0177,1.77,Low
TXN0001563,POL001563,CUST01563,4635,VND0046,0,0.0076,0.76,Low
TXN0001564,POL001564,CUST01564,6984,VND0013,0,0.2139,21.39,Low
TXN0001565,POL001565,CUST01565,6477,VND0033,0,0.1123,11.23,Low
TXN0001566,POL001566,CUST01566,6430,VND0025,0,0.0213,2.13,Low
TXN0001567,POL001567,CUST01567,25573,VND0040,1,0.9363,93.63,Critical
TXN0001568,POL001568,CUST01568,17499,VND0017,1,0.9311,93.11,Critical
TXN0001569,POL001569,CUST01569,2905,VND0022,0,0.0063,0.63,Low
TXN0001570,POL001570,CUST01570,6775,VND0032,0,0.0871,8.71,Low
TXN0001571,POL001571,CUST01571,6660,VND0023,0,0.0049,0.49,Low
TXN0001572,POL001572,CUST01572,6102,VND0038,0,0.0194,1.94,Low
TXN0001573,POL001573,CUST01573,1306,VND0001,0,0.0177,1.77,Low
TXN0001574,POL001574,CUST01574,2368,VND0018,0,0.0214,2.14,Low
TXN0001575,POL001575,CUST01575,30163,VND0009,1,0.9576,95.76,Critical
TXN0001576,POL001576,CUST01576,5297,VND0008,0,0.0154,1.54,Low
TXN0001577,POL001577,CUST01577,2581,VND0003,0,0.0076,0.76,Low
TXN0001578,POL001578,CUST01578,1130,VND0018,0,0.011,1.1,Low
TXN0001579,POL001579,CUST01579,1130,VND0011,0,0.0248,2.48,Low
TXN0001580,POL001580,CUST01580,4854,VND0038,0,0.0031,0.31,Low
TXN0001581,POL001581,CUST01581,3288,VND0026,0,0.0165,1.65,Low
TXN0001582,POL001582,CUST01582,3539,VND0040,0,0.0139,1.39,Low
TXN0001583,POL001583,CUST01583,5744,VND0045,0,0.025,2.5,Low
TXN0001584,POL001584,CUST01584,314,VND0040,0,0.0244,2.44,Low
TXN0001585,POL001585,CUST01585,5330,VND0022,0,0.0155,1.55,Low
TXN0001586,POL001586,CUST01586,2064,VND0049,0,0.0138,1.38,Low
TXN0001587,POL001587,CUST01587,6532,VND0020,0,0.0524,5.24,Low
TXN0001588,POL001588,CUST01588,6696,VND0042,0,0.032,3.2,Low
TXN0001589,POL001589,CUST01589,3614,VND0009,0,0.0,0.0,Low
TXN0001590,POL001590,CUST01590,2347,VND0049,0,0.0154,1.54,Low
TXN0001591,POL001591,CUST01591,1785,VND0016,0,0.0306,3.06,Low
TXN0001592,POL001592,CUST01592,35429,VND0032,1,0.9665,96.65,Critical
TXN0001593,POL001593,CUST01593,6994,VND0018,0,0.0996,9.96,Low
TXN0001594,POL001594,CUST01594,1475,VND0012,0,0.0067,0.67,Low
TXN0001595,POL001595,CUST01595,3236,VND0017,0,0.016,1.6,Low
TXN0001596,POL001596,CUST01596,3458,VND0031,0,0.0312,3.12,Low
TXN0001597,POL001597,CUST01597,4818,VND0006,0,0.0198,1.98,Low
TXN0001598,POL001598,CUST01598,5930,VND0010,0,0.015,1.5,Low
TXN0001599,POL001599,CUST01599,3994,VND0046,0,0.0227,2.27,Low
TXN0001600,POL001600,CUST01600,5354,VND0005,0,0.0206,2.06,Low
TXN0001601,POL001601,CUST01601,4053,VND0037,0,0.016,1.6,Low
TXN0001602,POL001602,CUST01602,8654,VND0016,1,0.7542,75.42,High
TXN0001603,POL001603,CUST01603,1272,VND0016,0,0.0434,4.34,Low
TXN0001604,POL001604,CUST01604,1619,VND0019,0,0.0153,1.53,Low
TXN0001605,POL001605,CUST01605,3140,VND0020,0,0.0,0.0,Low
TXN0001606,POL001606,CUST01606,513,VND0036,0,0.0195,1.95,Low
TXN0001607,POL001607,CUST01607,2351,VND0041,0,0.0101,1.01,Low
TXN0001608,POL001608,CUST01608,3345,VND0019,0,0.0031,0.31,Low
TXN0001609,POL001609,CUST01609,3413,VND0009,0,0.0072,0.72,Low
TXN0001610,POL001610,CUST01610,5740,VND0001,0,0.07,7.0,Low
TXN0001611,POL001611,CUST01611,6780,VND0037,0,0.1224,12.24,Low
TXN0001612,POL001612,CUST01612,5161,VND0046,0,0.0862,8.62,Low
TXN0001613,POL001613,CUST01613,740,VND0002,0,0.0202,2.02,Low
TXN0001614,POL001614,CUST01614,2978,VND0030,0,0.0058,0.58,Low
TXN0001615,POL001615,CUST01615,5163,VND0011,0,0.0255,2.55,Low
TXN0001616,POL001616,CUST01616,4243,VND0011,0,0.0123,1.23,Low
TXN0001617,POL001617,CUST01617,33907,VND0042,1,0.961,96.1,Critical
TXN0001618,POL001618,CUST01618,3166,VND0013,0,0.0204,2.04,Low
TXN0001619,POL001619,CUST01619,2960,VND0016,0,0.0199,1.99,Low
TXN0001620,POL001620,CUST01620,41523,VND0007,1,0.9308,93.08,Critical
TXN0001621,POL001621,CUST01621,1415,VND0046,0,0.025,2.5,Low
TXN0001622,POL001622,CUST01622,3719,VND0046,0,0.1212,12.12,Low
TXN0001623,POL001623,CUST01623,1599,VND0046,0,0.0141,1.41,Low
TXN0001624,POL001624,CUST01624,13777,VND0012,1,0.8983,89.83,Critical
TXN0001625,POL001625,CUST01625,6080,VND0010,0,0.0801,8.01,Low
TXN0001626,POL001626,CUST01626,3652,VND0048,0,0.0295,2.95,Low
TXN0001627,POL001627,CUST01627,2835,VND0031,0,0.0186,1.86,Low
TXN0001628,POL001628,CUST01628,6596,VND0014,0,0.1234,12.34,Low
TXN0001629,POL001629,CUST01629,4685,VND0003,0,0.0233,2.33,Low
TXN0001630,POL001630,CUST01630,3110,VND0040,0,0.0717,7.17,Low
TXN0001631,POL001631,CUST01631,395,VND0041,0,0.0061,0.61,Low
TXN0001632,POL001632,CUST01632,308,VND0001,0,0.004,0.4,Low
TXN0001633,POL001633,CUST01633,1706,VND0024,0,0.0142,1.42,Low
TXN0001634,POL001634,CUST01634,1807,VND0025,0,0.0011,0.11,Low
TXN0001635,POL001635,CUST01635,5105,VND0024,0,0.0164,1.64,Low
TXN0001636,POL001636,CUST01636,3604,VND0019,0,0.02,2.0,Low
TXN0001637,POL001637,CUST01637,6999,VND0017,0,0.1524,15.24,Low
TXN0001638,POL001638,CUST01638,3875,VND0017,0,0.0035,0.35,Low
TXN0001639,POL001639,CUST01639,6341,VND0047,0,0.1526,15.26,Low
TXN0001640,POL001640,CUST01640,3956,VND0050,0,0.0141,1.41,Low
TXN0001641,POL001641,CUST01641,2635,VND0006,0,0.0175,1.75,Low
TXN0001642,POL001642,CUST01642,40277,VND0037,1,0.9686,96.86,Critical
TXN0001643,POL001643,CUST01643,3256,VND0029,0,0.0186,1.86,Low
TXN0001644,POL001644,CUST01644,2067,VND0013,0,0.0098,0.98,Low
TXN0001645,POL001645,CUST01645,3417,VND0010,0,0.0078,0.78,Low
TXN0001646,POL001646,CUST01646,4721,VND0038,0,0.0815,8.15,Low
TXN0001647,POL001647,CUST01647,2753,VND0019,0,0.0168,1.68,Low
TXN0001648,POL001648,CUST01648,4987,VND0007,0,0.0193,1.93,Low
TXN0001649,POL001649,CUST01649,6868,VND0049,0,0.0392,3.92,Low
TXN0001650,POL001650,CUST01650,2996,VND0047,0,0.0163,1.63,Low
TXN0001651,POL001651,CUST01651,2207,VND0021,0,0.0096,0.96,Low
TXN0001652,POL001652,CUST01652,2934,VND0022,0,0.0094,0.94,Low
TXN0001653,POL001653,CUST01653,5900,VND0022,0,0.0968,9.68,Low
TXN0001654,POL001654,CUST01654,19371,VND0010,1,0.9726,97.26,Critical
TXN0001655,POL001655,CUST01655,6821,VND0006,0,0.1133,11.33,Low
TXN0001656,POL001656,CUST01656,3015,VND0014,0,0.0386,3.86,Low
TXN0001657,POL001657,CUST01657,5922,VND0020,0,0.0136,1.36,Low
TXN0001658,POL001658,CUST01658,5550,VND0008,0,0.0139,1.39,Low
TXN0001659,POL001659,CUST01659,5528,VND0002,0,0.0053,0.53,Low
TXN0001660,POL001660,CUST01660,34223,VND0047,1,0.9683,96.83,Critical
TXN0001661,POL001661,CUST01661,1456,VND0044,0,0.0069,0.69,Low
TXN0001662,POL001662,CUST01662,4236,VND0016,0,0.0547,5.47,Low
TXN0001663,POL001663,CUST01663,873,VND0031,0,0.0313,3.13,Low
TXN0001664,POL001664,CUST01664,2235,VND0008,0,0.0145,1.45,Low
TXN0001665,POL001665,CUST01665,475,VND0047,0,0.0035,0.35,Low
TXN0001666,POL001666,CUST01666,4839,VND0041,0,0.0247,2.47,Low
TXN0001667,POL001667,CUST01667,4332,VND0009,0,0.0487,4.87,Low
TXN0001668,POL001668,CUST01668,5232,VND0011,0,0.0421,4.21,Low
TXN0001669,POL001669,CUST01669,19991,VND0017,1,0.909,90.9,Critical
TXN0001670,POL001670,CUST01670,2459,VND0005,0,0.0178,1.78,Low
TXN0001671,POL001671,CUST01671,4799,VND0018,0,0.0256,2.56,Low
TXN0001672,POL001672,CUST01672,5820,VND0034,0,0.0131,1.31,Low
TXN0001673,POL001673,CUST01673,6222,VND0037,0,0.0234,2.34,Low
TXN0001674,POL001674,CUST01674,36794,VND0001,1,0.9694,96.94,Critical
TXN0001675,POL001675,CUST01675,2937,VND0018,0,0.0186,1.86,Low
TXN0001676,POL001676,CUST01676,273,VND0042,0,0.0124,1.24,Low
TXN0001677,POL001677,CUST01677,5765,VND0044,0,0.0107,1.07,Low
TXN0001678,POL001678,CUST01678,1036,VND0029,0,0.0111,1.11,Low
TXN0001679,POL001679,CUST01679,5790,VND0037,0,0.0144,1.44,Low
TXN0001680,POL001680,CUST01680,1260,VND0013,0,0.029,2.9,Low
TXN0001681,POL001681,CUST01681,304,VND0044,0,0.0213,2.13,Low
TXN0001682,POL001682,CUST01682,6176,VND0024,0,0.0206,2.06,Low
TXN0001683,POL001683,CUST01683,3183,VND0035,0,0.0283,2.83,Low
TXN0001684,POL001684,CUST01684,3089,VND0014,0,0.0128,1.28,Low
TXN0001685,POL001685,CUST01685,29595,VND0009,1,0.98,98.0,Critical
TXN0001686,POL001686,CUST01686,2069,VND0027,0,0.014,1.4,Low
TXN0001687,POL001687,CUST01687,4897,VND0027,0,0.0102,1.02,Low
TXN0001688,POL001688,CUST01688,3117,VND0029,0,0.0111,1.11,Low
TXN0001689,POL001689,CUST01689,2054,VND0041,0,0.0031,0.31,Low
TXN0001690,POL001690,CUST01690,2884,VND0039,0,0.0206,2.06,Low
TXN0001691,POL001691,CUST01691,241,VND0016,0,0.015,1.5,Low
TXN0001692,POL001692,CUST01692,2249,VND0024,0,0.0076,0.76,Low
TXN0001693,POL001693,CUST01693,4221,VND0005,0,0.0166,1.66,Low
TXN0001694,POL001694,CUST01694,1137,VND0040,0,0.0108,1.08,Low
TXN0001695,POL001695,CUST01695,1006,VND0007,0,0.0021,0.21,Low
TXN0001696,POL001696,CUST01696,4660,VND0004,0,0.121,12.1,Low
TXN0001697,POL001697,CUST01697,3111,VND0027,0,0.0744,7.44,Low
TXN0001698,POL001698,CUST01698,1128,VND0047,0,0.0161,1.61,Low
TXN0001699,POL001699,CUST01699,5285,VND0019,0,0.017,1.7,Low
TXN0001700,POL001700,CUST01700,5472,VND0010,0,0.0221,2.21,Low
TXN0001701,POL001701,CUST01701,436,VND0010,0,0.0067,0.67,Low
TXN0001702,POL001702,CUST01702,1571,VND0042,0,0.0049,0.49,Low
TXN0001703,POL001703,CUST01703,2718,VND0034,0,0.015,1.5,Low
TXN0001704,POL001704,CUST01704,5173,VND0025,0,0.0089,0.89,Low
TXN0001705,POL001705,CUST01705,703,VND0047,0,0.0168,1.68,Low
TXN0001706,POL001706,CUST01706,5677,VND0006,0,0.0126,1.26,Low
TXN0001707,POL001707,CUST01707,43538,VND0031,1,0.9148,91.48,Critical
TXN0001708,POL001708,CUST01708,1052,VND0018,0,0.0116,1.16,Low
TXN0001709,POL001709,CUST01709,6070,VND0012,0,0.0376,3.76,Low
TXN0001710,POL001710,CUST01710,789,VND0046,0,0.022,2.2,Low
TXN0001711,POL001711,CUST01711,1081,VND0048,0,0.0108,1.08,Low
TXN0001712,POL001712,CUST01712,6657,VND0042,0,0.0326,3.26,Low
TXN0001713,POL001713,CUST01713,3733,VND0008,0,0.0241,2.41,Low
TXN0001714,POL001714,CUST01714,3348,VND0037,0,0.0156,1.56,Low
TXN0001715,POL001715,CUST01715,4874,VND0018,0,0.0282,2.82,Low
TXN0001716,POL001716,CUST01716,4485,VND0019,0,0.0111,1.11,Low
TXN0001717,POL001717,CUST01717,4372,VND0010,0,0.0221,2.21,Low
TXN0001718,POL001718,CUST01718,358,VND0030,0,0.009,0.9,Low
TXN0001719,POL001719,CUST01719,3951,VND0043,0,0.0977,9.77,Low
TXN0001720,POL001720,CUST01720,2095,VND0012,0,0.0113,1.13,Low
TXN0001721,POL001721,CUST01721,8668,VND0027,1,0.6334,63.34,High
TXN0001722,POL001722,CUST01722,3636,VND0033,0,0.0108,1.08,Low
TXN0001723,POL001723,CUST01723,1041,VND0032,0,0.0353,3.53,Low
TXN0001724,POL001724,CUST01724,6226,VND0014,0,0.038,3.8,Low
TXN0001725,POL001725,CUST01725,2133,VND0002,0,0.0132,1.32,Low
TXN0001726,POL001726,CUST01726,36388,VND0042,1,0.96,96.0,Critical
TXN0001727,POL001727,CUST01727,6566,VND0030,0,0.0254,2.54,Low
TXN0001728,POL001728,CUST01728,5471,VND0036,0,0.093,9.3,Low
TXN0001729,POL001729,CUST01729,17261,VND0027,1,0.9511,95.11,Critical
TXN0001730,POL001730,CUST01730,4703,VND0020,0,0.0193,1.93,Low
TXN0001731,POL001731,CUST01731,6391,VND0013,0,0.0308,3.08,Low
TXN0001732,POL001732,CUST01732,21613,VND0033,1,0.9237,92.37,Critical
TXN0001733,POL001733,CUST01733,4279,VND0042,0,0.0287,2.87,Low
TXN0001734,POL001734,CUST01734,2194,VND0017,0,0.0145,1.45,Low
TXN0001735,POL001735,CUST01735,2909,VND0002,0,0.0064,0.64,Low
TXN0001736,POL001736,CUST01736,1817,VND0008,0,0.0026,0.26,Low
TXN0001737,POL001737,CUST01737,1594,VND0029,0,0.0109,1.09,Low
TXN0001738,POL001738,CUST01738,3209,VND0012,0,0.0056,0.56,Low
TXN0001739,POL001739,CUST01739,6444,VND0041,0,0.0693,6.93,Low
TXN0001740,POL001740,CUST01740,4520,VND0014,0,0.0997,9.97,Low
TXN0001741,POL001741,CUST01741,2575,VND0025,0,0.0074,0.74,Low
TXN0001742,POL001742,CUST01742,3147,VND0012,0,0.0436,4.36,Low
TXN0001743,POL001743,CUST01743,43401,VND0023,1,0.9165,91.65,Critical
TXN0001744,POL001744,CUST01744,1862,VND0034,0,0.0018,0.18,Low
TXN0001745,POL001745,CUST01745,3744,VND0040,0,0.1141,11.41,Low
TXN0001746,POL001746,CUST01746,4931,VND0037,0,0.0946,9.46,Low
TXN0001747,POL001747,CUST01747,1853,VND0026,0,0.0087,0.87,Low
TXN0001748,POL001748,CUST01748,4174,VND0023,0,0.0214,2.14,Low
TXN0001749,POL001749,CUST01749,5016,VND0017,0,0.0089,0.89,Low
TXN0001750,POL001750,CUST01750,3731,VND0050,0,0.0842,8.42,Low
TXN0001751,POL001751,CUST01751,2185,VND0037,0,0.0252,2.52,Low
TXN0001752,POL001752,CUST01752,3970,VND0045,0,0.0174,1.74,Low
TXN0001753,POL001753,CUST01753,5594,VND0037,0,0.1897,18.97,Low
TXN0001754,POL001754,CUST01754,1708,VND0005,0,0.0361,3.61,Low
TXN0001755,POL001755,CUST01755,4107,VND0014,0,0.0471,4.71,Low
TXN0001756,POL001756,CUST01756,4826,VND0024,0,0.0129,1.29,Low
TXN0001757,POL001757,CUST01757,14031,VND0016,1,0.9489,94.89,Critical
TXN0001758,POL001758,CUST01758,2835,VND0046,0,0.015,1.5,Low
TXN0001759,POL001759,CUST01759,6244,VND0025,0,0.0233,2.33,Low
TXN0001760,POL001760,CUST01760,2671,VND0012,0,0.0814,8.14,Low
TXN0001761,POL001761,CUST01761,4267,VND0030,0,0.0605,6.05,Low
TXN0001762,POL001762,CUST01762,1218,VND0019,0,0.0049,0.49,Low
TXN0001763,POL001763,CUST01763,6496,VND0007,0,0.1452,14.52,Low
TXN0001764,POL001764,CUST01764,46413,VND0048,1,0.9562,95.62,Critical
TXN0001765,POL001765,CUST01765,27639,VND0048,1,0.9713,97.13,Critical
TXN0001766,POL001766,CUST01766,37941,VND0039,1,0.9379,93.79,Critical
TXN0001767,POL001767,CUST01767,2617,VND0016,0,0.014,1.4,Low
TXN0001768,POL001768,CUST01768,27472,VND0042,1,0.967,96.7,Critical
TXN0001769,POL001769,CUST01769,19939,VND0015,1,0.9348,93.48,Critical
TXN0001770,POL001770,CUST01770,6046,VND0044,0,0.0234,2.34,Low
TXN0001771,POL001771,CUST01771,1067,VND0045,0,0.0211,2.11,Low
TXN0001772,POL001772,CUST01772,5949,VND0009,0,0.0611,6.11,Low
TXN0001773,POL001773,CUST01773,5844,VND0016,0,0.0567,5.67,Low
TXN0001774,POL001774,CUST01774,941,VND0035,0,0.005,0.5,Low
TXN0001775,POL001775,CUST01775,935,VND0012,0,0.012,1.2,Low
TXN0001776,POL001776,CUST01776,4926,VND0041,0,0.0089,0.89,Low
TXN0001777,POL001777,CUST01777,5931,VND0034,0,0.0258,2.58,Low
TXN0001778,POL001778,CUST01778,2878,VND0012,0,0.0735,7.35,Low
TXN0001779,POL001779,CUST01779,4556,VND0039,0,0.0064,0.64,Low
TXN0001780,POL001780,CUST01780,6998,VND0003,0,0.1381,13.81,Low
TXN0001781,POL001781,CUST01781,2395,VND0020,0,0.0088,0.88,Low
TXN0001782,POL001782,CUST01782,1730,VND0009,0,0.0039,0.39,Low
TXN0001783,POL001783,CUST01783,6943,VND0001,0,0.0541,5.41,Low
TXN0001784,POL001784,CUST01784,2107,VND0038,0,0.0132,1.32,Low
TXN0001785,POL001785,CUST01785,3413,VND0008,0,0.0035,0.35,Low
TXN0001786,POL001786,CUST01786,3206,VND0035,0,0.0155,1.55,Low
TXN0001787,POL001787,CUST01787,3757,VND0004,0,0.0176,1.76,Low
TXN0001788,POL001788,CUST01788,2027,VND0045,0,0.0113,1.13,Low
TXN0001789,POL001789,CUST01789,4817,VND0049,0,0.0084,0.84,Low
TXN0001790,POL001790,CUST01790,46834,VND0016,1,0.956,95.6,Critical
TXN0001791,POL001791,CUST01791,1563,VND0025,0,0.0173,1.73,Low
TXN0001792,POL001792,CUST01792,3470,VND0032,0,0.0663,6.63,Low
TXN0001793,POL001793,CUST01793,590,VND0030,0,0.0193,1.93,Low
TXN0001794,POL001794,CUST01794,1701,VND0002,0,0.0213,2.13,Low
TXN0001795,POL001795,CUST01795,6913,VND0049,0,0.1293,12.93,Low
TXN0001796,POL001796,CUST01796,3643,VND0047,0,0.0372,3.72,Low
TXN0001797,POL001797,CUST01797,4434,VND0025,0,0.0038,0.38,Low
TXN0001798,POL001798,CUST01798,6243,VND0028,0,0.0121,1.21,Low
TXN0001799,POL001799,CUST01799,5053,VND0009,0,0.0183,1.83,Low
TXN0001800,POL001800,CUST01800,5588,VND0038,0,0.0405,4.05,Low
TXN0001801,POL001801,CUST01801,5041,VND0026,0,0.0865,8.65,Low
TXN0001802,POL001802,CUST01802,3592,VND0015,0,0.0123,1.23,Low
TXN0001803,POL001803,CUST01803,38859,VND0016,1,0.9814,98.14,Critical
TXN0001804,POL001804,CUST01804,2161,VND0005,0,0.0131,1.31,Low
TXN0001805,POL001805,CUST01805,6254,VND0040,0,0.0551,5.51,Low
TXN0001806,POL001806,CUST01806,1423,VND0004,0,0.0469,4.69,Low
TXN0001807,POL001807,CUST01807,17876,VND0029,1,0.931,93.1,Critical
TXN0001808,POL001808,CUST01808,6173,VND0041,0,0.037,3.7,Low
TXN0001809,POL001809,CUST01809,1167,VND0003,0,0.003,0.3,Low
TXN0001810,POL001810,CUST01810,23723,VND0008,1,0.9477,94.77,Critical
TXN0001811,POL001811,CUST01811,6929,VND0039,0,0.0503,5.03,Low
TXN0001812,POL001812,CUST01812,4090,VND0042,0,0.0107,1.07,Low
TXN0001813,POL001813,CUST01813,2514,VND0005,0,0.0082,0.82,Low
TXN0001814,POL001814,CUST01814,6180,VND0014,0,0.0207,2.07,Low
TXN0001815,POL001815,CUST01815,3685,VND0031,0,0.0255,2.55,Low
TXN0001816,POL001816,CUST01816,1027,VND0028,0,0.0049,0.49,Low
TXN0001817,POL001817,CUST01817,1895,VND0026,0,0.0318,3.18,Low
TXN0001818,POL001818,CUST01818,4840,VND0014,0,0.0175,1.75,Low
TXN0001819,POL001819,CUST01819,3296,VND0027,0,0.0087,0.87,Low
TXN0001820,POL001820,CUST01820,1673,VND0003,0,0.023,2.3,Low
TXN0001821,POL001821,CUST01821,5633,VND0044,0,0.0061,0.61,Low
TXN0001822,POL001822,CUST01822,1019,VND0028,0,0.0042,0.42,Low
TXN0001823,POL001823,CUST01823,1689,VND0019,0,0.0144,1.44,Low
TXN0001824,POL001824,CUST01824,3366,VND0019,0,0.0396,3.96,Low
TXN0001825,POL001825,CUST01825,468,VND0019,0,0.0011,0.11,Low
TXN0001826,POL001826,CUST01826,44348,VND0022,1,0.9648,96.48,Critical
TXN0001827,POL001827,CUST01827,6387,VND0010,0,0.1798,17.98,Low
TXN0001828,POL001828,CUST01828,6599,VND0031,0,0.0607,6.07,Low
TXN0001829,POL001829,CUST01829,6129,VND0010,0,0.1479,14.79,Low
TXN0001830,POL001830,CUST01830,2403,VND0016,0,0.0171,1.71,Low
TXN0001831,POL001831,CUST01831,641,VND0044,0,0.0234,2.34,Low
TXN0001832,POL001832,CUST01832,5741,VND0029,0,0.1053,10.53,Low
TXN0001833,POL001833,CUST01833,2738,VND0046,0,0.0194,1.94,Low
TXN0001834,POL001834,CUST01834,5292,VND0033,0,0.0606,6.06,Low
TXN0001835,POL001835,CUST01835,1010,VND0040,0,0.0124,1.24,Low
TXN0001836,POL001836,CUST01836,30883,VND0005,1,0.9565,95.65,Critical
TXN0001837,POL001837,CUST01837,24258,VND0026,1,0.9481,94.81,Critical
TXN0001838,POL001838,CUST01838,6458,VND0018,0,0.1752,17.52,Low
TXN0001839,POL001839,CUST01839,893,VND0001,0,0.0526,5.26,Low
TXN0001840,POL001840,CUST01840,2973,VND0005,0,0.0189,1.89,Low
TXN0001841,POL001841,CUST01841,28549,VND0010,1,0.9731,97.31,Critical
TXN0001842,POL001842,CUST01842,2849,VND0001,0,0.0169,1.69,Low
TXN0001843,POL001843,CUST01843,4674,VND0022,0,0.0139,1.39,Low
TXN0001844,POL001844,CUST01844,1294,VND0003,0,0.0161,1.61,Low
TXN0001845,POL001845,CUST01845,5153,VND0042,0,0.0,0.0,Low
TXN0001846,POL001846,CUST01846,2075,VND0030,0,0.0036,0.36,Low
TXN0001847,POL001847,CUST01847,4091,VND0049,0,0.09,9.0,Low
TXN0001848,POL001848,CUST01848,6182,VND0005,0,0.0293,2.93,Low
TXN0001849,POL001849,CUST01849,4695,VND0004,0,0.0241,2.41,Low
TXN0001850,POL001850,CUST01850,3425,VND0044,0,0.1018,10.18,Low
TXN0001851,POL001851,CUST01851,1492,VND0020,0,0.0328,3.28,Low
TXN0001852,POL001852,CUST01852,2521,VND0038,0,0.0112,1.12,Low
TXN0001853,POL001853,CUST01853,5975,VND0010,0,0.0397,3.97,Low
TXN0001854,POL001854,CUST01854,1669,VND0001,0,0.0118,1.18,Low
TXN0001855,POL001855,CUST01855,4662,VND0025,0,0.0175,1.75,Low
TXN0001856,POL001856,CUST01856,3497,VND0029,0,0.0337,3.37,Low
TXN0001857,POL001857,CUST01857,2381,VND0006,0,0.0254,2.54,Low
TXN0001858,POL001858,CUST01858,5073,VND0001,0,0.0278,2.78,Low
TXN0001859,POL001859,CUST01859,2662,VND0011,0,0.0041,0.41,Low
TXN0001860,POL001860,CUST01860,2149,VND0006,0,0.0111,1.11,Low
TXN0001861,POL001861,CUST01861,3798,VND0050,0,0.0103,1.03,Low
TXN0001862,POL001862,CUST01862,5352,VND0050,0,0.0062,0.62,Low
TXN0001863,POL001863,CUST01863,6076,VND0001,0,0.0171,1.71,Low
TXN0001864,POL001864,CUST01864,4482,VND0023,0,0.0725,7.25,Low
TXN0001865,POL001865,CUST01865,4701,VND0020,0,0.0126,1.26,Low
TXN0001866,POL001866,CUST01866,5555,VND0002,0,0.009,0.9,Low
TXN0001867,POL001867,CUST01867,2030,VND0034,0,0.0088,0.88,Low
TXN0001868,POL001868,CUST01868,1906,VND0043,0,0.0223,2.23,Low
TXN0001869,POL001869,CUST01869,3491,VND0031,0,0.0045,0.45,Low
TXN0001870,POL001870,CUST01870,4490,VND0046,0,0.0418,4.18,Low
TXN0001871,POL001871,CUST01871,4592,VND0032,0,0.0253,2.53,Low
TXN0001872,POL001872,CUST01872,1245,VND0028,0,0.0148,1.48,Low
TXN0001873,POL001873,CUST01873,5508,VND0048,0,0.0241,2.41,Low
TXN0001874,POL001874,CUST01874,2673,VND0036,0,0.0018,0.18,Low
TXN0001875,POL001875,CUST01875,6165,VND0039,0,0.0273,2.73,Low
TXN0001876,POL001876,CUST01876,5125,VND0040,0,0.0651,6.51,Low
TXN0001877,POL001877,CUST01877,6884,VND0002,0,0.054,5.4,Low
TXN0001878,POL001878,CUST01878,4495,VND0037,0,0.0393,3.93,Low
TXN0001879,POL001879,CUST01879,3786,VND0038,0,0.0099,0.99,Low
TXN0001880,POL001880,CUST01880,1477,VND0025,0,0.023,2.3,Low
TXN0001881,POL001881,CUST01881,2910,VND0029,0,0.0506,5.06,Low
TXN0001882,POL001882,CUST01882,6036,VND0042,0,0.0121,1.21,Low
TXN0001883,POL001883,CUST01883,2797,VND0008,0,0.0227,2.27,Low
TXN0001884,POL001884,CUST01884,562,VND0027,0,0.0097,0.97,Low
TXN0001885,POL001885,CUST01885,1866,VND0039,0,0.0207,2.07,Low
TXN0001886,POL001886,CUST01886,4247,VND0013,0,0.036,3.6,Low
TXN0001887,POL001887,CUST01887,21610,VND0014,1,0.7902,79.02,High
TXN0001888,POL001888,CUST01888,6889,VND0001,0,0.1403,14.03,Low
TXN0001889,POL001889,CUST01889,6550,VND0016,0,0.0216,2.16,Low
TXN0001890,POL001890,CUST01890,3814,VND0018,0,0.0157,1.57,Low
TXN0001891,POL001891,CUST01891,3970,VND0048,0,0.0126,1.26,Low
TXN0001892,POL001892,CUST01892,5644,VND0005,0,0.0606,6.06,Low
TXN0001893,POL001893,CUST01893,530,VND0033,0,0.0069,0.69,Low
TXN0001894,POL001894,CUST01894,16809,VND0004,1,0.8727,87.27,Critical
TXN0001895,POL001895,CUST01895,3423,VND0040,0,0.031,3.1,Low
TXN0001896,POL001896,CUST01896,5525,VND0024,0,0.0096,0.96,Low
TXN0001897,POL001897,CUST01897,5642,VND0022,0,0.1674,16.74,Low
TXN0001898,POL001898,CUST01898,4658,VND0048,0,0.0146,1.46,Low
TXN0001899,POL001899,CUST01899,43973,VND0038,1,0.9644,96.44,Critical
TXN0001900,POL001900,CUST01900,20403,VND0006,1,0.9112,91.12,Critical
TXN0001901,POL001901,CUST01901,4144,VND0014,0,0.0163,1.63,Low
TXN0001902,POL001902,CUST01902,25867,VND0014,1,0.9338,93.38,Critical
TXN0001903,POL001903,CUST01903,2134,VND0031,0,0.0153,1.53,Low
TXN0001904,POL001904,CUST01904,5244,VND0042,0,0.0196,1.96,Low
TXN0001905,POL001905,CUST01905,4404,VND0032,0,0.0619,6.19,Low
TXN0001906,POL001906,CUST01906,1817,VND0021,0,0.008,0.8,Low
TXN0001907,POL001907,CUST01907,6169,VND0038,0,0.0494,4.94,Low
TXN0001908,POL001908,CUST01908,38026,VND0038,1,0.9354,93.54,Critical
TXN0001909,POL001909,CUST01909,4457,VND0005,0,0.0115,1.15,Low
TXN0001910,POL001910,CUST01910,1748,VND0028,0,0.0173,1.73,Low
TXN0001911,POL001911,CUST01911,9952,VND0036,1,0.9631,96.31,Critical
TXN0001912,POL001912,CUST01912,1809,VND0031,0,0.0384,3.84,Low
TXN0001913,POL001913,CUST01913,3140,VND0013,0,0.0287,2.87,Low
TXN0001914,POL001914,CUST01914,6038,VND0009,0,0.1026,10.26,Low
TXN0001915,POL001915,CUST01915,3740,VND0015,0,0.0118,1.18,Low
TXN0001916,POL001916,CUST01916,1852,VND0018,0,0.0185,1.85,Low
TXN0001917,POL001917,CUST01917,744,VND0047,0,0.0063,0.63,Low
TXN0001918,POL001918,CUST01918,2654,VND0032,0,0.0104,1.04,Low
TXN0001919,POL001919,CUST01919,4770,VND0042,0,0.0134,1.34,Low
TXN0001920,POL001920,CUST01920,5059,VND0002,0,0.0187,1.87,Low
TXN0001921,POL001921,CUST01921,1716,VND0040,0,0.0117,1.17,Low
TXN0001922,POL001922,CUST01922,1279,VND0010,0,0.0185,1.85,Low
TXN0001923,POL001923,CUST01923,4969,VND0029,0,0.0195,1.95,Low
TXN0001924,POL001924,CUST01924,1281,VND0020,0,0.0204,2.04,Low
TXN0001925,POL001925,CUST01925,636,VND0044,0,0.0128,1.28,Low
TXN0001926,POL001926,CUST01926,37181,VND0034,1,0.9485,94.85,Critical
TXN0001927,POL001927,CUST01927,4082,VND0024,0,0.0126,1.26,Low
TXN0001928,POL001928,CUST01928,1857,VND0026,0,0.0113,1.13,Low
TXN0001929,POL001929,CUST01929,47141,VND0036,1,0.9546,95.46,Critical
TXN0001930,POL001930,CUST01930,1802,VND0036,0,0.0,0.0,Low
TXN0001931,POL001931,CUST01931,2531,VND0029,0,0.0171,1.71,Low
TXN0001932,POL001932,CUST01932,262,VND0037,0,0.0101,1.01,Low
TXN0001933,POL001933,CUST01933,279,VND0040,0,0.0,0.0,Low
TXN0001934,POL001934,CUST01934,2719,VND0002,0,0.0063,0.63,Low
TXN0001935,POL001935,CUST01935,335,VND0019,0,0.0298,2.98,Low
TXN0001936,POL001936,CUST01936,14643,VND0046,1,0.9601,96.01,Critical
TXN0001937,POL001937,CUST01937,4150,VND0017,0,0.0512,5.12,Low
TXN0001938,POL001938,CUST01938,411,VND0042,0,0.017,1.7,Low
TXN0001939,POL001939,CUST01939,4401,VND0028,0,0.0175,1.75,Low
TXN0001940,POL001940,CUST01940,14020,VND0014,1,0.9357,93.57,Critical
TXN0001941,POL001941,CUST01941,4098,VND0018,0,0.0109,1.09,Low
TXN0001942,POL001942,CUST01942,4461,VND0025,0,0.0174,1.74,Low
TXN0001943,POL001943,CUST01943,5702,VND0007,0,0.0803,8.03,Low
TXN0001944,POL001944,CUST01944,681,VND0016,0,0.0108,1.08,Low
TXN0001945,POL001945,CUST01945,1348,VND0035,0,0.003,0.3,Low
TXN0001946,POL001946,CUST01946,2355,VND0046,0,0.0215,2.15,Low
TXN0001947,POL001947,CUST01947,4879,VND0048,0,0.0476,4.76,Low
TXN0001948,POL001948,CUST01948,6135,VND0020,0,0.0133,1.33,Low
TXN0001949,POL001949,CUST01949,32294,VND0040,1,0.9502,95.02,Critical
TXN0001950,POL001950,CUST01950,4158,VND0020,0,0.0135,1.35,Low
TXN0001951,POL001951,CUST01951,2988,VND0041,0,0.0086,0.86,Low
TXN0001952,POL001952,CUST01952,16496,VND0046,1,0.9277,92.77,Critical
TXN0001953,POL001953,CUST01953,606,VND0023,0,0.0427,4.27,Low
TXN0001954,POL001954,CUST01954,3362,VND0031,0,0.005,0.5,Low
TXN0001955,POL001955,CUST01955,3687,VND0044,0,0.0148,1.48,Low
TXN0001956,POL001956,CUST01956,1616,VND0007,0,0.0196,1.96,Low
TXN0001957,POL001957,CUST01957,5422,VND0013,0,0.0375,3.75,Low
TXN0001958,POL001958,CUST01958,28726,VND0032,1,0.9704,97.04,Critical
TXN0001959,POL001959,CUST01959,2253,VND0009,0,0.004,0.4,Low
TXN0001960,POL001960,CUST01960,6415,VND0040,0,0.0281,2.81,Low
TXN0001961,POL001961,CUST01961,928,VND0014,0,0.0141,1.41,Low
TXN0001962,POL001962,CUST01962,6392,VND0017,0,0.0319,3.19,Low
TXN0001963,POL001963,CUST01963,5422,VND0041,0,0.0197,1.97,Low
TXN0001964,POL001964,CUST01964,1722,VND0027,0,0.0045,0.45,Low
TXN0001965,POL001965,CUST01965,4621,VND0040,0,0.006,0.6,Low
TXN0001966,POL001966,CUST01966,32412,VND0032,1,0.8874,88.74,Critical
TXN0001967,POL001967,CUST01967,5638,VND0026,0,0.0073,0.73,Low
TXN0001968,POL001968,CUST01968,1292,VND0026,0,0.0071,0.71,Low
TXN0001969,POL001969,CUST01969,1865,VND0041,0,0.003,0.3,Low
TXN0001970,POL001970,CUST01970,2288,VND0050,0,0.0326,3.26,Low
TXN0001971,POL001971,CUST01971,1557,VND0002,0,0.0196,1.96,Low
TXN0001972,POL001972,CUST01972,2463,VND0026,0,0.0082,0.82,Low
TXN0001973,POL001973,CUST01973,4297,VND0040,0,0.0197,1.97,Low
TXN0001974,POL001974,CUST01974,4505,VND0033,0,0.1089,10.89,Low
TXN0001975,POL001975,CUST01975,3966,VND0025,0,0.0162,1.62,Low
TXN0001976,POL001976,CUST01976,1489,VND0040,0,0.0194,1.94,Low
TXN0001977,POL001977,CUST01977,1576,VND0024,0,0.0096,0.96,Low
TXN0001978,POL001978,CUST01978,6451,VND0007,0,0.1122,11.22,Low
TXN0001979,POL001979,CUST01979,1909,VND0014,0,0.0107,1.07,Low
TXN0001980,POL001980,CUST01980,901,VND0003,0,0.0136,1.36,Low
TXN0001981,POL001981,CUST01981,3287,VND0036,0,0.0321,3.21,Low
TXN0001982,POL001982,CUST01982,246,VND0049,0,0.0063,0.63,Low
TXN0001983,POL001983,CUST01983,2530,VND0019,0,0.023,2.3,Low
TXN0001984,POL001984,CUST01984,6013,VND0037,0,0.025,2.5,Low
TXN0001985,POL001985,CUST01985,2018,VND0050,0,0.0486,4.86,Low
TXN0001986,POL001986,CUST01986,4985,VND0020,0,0.0185,1.85,Low
TXN0001987,POL001987,CUST01987,3530,VND0045,0,0.0142,1.42,Low
TXN0001988,POL001988,CUST01988,2616,VND0001,0,0.0087,0.87,Low
TXN0001989,POL001989,CUST01989,4698,VND0034,0,0.0276,2.76,Low
TXN0001990,POL001990,CUST01990,4249,VND0009,0,0.0197,1.97,Low
TXN0001991,POL001991,CUST01991,18177,VND0040,1,0.9038,90.38,Critical
TXN0001992,POL001992,CUST01992,1720,VND0001,0,0.0237,2.37,Low
TXN0001993,POL001993,CUST01993,6434,VND0042,0,0.0211,2.11,Low
TXN0001994,POL001994,CUST01994,11999,VND0020,1,0.8924,89.24,Critical
TXN0001995,POL001995,CUST01995,6724,VND0012,0,0.1351,13.51,Low
TXN0001996,POL001996,CUST01996,3403,VND0028,0,0.0145,1.45,Low
TXN0001997,POL001997,CUST01997,6977,VND0050,0,0.0602,6.02,Low
TXN0001998,POL001998,CUST01998,2601,VND0009,0,0.0192,1.92,Low
TXN0001999,POL001999,CUST01999,4045,VND0016,0,0.0183,1.83,Low
TXN0002000,POL002000,CUST02000,4383,VND0032,0,0.0781,7.81,Low
