TRANSACTION_ID,POLICY_NUMBER,CUSTOMER_ID,LOSS_DT,REPORT_DT,CLAIM_AMOUNT,PREMIUM_AMOUNT,INCIDENT_SEVERITY,INCIDENT_HOUR_OF_THE_DAY,AUTHORITY_CONTACTED,ANY_INJURY,POLICE_REPORT_AVAILABLE,INCIDENT_STATE,VENDOR_ID,IS_FRAUD
TXN0000001,POL000001,CUST00001,2020-04-16,2020-07-10,4591,1928,Moderate,2,Ambulance,0,0,WA,VND0010,0
TXN0000002,POL000002,CUST00002,2021-02-12,2022-03-19,5069,4292,Minor,14,Police,1,1,MI,VND0039,0
TXN0000003,POL000003,CUST00003,2019-02-27,2024-05-02,2019,658,Moderate,2,Fire,1,1,OH,VND0017,0
TXN0000004,POL000004,CUST00004,2022-11-13,2022-12-12,2628,2508,Major,3,None,0,1,CA,VND0027,0
TXN0000005,POL000005,CUST00005,2024-01-19,2020-10-01,27629,4104,Moderate,4,Ambulance,0,1,FL,VND0046,1
TXN0000006,POL000006,CUST00006,2023-04-28,2022-10-05,5992,4788,Minor,4,None,1,0,FL,VND0010,0
TXN0000007,POL000007,CUST00007,2020-09-12,2024-05-09,3008,1631,Moderate,1,None,1,0,CA,VND0022,0
TXN0000008,POL000008,CUST00008,2021-08-26,2020-05-14,1838,3428,Severe,22,Fire,0,1,TX,VND0009,0
TXN0000009,POL000009,CUST00009,2024-04-05,2020-04-25,10932,1353,Moderate,19,None,0,1,OH,VND0022,1
TXN0000010,POL000010,CUST00010,2021-05-03,2019-04-03,3861,1021,Moderate,12,None,0,1,CA,VND0016,0
TXN0000011,POL000011,CUST00011,2023-08-12,2023-09-02,4054,2088,Minor,8,Ambulance,0,1,CA,VND0046,0
TXN0000012,POL000012,CUST00012,2022-03-04,2023-08-14,1452,4482,Moderate,4,None,0,1,WA,VND0016,0
TXN0000013,POL000013,CUST00013,2021-09-28,2021-04-24,647,3602,Major,22,Ambulance,0,1,GA,VND0031,0
TXN0000014,POL000014,CUST00014,2022-03-20,2023-11-01,3568,2701,Major,19,None,0,0,MI,VND0007,0
TXN0000015,POL000015,CUST00015,2020-03-24,2022-08-15,5622,1772,Moderate,18,Police,0,1,FL,VND0023,0
TXN0000016,POL000016,CUST00016,2021-05-03,2024-06-02,1236,1137,Major,11,Fire,0,0,NY,VND0042,0
TXN0000017,POL000017,CUST00017,2020-09-02,2024-02-10,2976,1718,Moderate,0,Fire,0,0,GA,VND0034,0
TXN0000018,POL000018,CUST00018,2023-03-01,2024-04-25,11339,1187,Major,15,Police,0,1,GA,VND0015,1
TXN0000019,POL000019,CUST00019,2022-05-14,2021-03-13,1846,1341,Minor,11,Ambulance,0,0,NY,VND0049,0
TXN0000020,POL000020,CUST00020,2021-03-13,2022-07-10,4363,3593,Moderate,7,Police,0,0,WA,VND0041,0
TXN0000021,POL000021,CUST00021,2023-07-09,2019-12-16,2146,1097,Major,7,Police,1,1,NC,VND0021,0
TXN0000022,POL000022,CUST00022,2021-06-28,2023-12-15,1993,713,Severe,1,None,0,1,FL,VND0049,0
TXN0000023,POL000023,CUST00023,2024-03-28,2020-10-14,6970,2940,Major,20,Police,0,0,CA,VND0010,0
TXN0000024,POL000024,CUST00024,2022-04-29,2021-07-02,1372,1789,Major,3,None,0,1,CA,VND0017,0
TXN0000025,POL000025,CUST00025,2023-11-13,2022-04-22,1487,2546,Major,19,Police,1,1,MI,VND0047,0
TXN0000026,POL000026,CUST00026,2024-06-03,2023-05-14,6522,1129,Major,23,Fire,0,0,MI,VND0049,0
TXN0000027,POL000027,CUST00027,2020-10-18,2023-01-23,3941,1444,Minor,1,Police,0,1,IL,VND0042,0
TXN0000028,POL000028,CUST00028,2020-06-07,2024-04-16,37323,2484,Moderate,14,Police,0,1,NC,VND0010,1
TXN0000029,POL000029,CUST00029,2023-08-05,2022-12-16,3089,3605,Major,1,None,0,1,MI,VND0011,0
TXN0000030,POL000030,CUST00030,2020-04-10,2023-06-01,4043,2364,Moderate,19,Police,1,1,TX,VND0033,0
TXN0000031,POL000031,CUST00031,2023-02-18,2022-03-09,1921,2937,Major,12,None,0,1,WA,VND0003,0
TXN0000032,POL000032,CUST00032,2019-12-22,2021-04-28,3928,2848,Moderate,0,Ambulance,1,1,IL,VND0050,0
TXN0000033,POL000033,CUST00033,2023-10-12,2024-01-22,4609,1709,Minor,18,Fire,1,0,IL,VND0048,0
TXN0000034,POL000034,CUST00034,2022-10-15,2021-02-11,1904,1758,Minor,18,None,1,1,TX,VND0041,0
TXN0000035,POL000035,CUST00035,2021-11-11,2022-06-13,5724,2415,Major,22,Fire,1,1,GA,VND0049,0
TXN0000036,POL000036,CUST00036,2021-06-20,2020-08-22,3278,644,Minor,11,Fire,0,0,GA,VND0012,0
TXN0000037,POL000037,CUST00037,2022-07-02,2021-09-09,32455,3584,Major,22,Fire,0,1,CA,VND0045,1
TXN0000038,POL000038,CUST00038,2021-02-18,2021-01-21,796,3264,Minor,15,Ambulance,0,1,GA,VND0013,0
TXN0000039,POL000039,CUST00039,2021-03-09,2020-06-16,2404,1877,Moderate,12,None,0,0,TX,VND0007,0
TXN0000040,POL000040,CUST00040,2020-02-14,2023-07-20,5104,2181,Major,8,Ambulance,1,0,FL,VND0014,0
TXN0000041,POL000041,CUST00041,2019-11-13,2023-04-04,6285,1979,Moderate,7,Fire,0,1,GA,VND0039,0
TXN0000042,POL000042,CUST00042,2023-11-24,2022-11-23,1707,3431,Major,14,None,0,0,NC,VND0048,0
TXN0000043,POL000043,CUST00043,2023-02-12,2019-06-30,6865,3918,Minor,17,Ambulance,1,1,TX,VND0031,0
TXN0000044,POL000044,CUST00044,2021-06-08,2020-05-30,1515,989,Moderate,0,None,0,0,IL,VND0013,0
TXN0000045,POL000045,CUST00045,2023-07-28,2020-03-27,3029,2359,Moderate,9,Fire,0,1,FL,VND0031,0
TXN0000046,POL000046,CUST00046,2022-05-04,2022-12-13,2341,561,Major,1,Police,1,1,NC,VND0026,0
TXN0000047,POL000047,CUST00047,2022-04-17,2023-12-12,3085,2535,Minor,9,None,0,0,MI,VND0026,0
TXN0000048,POL000048,CUST00048,2019-08-14,2021-02-14,6336,1617,Moderate,19,Ambulance,0,1,GA,VND0018,0
TXN0000049,POL000049,CUST00049,2021-12-16,2020-11-08,5181,2011,Major,16,Fire,0,0,NC,VND0007,0
TXN0000050,POL000050,CUST00050,2019-08-05,2022-02-08,21194,2554,Severe,2,None,0,0,IL,VND0019,1
TXN0000051,POL000051,CUST00051,2022-10-04,2024-06-20,1927,1956,Major,17,Police,0,1,OH,VND0045,0
TXN0000052,POL000052,CUST00052,2019-05-16,2021-01-27,13934,2273,Major,0,None,0,0,FL,VND0021,1
TXN0000053,POL000053,CUST00053,2021-10-29,2020-07-26,3161,3941,Moderate,0,Ambulance,0,1,WA,VND0002,0
TXN0000054,POL000054,CUST00054,2021-01-07,2021-11-27,4633,4146,Moderate,21,Ambulance,0,1,FL,VND0018,0
TXN0000055,POL000055,CUST00055,2019-09-20,2024-01-28,4944,526,Major,0,Police,0,0,WA,VND0024,0
TXN0000056,POL000056,CUST00056,2021-08-07,2023-01-19,4707,2200,Major,6,Police,0,0,NC,VND0030,0
TXN0000057,POL000057,CUST00057,2020-02-07,2021-11-20,4292,4310,Major,3,Ambulance,0,1,WA,VND0033,0
TXN0000058,POL000058,CUST00058,2020-05-05,2023-01-22,3464,2886,Major,13,Ambulance,0,0,GA,VND0022,0
TXN0000059,POL000059,CUST00059,2023-11-22,2019-02-14,34903,1423,Major,12,Police,0,1,NY,VND0008,1
TXN0000060,POL000060,CUST00060,2020-12-02,2023-03-07,23875,3170,Minor,20,Ambulance,0,0,FL,VND0023,1
TXN0000061,POL000061,CUST00061,2021-03-21,2019-07-30,2850,1152,Minor,23,Ambulance,0,1,TX,VND0001,0
TXN0000062,POL000062,CUST00062,2019-01-13,2021-03-10,3673,598,Severe,17,Fire,1,0,WA,VND0026,0
TXN0000063,POL000063,CUST00063,2020-08-26,2020-12-17,1424,3345,Moderate,11,Ambulance,0,1,TX,VND0023,0
TXN0000064,POL000064,CUST00064,2020-12-05,2022-11-01,2614,2818,Minor,1,None,1,1,MI,VND0018,0
TXN0000065,POL000065,CUST00065,2022-12-14,2020-05-10,5449,3904,Moderate,22,Fire,0,0,GA,VND0034,0
TXN0000066,POL000066,CUST00066,2019-08-28,2020-05-08,4554,2051,Moderate,13,Police,0,1,TX,VND0038,0
TXN0000067,POL000067,CUST00067,2024-02-10,2023-11-25,1635,4344,Major,5,None,0,0,WA,VND0014,0
TXN0000068,POL000068,CUST00068,2019-09-15,2021-08-30,3913,2395,Major,13,None,1,0,TX,VND0026,0
TXN0000069,POL000069,CUST00069,2022-08-03,2023-02-11,14294,3821,Minor,9,Fire,1,0,TX,VND0026,1
TXN0000070,POL000070,CUST00070,2019-01-10,2022-03-30,1043,951,Moderate,8,Fire,0,1,OH,VND0026,0
TXN0000071,POL000071,CUST00071,2023-07-03,2022-06-12,621,937,Minor,10,None,0,1,TX,VND0021,0
TXN0000072,POL000072,CUST00072,2022-10-29,2022-10-24,2870,4022,Major,18,Police,1,0,TX,VND0011,0
TXN0000073,POL000073,CUST00073,2023-08-08,2022-09-16,4664,4252,Minor,3,Fire,1,1,GA,VND0009,0
TXN0000074,POL000074,CUST00074,2024-02-13,2024-01-20,2330,4740,Moderate,23,Ambulance,1,1,WA,VND0002,0
TXN0000075,POL000075,CUST00075,2023-08-01,2023-05-10,46281,1960,Moderate,1,Ambulance,0,0,CA,VND0003,1
TXN0000076,POL000076,CUST00076,2022-06-01,2020-09-17,5958,600,Moderate,3,Ambulance,0,0,GA,VND0041,0
TXN0000077,POL000077,CUST00077,2023-08-10,2019-12-21,3821,4909,Moderate,16,Fire,0,0,GA,VND0004,0
TXN0000078,POL000078,CUST00078,2019-07-13,2023-09-08,2776,3206,Major,3,None,1,0,CA,VND0043,0
TXN0000079,POL000079,CUST00079,2022-07-18,2021-02-01,483,1612,Moderate,18,Ambulance,0,1,TX,VND0045,0
TXN0000080,POL000080,CUST00080,2024-06-09,2020-09-30,5786,3937,Minor,17,Ambulance,0,1,IL,VND0013,0
TXN0000081,POL000081,CUST00081,2021-01-27,2019-08-26,6287,4567,Moderate,10,None,0,0,GA,VND0023,0
TXN0000082,POL000082,CUST00082,2024-05-11,2022-01-27,3208,1781,Moderate,10,Police,0,1,FL,VND0019,0
TXN0000083,POL000083,CUST00083,2021-10-13,2021-11-08,3711,3963,Moderate,23,Ambulance,1,0,IL,VND0020,0
TXN0000084,POL000084,CUST00084,2021-07-28,2023-08-04,5323,4044,Major,19,None,0,1,IL,VND0018,0
TXN0000085,POL000085,CUST00085,2020-08-25,2023-02-26,36265,2757,Moderate,15,Ambulance,1,1,NC,VND0018,1
TXN0000086,POL000086,CUST00086,2019-08-05,2023-01-06,40118,3345,Major,3,Ambulance,0,0,FL,VND0035,1
TXN0000087,POL000087,CUST00087,2023-10-25,2021-12-31,4771,1712,Minor,14,Fire,0,1,GA,VND0021,0
TXN0000088,POL000088,CUST00088,2022-12-17,2023-10-13,6487,4681,Major,0,Fire,0,0,MI,VND0010,0
TXN0000089,POL000089,CUST00089,2021-03-14,2024-06-11,5304,4923,Minor,6,Ambulance,0,1,OH,VND0019,0
TXN0000090,POL000090,CUST00090,2024-04-13,2023-07-09,3467,4914,Moderate,16,None,0,0,NC,VND0049,0
TXN0000091,POL000091,CUST00091,2020-01-04,2020-12-13,3757,3817,Moderate,9,Fire,1,1,TX,VND0050,0
TXN0000092,POL000092,CUST00092,2023-04-12,2020-07-22,1966,690,Moderate,23,Police,0,1,WA,VND0004,0
TXN0000093,POL000093,CUST00093,2021-06-26,2019-01-17,4693,2149,Minor,22,Fire,0,1,NY,VND0029,0
TXN0000094,POL000094,CUST00094,2022-06-06,2024-06-30,1842,2502,Major,2,Police,1,1,TX,VND0049,0
TXN0000095,POL000095,CUST00095,2019-03-16,2023-01-25,2524,4819,Moderate,21,None,0,1,OH,VND0010,0
TXN0000096,POL000096,CUST00096,2022-05-10,2024-03-10,2002,2961,Severe,20,Ambulance,0,0,NY,VND0004,0
TXN0000097,POL000097,CUST00097,2022-09-25,2023-05-15,2480,2912,Major,2,Police,0,1,IL,VND0011,0
TXN0000098,POL000098,CUST00098,2024-05-16,2021-05-27,46583,1160,Moderate,9,Ambulance,0,1,MI,VND0016,1
TXN0000099,POL000099,CUST00099,2020-11-25,2019-11-02,41147,4071,Major,22,Ambulance,0,1,OH,VND0047,1
TXN0000100,POL000100,CUST00100,2019-05-27,2019-04-19,5079,2013,Minor,0,Ambulance,0,1,NY,VND0013,0
TXN0000101,POL000101,CUST00101,2019-05-04,2023-05-24,3198,913,Moderate,1,Ambulance,0,0,MI,VND0017,0
TXN0000102,POL000102,CUST00102,2019-10-28,2020-09-15,6657,4944,Moderate,12,None,0,0,NY,VND0013,0
TXN0000103,POL000103,CUST00103,2020-08-23,2021-02-14,1430,1355,Major,22,None,0,0,WA,VND0020,0
TXN0000104,POL000104,CUST00104,2023-07-26,2023-08-20,4749,573,Minor,6,Fire,0,0,WA,VND0050,0
TXN0000105,POL000105,CUST00105,2020-01-27,2021-09-07,1418,850,Moderate,18,Police,0,1,IL,VND0005,0
TXN0000106,POL000106,CUST00106,2019-10-19,2024-04-07,3920,2536,Major,16,None,0,0,NC,VND0023,0
TXN0000107,POL000107,CUST00107,2019-03-05,2022-01-16,3537,963,Moderate,3,Ambulance,0,1,NC,VND0031,0
TXN0000108,POL000108,CUST00108,2021-02-08,2023-08-11,3250,4291,Minor,6,Police,0,0,MI,VND0006,0
TXN0000109,POL000109,CUST00109,2022-04-26,2019-09-24,33509,2806,Moderate,14,Ambulance,1,1,IL,VND0003,1
TXN0000110,POL000110,CUST00110,2020-07-18,2021-03-21,5831,1957,Major,11,Police,0,0,IL,VND0050,0
TXN0000111,POL000111,CUST00111,2021-09-21,2020-01-17,2353,514,Minor,5,Police,0,0,FL,VND0014,0
TXN0000112,POL000112,CUST00112,2020-05-03,2019-05-08,5977,2659,Moderate,4,Police,0,1,OH,VND0013,0
TXN0000113,POL000113,CUST00113,2023-05-25,2024-06-28,1456,1180,Severe,13,Fire,0,0,GA,VND0018,0
TXN0000114,POL000114,CUST00114,2019-02-21,2021-11-19,2192,4901,Severe,19,Police,0,1,IL,VND0004,0
TXN0000115,POL000115,CUST00115,2020-02-07,2020-12-25,2312,1809,Minor,9,None,0,1,NY,VND0008,0
TXN0000116,POL000116,CUST00116,2022-02-10,2021-02-08,6683,2636,Moderate,22,Fire,0,0,IL,VND0002,0
TXN0000117,POL000117,CUST00117,2023-08-18,2020-05-12,1006,583,Minor,16,Ambulance,0,1,OH,VND0027,0
TXN0000118,POL000118,CUST00118,2021-03-16,2019-09-18,2886,1089,Severe,9,None,0,0,TX,VND0024,0
TXN0000119,POL000119,CUST00119,2019-05-20,2024-01-23,3086,1433,Moderate,16,None,0,0,GA,VND0014,0
TXN0000120,POL000120,CUST00120,2022-01-12,2019-08-15,5640,732,Moderate,10,None,0,1,MI,VND0046,0
TXN0000121,POL000121,CUST00121,2020-06-26,2021-02-25,3504,3766,Minor,18,Police,0,0,NY,VND0016,0
TXN0000122,POL000122,CUST00122,2020-09-03,2019-11-18,6774,4754,Moderate,23,Ambulance,0,0,NY,VND0001,0
TXN0000123,POL000123,CUST00123,2024-01-25,2024-02-24,41699,4934,Minor,18,None,1,1,CA,VND0005,1
TXN0000124,POL000124,CUST00124,2024-03-04,2020-03-03,4984,1696,Major,3,Police,0,1,OH,VND0037,0
TXN0000125,POL000125,CUST00125,2020-06-03,2021-03-16,13826,4049,Moderate,1,None,0,1,IL,VND0027,1
TXN0000126,POL000126,CUST00126,2022-04-01,2023-03-08,1298,2768,Moderate,19,None,1,1,MI,VND0014,0
TXN0000127,POL000127,CUST00127,2021-12-21,2022-03-05,3253,706,Major,20,None,0,1,WA,VND0013,0
TXN0000128,POL000128,CUST00128,2024-04-13,2021-02-19,45077,908,Minor,13,Fire,0,1,NC,VND0011,1
TXN0000129,POL000129,CUST00129,2024-03-14,2022-02-19,21420,2965,Minor,5,Police,0,0,FL,VND0022,1
TXN0000130,POL000130,CUST00130,2020-12-03,2021-06-10,1007,2406,Moderate,21,Ambulance,0,0,TX,VND0036,0
TXN0000131,POL000131,CUST00131,2019-02-21,2020-08-17,1123,537,Major,10,Ambulance,0,1,IL,VND0032,0
TXN0000132,POL000132,CUST00132,2019-01-05,2022-04-30,5566,4685,Minor,7,Ambulance,1,0,GA,VND0038,0
TXN0000133,POL000133,CUST00133,2019-01-10,2021-01-17,4666,3786,Major,8,Fire,1,0,CA,VND0003,0
TXN0000134,POL000134,CUST00134,2023-04-17,2024-04-25,2112,2760,Moderate,7,Police,0,1,IL,VND0028,0
TXN0000135,POL000135,CUST00135,2023-01-24,2021-08-02,5213,4941,Moderate,6,None,0,1,CA,VND0039,0
TXN0000136,POL000136,CUST00136,2023-07-19,2023-03-13,15641,4870,Moderate,7,Ambulance,1,1,FL,VND0011,1
TXN0000137,POL000137,CUST00137,2019-10-08,2020-04-29,5752,4882,Minor,16,None,1,0,NY,VND0030,0
TXN0000138,POL000138,CUST00138,2019-04-28,2022-08-03,6388,1664,Minor,0,None,1,1,CA,VND0001,0
TXN0000139,POL000139,CUST00139,2019-12-09,2022-02-11,6199,4464,Major,8,Fire,0,0,FL,VND0046,0
TXN0000140,POL000140,CUST00140,2022-06-09,2023-02-16,26835,2770,Moderate,4,Fire,0,1,GA,VND0037,1
TXN0000141,POL000141,CUST00141,2019-01-19,2021-07-30,5430,3767,Moderate,15,None,1,0,WA,VND0032,0
TXN0000142,POL000142,CUST00142,2022-08-19,2022-12-29,2871,4367,Severe,23,Ambulance,1,1,NC,VND0030,0
TXN0000143,POL000143,CUST00143,2023-11-20,2019-05-12,2941,1234,Minor,18,Ambulance,0,1,NY,VND0034,0
TXN0000144,POL000144,CUST00144,2019-10-20,2022-11-01,4600,2517,Moderate,5,None,1,0,WA,VND0022,0
TXN0000145,POL000145,CUST00145,2023-01-22,2023-03-07,4294,1080,Moderate,12,Police,0,1,IL,VND0049,0
TXN0000146,POL000146,CUST00146,2022-01-13,2021-10-07,3053,1757,Minor,0,Fire,1,0,NY,VND0011,0
TXN0000147,POL000147,CUST00147,2024-03-09,2019-03-24,6996,2360,Severe,9,Police,0,0,MI,VND0041,0
TXN0000148,POL000148,CUST00148,2020-05-03,2022-02-26,1388,4349,Severe,6,Fire,1,0,NY,VND0039,0
TXN0000149,POL000149,CUST00149,2020-03-31,2023-05-02,859,4381,Moderate,12,Fire,0,1,NC,VND0042,0
TXN0000150,POL000150,CUST00150,2019-02-03,2021-07-29,44501,2254,Severe,9,Fire,0,0,TX,VND0004,1
TXN0000151,POL000151,CUST00151,2022-11-16,2019-07-23,5736,1981,Minor,16,Police,0,1,NY,VND0023,0
TXN0000152,POL000152,CUST00152,2023-10-06,2021-03-18,2964,2888,Severe,13,None,1,1,WA,VND0033,0
TXN0000153,POL000153,CUST00153,2019-02-07,2024-07-03,35627,4603,Major,22,Fire,0,1,FL,VND0031,1
TXN0000154,POL000154,CUST00154,2021-09-13,2020-07-11,4614,4894,Minor,1,Fire,0,0,MI,VND0035,0
TXN0000155,POL000155,CUST00155,2022-12-24,2021-12-13,8298,1520,Moderate,22,None,1,1,IL,VND0032,1
TXN0000156,POL000156,CUST00156,2023-04-18,2020-12-28,4103,1339,Major,18,Fire,1,0,WA,VND0012,0
TXN0000157,POL000157,CUST00157,2024-02-11,2022-12-15,597,3680,Moderate,17,None,0,0,IL,VND0042,0
TXN0000158,POL000158,CUST00158,2022-12-21,2021-05-24,1262,1856,Moderate,19,Police,1,1,IL,VND0025,0
TXN0000159,POL000159,CUST00159,2024-01-22,2021-02-24,6537,1398,Moderate,1,None,0,1,NY,VND0049,0
TXN0000160,POL000160,CUST00160,2024-06-17,2022-03-23,3264,639,Minor,5,None,0,0,FL,VND0027,0
TXN0000161,POL000161,CUST00161,2024-02-05,2022-03-08,18026,2314,Minor,0,None,0,0,MI,VND0027,1
TXN0000162,POL000162,CUST00162,2021-05-28,2021-10-14,2712,2263,Minor,19,None,1,0,OH,VND0030,0
TXN0000163,POL000163,CUST00163,2021-03-27,2020-06-16,2476,3033,Major,8,Ambulance,0,0,OH,VND0044,0
TXN0000164,POL000164,CUST00164,2021-05-08,2019-08-19,12784,1400,Moderate,8,Ambulance,0,0,NY,VND0046,1
TXN0000165,POL000165,CUST00165,2024-03-23,2022-11-01,2196,3714,Moderate,14,None,0,0,NC,VND0030,0
TXN0000166,POL000166,CUST00166,2020-07-19,2020-11-27,5159,3560,Minor,10,None,0,0,NY,VND0028,0
TXN0000167,POL000167,CUST00167,2023-02-18,2022-05-29,926,2580,Minor,15,Ambulance,1,0,FL,VND0003,0
TXN0000168,POL000168,CUST00168,2022-06-08,2021-02-08,2305,1315,Major,22,Ambulance,0,1,CA,VND0004,0
TXN0000169,POL000169,CUST00169,2019-05-04,2023-09-25,3382,2781,Minor,7,Police,1,1,MI,VND0037,0
TXN0000170,POL000170,CUST00170,2021-09-02,2022-12-04,3872,3536,Major,21,None,0,1,CA,VND0018,0
TXN0000171,POL000171,CUST00171,2020-01-26,2021-04-05,6187,2177,Moderate,12,None,1,0,MI,VND0022,0
TXN0000172,POL000172,CUST00172,2023-01-02,2020-11-13,6477,1685,Major,9,Police,1,1,NY,VND0032,0
TXN0000173,POL000173,CUST00173,2021-06-16,2023-02-27,2222,2779,Moderate,22,Fire,0,0,CA,VND0012,0
TXN0000174,POL000174,CUST00174,2020-12-16,2019-01-30,3867,2098,Major,11,Police,0,1,WA,VND0017,0
TXN0000175,POL000175,CUST00175,2019-05-12,2019-05-10,352,2302,Minor,3,Fire,1,0,NC,VND0003,0
TXN0000176,POL000176,CUST00176,2019-09-20,2019-07-03,27051,2069,Major,6,None,0,1,NC,VND0039,1
TXN0000177,POL000177,CUST00177,2023-03-14,2020-12-09,1239,1865,Minor,20,Fire,0,0,OH,VND0026,0
TXN0000178,POL000178,CUST00178,2023-09-27,2021-10-08,698,3725,Minor,12,Fire,0,1,NC,VND0010,0
TXN0000179,POL000179,CUST00179,2020-08-07,2020-08-25,4767,2571,Moderate,13,None,1,0,TX,VND0030,0
TXN0000180,POL000180,CUST00180,2023-07-20,2020-01-28,1411,2599,Minor,16,Fire,0,1,FL,VND0008,0
TXN0000181,POL000181,CUST00181,2022-01-12,2020-10-04,3446,3438,Moderate,4,None,0,1,OH,VND0040,0
TXN0000182,POL000182,CUST00182,2020-12-05,2021-10-04,886,2125,Major,2,None,0,0,NC,VND0012,0
TXN0000183,POL000183,CUST00183,2021-06-25,2020-09-03,5270,954,Major,10,Fire,0,1,OH,VND0014,0
TXN0000184,POL000184,CUST00184,2022-10-17,2022-03-13,5400,4336,Moderate,22,Ambulance,0,0,IL,VND0044,0
TXN0000185,POL000185,CUST00185,2023-12-30,2021-02-20,4108,750,Severe,3,Fire,1,1,GA,VND0038,0
TXN0000186,POL000186,CUST00186,2021-09-15,2024-03-03,5884,3073,Moderate,17,Fire,0,0,CA,VND0035,0
TXN0000187,POL000187,CUST00187,2020-11-26,2024-06-29,3170,1696,Minor,23,None,1,1,OH,VND0031,0
TXN0000188,POL000188,CUST00188,2023-03-08,2022-08-23,48512,1462,Major,2,Fire,1,1,NY,VND0027,1
TXN0000189,POL000189,CUST00189,2021-11-19,2022-02-02,1229,688,Minor,3,Police,0,1,IL,VND0010,0
TXN0000190,POL000190,CUST00190,2021-02-21,2019-03-18,1691,4550,Minor,20,Fire,0,1,TX,VND0016,0
TXN0000191,POL000191,CUST00191,2021-07-11,2022-06-18,1562,2431,Minor,2,Ambulance,1,1,WA,VND0049,0
TXN0000192,POL000192,CUST00192,2021-12-11,2021-02-17,2397,2041,Moderate,17,Police,0,1,MI,VND0046,0
TXN0000193,POL000193,CUST00193,2019-10-09,2020-08-19,19130,3835,Moderate,19,Ambulance,0,0,WA,VND0037,1
TXN0000194,POL000194,CUST00194,2019-04-27,2023-05-27,4219,675,Moderate,7,Police,1,1,MI,VND0045,0
TXN0000195,POL000195,CUST00195,2022-08-27,2019-04-09,1208,3040,Moderate,6,Police,1,0,GA,VND0041,0
TXN0000196,POL000196,CUST00196,2019-12-18,2020-06-21,4428,2725,Major,12,Ambulance,0,1,FL,VND0020,0
TXN0000197,POL000197,CUST00197,2021-12-02,2023-04-18,2471,2990,Severe,12,Police,0,0,TX,VND0036,0
TXN0000198,POL000198,CUST00198,2023-04-19,2024-02-15,4869,1057,Minor,20,None,0,1,GA,VND0038,0
TXN0000199,POL000199,CUST00199,2020-03-07,2021-11-13,3687,4786,Minor,14,Police,1,1,WA,VND0007,0
TXN0000200,POL000200,CUST00200,2021-02-04,2021-12-12,6355,1573,Moderate,23,Fire,0,1,NY,VND0046,0
TXN0000201,POL000201,CUST00201,2024-05-17,2024-05-09,3191,3553,Minor,5,Police,1,0,WA,VND0025,0
TXN0000202,POL000202,CUST00202,2019-03-12,2019-07-19,2206,3861,Moderate,6,Fire,0,0,TX,VND0016,0
TXN0000203,POL000203,CUST00203,2023-02-25,2021-09-06,4206,2047,Moderate,5,None,0,1,FL,VND0024,0
TXN0000204,POL000204,CUST00204,2019-12-03,2020-05-14,16207,1088,Major,15,Ambulance,0,1,GA,VND0017,1
TXN0000205,POL000205,CUST00205,2023-12-23,2021-08-29,10276,1835,Minor,0,Ambulance,0,1,IL,VND0017,1
TXN0000206,POL000206,CUST00206,2021-04-06,2024-01-08,4006,4131,Major,20,Police,1,1,NC,VND0028,0
TXN0000207,POL000207,CUST00207,2019-01-14,2022-04-25,37658,4579,Moderate,18,Fire,0,0,NY,VND0050,1
TXN0000208,POL000208,CUST00208,2022-12-11,2024-06-27,2279,4716,Major,23,Fire,1,1,NC,VND0021,0
TXN0000209,POL000209,CUST00209,2019-10-23,2021-10-25,20204,1518,Moderate,23,Ambulance,0,1,NY,VND0011,1
TXN0000210,POL000210,CUST00210,2020-12-30,2023-10-13,6370,3229,Major,1,Police,1,0,TX,VND0039,0
TXN0000211,POL000211,CUST00211,2021-10-05,2019-12-21,4792,1179,Major,17,None,1,1,OH,VND0015,0
TXN0000212,POL000212,CUST00212,2023-02-04,2020-10-19,849,3696,Minor,12,Ambulance,0,0,OH,VND0027,0
TXN0000213,POL000213,CUST00213,2021-04-20,2020-07-17,6742,2371,Moderate,17,Fire,1,0,OH,VND0013,0
TXN0000214,POL000214,CUST00214,2023-09-19,2023-04-07,5041,3711,Major,20,Police,0,0,CA,VND0011,0
TXN0000215,POL000215,CUST00215,2021-08-24,2021-11-10,541,3583,Minor,13,Ambulance,0,1,IL,VND0013,0
TXN0000216,POL000216,CUST00216,2020-11-15,2020-04-05,5149,4967,Moderate,0,Fire,1,1,CA,VND0018,0
TXN0000217,POL000217,CUST00217,2020-11-07,2019-12-28,26437,2698,Moderate,20,Ambulance,1,0,MI,VND0048,1
TXN0000218,POL000218,CUST00218,2023-05-26,2021-02-25,15841,2036,Major,10,Ambulance,0,1,CA,VND0034,1
TXN0000219,POL000219,CUST00219,2022-08-27,2019-11-19,3527,2870,Minor,11,Ambulance,1,1,WA,VND0035,0
TXN0000220,POL000220,CUST00220,2019-09-12,2022-11-14,3726,1232,Moderate,14,None,0,0,CA,VND0003,0
TXN0000221,POL000221,CUST00221,2023-02-15,2023-09-14,2340,1002,Minor,21,Ambulance,0,0,GA,VND0001,0
TXN0000222,POL000222,CUST00222,2021-04-13,2024-05-13,2387,2836,Moderate,12,Ambulance,0,0,NY,VND0018,0
TXN0000223,POL000223,CUST00223,2020-12-01,2020-05-02,4401,4214,Major,4,Fire,0,0,TX,VND0045,0
TXN0000224,POL000224,CUST00224,2019-07-15,2021-06-14,5828,2899,Moderate,17,None,0,1,NY,VND0001,0
TXN0000225,POL000225,CUST00225,2024-06-26,2021-10-22,6256,4018,Moderate,15,Fire,0,1,CA,VND0039,0
TXN0000226,POL000226,CUST00226,2019-04-16,2021-10-06,5441,1300,Moderate,1,Ambulance,0,0,GA,VND0042,0
TXN0000227,POL000227,CUST00227,2024-06-23,2021-07-13,33005,2522,Moderate,12,None,0,1,MI,VND0014,1
TXN0000228,POL000228,CUST00228,2019-05-10,2020-04-01,3602,3258,Major,18,Fire,0,0,NY,VND0006,0
TXN0000229,POL000229,CUST00229,2021-10-11,2019-08-27,2509,2064,Minor,21,Police,1,0,IL,VND0008,0
TXN0000230,POL000230,CUST00230,2019-07-30,2021-04-03,26954,563,Major,6,Police,0,0,TX,VND0004,1
TXN0000231,POL000231,CUST00231,2021-09-16,2019-07-19,27961,830,Major,12,Police,1,0,IL,VND0043,1
TXN0000232,POL000232,CUST00232,2023-08-05,2019-05-21,2021,4674,Major,19,Police,1,0,WA,VND0040,0
TXN0000233,POL000233,CUST00233,2022-03-30,2021-12-02,6101,3223,Minor,14,Ambulance,0,0,OH,VND0034,0
TXN0000234,POL000234,CUST00234,2021-12-27,2023-10-05,4208,1690,Moderate,10,Fire,1,0,MI,VND0005,0
TXN0000235,POL000235,CUST00235,2019-08-27,2022-01-04,2608,1664,Minor,4,Police,1,1,NC,VND0048,0
TXN0000236,POL000236,CUST00236,2024-03-16,2019-03-02,6083,678,Severe,1,Police,0,1,TX,VND0035,0
TXN0000237,POL000237,CUST00237,2021-01-23,2023-08-29,6746,4751,Major,16,Fire,0,0,CA,VND0042,0
TXN0000238,POL000238,CUST00238,2021-12-15,2022-10-18,2362,987,Moderate,23,Fire,0,1,NY,VND0019,0
TXN0000239,POL000239,CUST00239,2023-12-07,2020-09-14,49899,3917,Major,14,None,0,0,WA,VND0010,1
TXN0000240,POL000240,CUST00240,2022-06-15,2020-07-16,19459,1581,Minor,18,Ambulance,0,1,TX,VND0042,1
TXN0000241,POL000241,CUST00241,2023-01-15,2023-12-26,4971,2010,Moderate,16,Ambulance,1,0,CA,VND0003,0
TXN0000242,POL000242,CUST00242,2020-01-06,2021-08-28,6667,1732,Major,8,Ambulance,1,1,WA,VND0010,0
TXN0000243,POL000243,CUST00243,2021-07-12,2019-10-25,3929,4210,Minor,12,None,1,0,TX,VND0008,0
TXN0000244,POL000244,CUST00244,2021-12-20,2020-08-02,5627,647,Severe,6,Fire,1,0,NY,VND0005,0
TXN0000245,POL000245,CUST00245,2019-12-19,2020-06-28,4250,2085,Major,5,Police,0,1,NC,VND0028,0
TXN0000246,POL000246,CUST00246,2021-02-12,2021-03-28,6231,1757,Severe,14,Ambulance,0,1,CA,VND0012,0
TXN0000247,POL000247,CUST00247,2023-07-27,2020-12-09,2951,1728,Major,15,Police,0,1,TX,VND0049,0
TXN0000248,POL000248,CUST00248,2024-02-13,2022-01-16,2819,1368,Minor,23,Police,0,1,NC,VND0047,0
TXN0000249,POL000249,CUST00249,2023-07-11,2020-10-24,3072,4606,Moderate,5,None,1,0,CA,VND0009,0
TXN0000250,POL000250,CUST00250,2024-02-18,2022-07-24,6976,2203,Minor,6,Ambulance,0,1,NC,VND0042,0
TXN0000251,POL000251,CUST00251,2024-06-26,2021-09-30,4357,2381,Major,3,Ambulance,0,0,OH,VND0002,0
TXN0000252,POL000252,CUST00252,2020-02-03,2024-03-17,1237,2233,Minor,22,Ambulance,0,1,FL,VND0015,0
TXN0000253,POL000253,CUST00253,2023-09-14,2023-08-04,478,4910,Major,18,Ambulance,0,1,GA,VND0033,0
TXN0000254,POL000254,CUST00254,2022-05-29,2020-11-12,3727,2025,Minor,7,Fire,0,0,NY,VND0011,0
TXN0000255,POL000255,CUST00255,2023-09-20,2019-04-09,5678,2037,Minor,23,Police,0,1,WA,VND0004,0
TXN0000256,POL000256,CUST00256,2022-07-04,2022-04-03,3459,1975,Minor,16,Fire,0,0,IL,VND0008,0
TXN0000257,POL000257,CUST00257,2019-09-08,2020-11-24,4009,1971,Major,11,None,0,0,NC,VND0033,0
TXN0000258,POL000258,CUST00258,2022-02-03,2023-12-30,36933,903,Minor,9,None,0,1,FL,VND0012,1
TXN0000259,POL000259,CUST00259,2023-03-07,2021-04-08,38788,3219,Minor,13,Police,1,0,MI,VND0013,1
TXN0000260,POL000260,CUST00260,2019-09-07,2020-08-19,6378,613,Minor,2,Ambulance,0,0,FL,VND0011,0
TXN0000261,POL000261,CUST00261,2021-10-09,2020-11-26,13228,1516,Moderate,4,Fire,0,1,OH,VND0045,1
TXN0000262,POL000262,CUST00262,2022-08-05,2023-10-18,5171,1409,Severe,22,Ambulance,0,0,MI,VND0045,0
TXN0000263,POL000263,CUST00263,2021-07-20,2019-08-28,5513,1811,Moderate,4,Police,0,0,WA,VND0041,0
TXN0000264,POL000264,CUST00264,2023-05-23,2024-04-20,45846,3904,Minor,3,Police,0,0,NC,VND0001,1
TXN0000265,POL000265,CUST00265,2019-09-12,2020-04-27,540,3197,Minor,20,Police,0,1,GA,VND0013,0
TXN0000266,POL000266,CUST00266,2020-11-23,2023-09-12,3106,4958,Minor,22,Police,1,0,GA,VND0045,0
TXN0000267,POL000267,CUST00267,2024-03-24,2022-01-12,1162,2080,Moderate,19,Police,1,1,IL,VND0028,0
TXN0000268,POL000268,CUST00268,2021-10-29,2022-03-04,3670,4678,Minor,2,Fire,0,0,GA,VND0003,0
TXN0000269,POL000269,CUST00269,2019-12-30,2020-02-29,19515,702,Minor,20,Ambulance,0,1,OH,VND0013,1
TXN0000270,POL000270,CUST00270,2019-08-22,2023-01-04,38297,2768,Minor,6,None,0,0,OH,VND0042,1
TXN0000271,POL000271,CUST00271,2022-04-05,2022-08-09,29252,4094,Moderate,0,Ambulance,0,0,NY,VND0044,1
TXN0000272,POL000272,CUST00272,2024-02-11,2021-09-06,338,2893,Major,22,Police,0,1,NY,VND0022,0
TXN0000273,POL000273,CUST00273,2019-04-09,2021-07-22,31989,4699,Minor,6,Fire,1,1,TX,VND0008,1
TXN0000274,POL000274,CUST00274,2019-08-08,2022-04-28,3620,1915,Major,15,Fire,0,0,NC,VND0004,0
TXN0000275,POL000275,CUST00275,2021-01-23,2021-08-19,735,649,Moderate,1,Police,0,0,CA,VND0012,0
TXN0000276,POL000276,CUST00276,2020-02-23,2024-05-24,6020,3982,Major,4,None,0,1,TX,VND0040,0
TXN0000277,POL000277,CUST00277,2019-09-01,2019-04-08,5359,806,Minor,21,Ambulance,0,0,FL,VND0042,0
TXN0000278,POL000278,CUST00278,2020-08-22,2020-06-02,5023,3941,Major,14,Fire,0,0,TX,VND0013,0
TXN0000279,POL000279,CUST00279,2022-07-14,2023-09-19,1370,3800,Major,23,Fire,0,1,NC,VND0049,0
TXN0000280,POL000280,CUST00280,2023-07-16,2023-05-25,5610,4299,Severe,4,Fire,0,1,TX,VND0044,0
TXN0000281,POL000281,CUST00281,2020-09-06,2020-12-13,8676,2655,Major,21,Fire,0,1,IL,VND0050,1
TXN0000282,POL000282,CUST00282,2022-11-07,2021-10-27,2855,4529,Minor,20,Ambulance,0,1,NC,VND0038,0
TXN0000283,POL000283,CUST00283,2023-07-11,2019-03-10,202,1264,Severe,22,None,1,1,OH,VND0029,0
TXN0000284,POL000284,CUST00284,2019-01-15,2020-01-05,3797,2454,Major,1,Fire,0,0,OH,VND0050,0
TXN0000285,POL000285,CUST00285,2023-09-08,2024-03-25,5612,1048,Minor,2,Police,0,1,NY,VND0035,0
TXN0000286,POL000286,CUST00286,2020-01-04,2022-07-30,427,3950,Minor,12,None,1,0,IL,VND0042,0
TXN0000287,POL000287,CUST00287,2022-10-06,2019-04-02,10960,3714,Severe,2,Fire,0,1,NC,VND0021,1
TXN0000288,POL000288,CUST00288,2023-02-14,2023-05-25,2804,4128,Minor,1,Police,0,1,IL,VND0013,0
TXN0000289,POL000289,CUST00289,2023-08-24,2021-04-04,3678,3939,Major,19,Ambulance,0,0,GA,VND0029,0
TXN0000290,POL000290,CUST00290,2021-03-21,2022-03-02,42734,1888,Moderate,16,None,0,1,MI,VND0021,1
TXN0000291,POL000291,CUST00291,2022-08-16,2023-10-01,3098,806,Major,20,Fire,0,1,FL,VND0018,0
TXN0000292,POL000292,CUST00292,2019-02-22,2023-08-23,34858,4681,Minor,22,Fire,1,1,TX,VND0035,1
TXN0000293,POL000293,CUST00293,2021-06-15,2019-10-16,607,2717,Major,3,Fire,0,0,IL,VND0031,0
TXN0000294,POL000294,CUST00294,2024-04-18,2021-01-18,38873,924,Moderate,19,None,0,0,NY,VND0016,1
TXN0000295,POL000295,CUST00295,2019-11-15,2020-07-15,871,4671,Severe,1,None,0,1,TX,VND0013,0
TXN0000296,POL000296,CUST00296,2019-10-31,2024-01-23,4894,4974,Minor,8,None,0,1,NC,VND0028,0
TXN0000297,POL000297,CUST00297,2022-11-06,2023-05-01,5544,2504,Minor,7,Police,0,0,GA,VND0017,0
TXN0000298,POL000298,CUST00298,2021-10-21,2022-08-08,3158,3965,Minor,5,None,0,0,GA,VND0012,0
TXN0000299,POL000299,CUST00299,2021-07-02,2019-05-12,726,663,Minor,17,Fire,0,1,NC,VND0012,0
TXN0000300,POL000300,CUST00300,2020-05-13,2023-06-15,3026,919,Severe,2,None,1,0,IL,VND0034,0
TXN0000301,POL000301,CUST00301,2019-12-10,2022-02-14,6902,1744,Minor,19,None,1,0,OH,VND0021,0
TXN0000302,POL000302,CUST00302,2023-01-20,2020-07-16,8034,3453,Minor,20,Ambulance,1,0,FL,VND0018,1
TXN0000303,POL000303,CUST00303,2020-12-19,2021-06-21,3539,1100,Major,15,None,1,1,NC,VND0006,0
TXN0000304,POL000304,CUST00304,2023-04-08,2021-06-28,3857,653,Minor,1,Police,1,1,WA,VND0003,0
TXN0000305,POL000305,CUST00305,2021-06-08,2020-08-31,2443,3509,Minor,14,Ambulance,1,1,MI,VND0035,0
TXN0000306,POL000306,CUST00306,2021-03-08,2024-01-15,3178,3965,Major,15,Police,0,0,IL,VND0049,0
TXN0000307,POL000307,CUST00307,2020-04-06,2024-01-31,3407,3826,Moderate,8,Ambulance,0,1,CA,VND0017,0
TXN0000308,POL000308,CUST00308,2022-08-14,2019-04-27,3423,4096,Major,8,Fire,0,0,MI,VND0043,0
TXN0000309,POL000309,CUST00309,2020-07-25,2024-03-08,5080,4112,Moderate,11,None,0,1,OH,VND0031,0
TXN0000310,POL000310,CUST00310,2023-12-30,2021-04-05,15817,3210,Minor,23,Fire,0,0,NC,VND0016,1
TXN0000311,POL000311,CUST00311,2021-03-30,2023-06-09,563,2837,Moderate,0,None,0,1,NY,VND0029,0
TXN0000312,POL000312,CUST00312,2023-06-24,2023-04-30,243,4355,Major,12,Fire,1,1,MI,VND0007,0
TXN0000313,POL000313,CUST00313,2021-08-01,2022-05-01,2992,2066,Moderate,7,Police,1,1,MI,VND0017,0
TXN0000314,POL000314,CUST00314,2021-04-12,2023-02-16,6372,940,Major,13,Ambulance,0,0,CA,VND0037,0
TXN0000315,POL000315,CUST00315,2021-06-28,2022-10-14,450,3883,Moderate,0,Police,0,1,OH,VND0043,0
TXN0000316,POL000316,CUST00316,2021-06-05,2023-09-21,683,1741,Moderate,22,Ambulance,0,1,IL,VND0012,0
TXN0000317,POL000317,CUST00317,2021-08-19,2021-05-14,4818,4904,Major,10,Fire,0,0,GA,VND0046,0
TXN0000318,POL000318,CUST00318,2023-11-15,2023-02-07,3266,2363,Minor,23,None,0,1,FL,VND0031,0
TXN0000319,POL000319,CUST00319,2022-11-12,2024-06-03,1768,4333,Moderate,3,Fire,0,1,CA,VND0012,0
TXN0000320,POL000320,CUST00320,2019-03-10,2024-03-30,1610,691,Minor,14,Fire,0,1,FL,VND0039,0
TXN0000321,POL000321,CUST00321,2019-04-27,2019-11-08,4722,3466,Major,16,Ambulance,0,1,OH,VND0045,0
TXN0000322,POL000322,CUST00322,2019-02-15,2021-10-11,3761,2516,Moderate,19,None,0,0,FL,VND0014,0
TXN0000323,POL000323,CUST00323,2022-10-18,2021-11-04,4539,2581,Moderate,0,Police,0,1,IL,VND0006,0
TXN0000324,POL000324,CUST00324,2020-02-18,2022-06-21,2105,1693,Minor,15,Ambulance,0,0,NY,VND0015,0
TXN0000325,POL000325,CUST00325,2021-02-12,2022-08-06,3779,4870,Severe,3,Fire,1,0,GA,VND0038,0
TXN0000326,POL000326,CUST00326,2023-07-20,2023-09-13,6048,2267,Moderate,10,None,0,1,IL,VND0004,0
TXN0000327,POL000327,CUST00327,2019-09-22,2021-12-18,2352,4327,Minor,1,Ambulance,1,1,TX,VND0015,0
TXN0000328,POL000328,CUST00328,2019-11-04,2022-11-23,2895,2412,Minor,1,None,0,1,GA,VND0016,0
TXN0000329,POL000329,CUST00329,2019-06-09,2023-12-26,1313,717,Moderate,18,Fire,0,1,FL,VND0001,0
TXN0000330,POL000330,CUST00330,2020-07-26,2019-08-07,4543,4457,Minor,17,Fire,1,0,NY,VND0030,0
TXN0000331,POL000331,CUST00331,2019-06-29,2022-07-28,421,1332,Major,21,None,1,1,NC,VND0041,0
TXN0000332,POL000332,CUST00332,2022-06-16,2021-01-20,1892,1716,Major,16,Police,0,0,FL,VND0008,0
TXN0000333,POL000333,CUST00333,2023-01-18,2024-01-08,5048,4374,Minor,14,Ambulance,1,1,CA,VND0045,0
TXN0000334,POL000334,CUST00334,2020-01-05,2022-01-28,331,4521,Moderate,2,None,0,1,NY,VND0048,0
TXN0000335,POL000335,CUST00335,2021-11-18,2022-05-09,10797,4625,Minor,18,None,1,1,NY,VND0044,1
TXN0000336,POL000336,CUST00336,2020-08-31,2023-03-10,2948,2416,Minor,5,Ambulance,0,1,GA,VND0037,0
TXN0000337,POL000337,CUST00337,2019-06-11,2020-05-14,30711,3906,Moderate,2,Fire,1,1,NC,VND0023,1
TXN0000338,POL000338,CUST00338,2021-07-26,2022-01-10,3848,1975,Minor,17,None,1,1,CA,VND0011,0
TXN0000339,POL000339,CUST00339,2022-10-31,2023-04-16,41695,3831,Major,14,Police,1,1,NC,VND0046,1
TXN0000340,POL000340,CUST00340,2020-04-02,2023-04-25,3324,2761,Moderate,3,None,1,0,NC,VND0027,0
TXN0000341,POL000341,CUST00341,2023-05-01,2020-04-16,20486,733,Minor,13,Police,0,1,TX,VND0023,1
TXN0000342,POL000342,CUST00342,2024-06-14,2023-08-23,6741,2379,Severe,16,Ambulance,0,0,NY,VND0020,0
TXN0000343,POL000343,CUST00343,2019-04-23,2019-12-08,1562,2604,Moderate,11,Fire,0,1,NC,VND0011,0
TXN0000344,POL000344,CUST00344,2019-11-25,2020-06-30,5006,1658,Minor,17,None,1,1,OH,VND0020,0
TXN0000345,POL000345,CUST00345,2020-08-03,2023-10-01,2246,2185,Moderate,12,Ambulance,0,1,NY,VND0040,0
TXN0000346,POL000346,CUST00346,2023-09-02,2022-06-05,6970,2762,Severe,8,None,0,1,NC,VND0028,0
TXN0000347,POL000347,CUST00347,2019-10-13,2022-01-07,1922,723,Moderate,5,None,1,1,GA,VND0020,0
TXN0000348,POL000348,CUST00348,2021-08-01,2022-02-06,2206,1183,Moderate,6,None,0,1,OH,VND0006,0
TXN0000349,POL000349,CUST00349,2021-12-14,2024-05-14,5056,3950,Moderate,19,Police,1,0,CA,VND0021,0
TXN0000350,POL000350,CUST00350,2019-09-17,2020-04-15,36476,2083,Minor,8,Fire,1,0,GA,VND0011,1
TXN0000351,POL000351,CUST00351,2019-03-26,2020-09-06,1074,3237,Minor,17,Fire,0,0,TX,VND0020,0
TXN0000352,POL000352,CUST00352,2019-08-26,2021-09-24,3977,3046,Moderate,8,Police,0,1,WA,VND0008,0
TXN0000353,POL000353,CUST00353,2019-04-23,2023-09-08,2550,2980,Major,12,Police,1,1,TX,VND0048,0
TXN0000354,POL000354,CUST00354,2021-10-01,2022-01-20,4359,2360,Major,14,Police,0,1,CA,VND0009,0
TXN0000355,POL000355,CUST00355,2024-02-23,2023-01-11,3985,2674,Minor,11,None,1,0,NY,VND0007,0
TXN0000356,POL000356,CUST00356,2020-12-10,2023-07-14,6903,4207,Moderate,17,Fire,0,0,NY,VND0033,0
TXN0000357,POL000357,CUST00357,2020-05-30,2023-12-11,6548,4842,Minor,22,None,0,1,NY,VND0018,0
TXN0000358,POL000358,CUST00358,2020-04-15,2021-07-28,4647,1655,Moderate,20,None,0,1,WA,VND0050,0
TXN0000359,POL000359,CUST00359,2024-05-23,2021-07-22,4820,3512,Major,22,Police,1,0,FL,VND0021,0
TXN0000360,POL000360,CUST00360,2024-04-08,2019-06-26,6311,4863,Minor,0,None,0,0,MI,VND0033,0
TXN0000361,POL000361,CUST00361,2022-07-25,2019-06-25,1447,534,Major,18,Police,1,0,TX,VND0042,0
TXN0000362,POL000362,CUST00362,2021-07-19,2021-09-19,47354,4031,Moderate,17,Fire,1,1,GA,VND0050,1
TXN0000363,POL000363,CUST00363,2019-11-17,2023-02-27,39905,2735,Major,9,None,0,1,TX,VND0041,1
TXN0000364,POL000364,CUST00364,2024-02-08,2023-08-24,18807,4854,Major,7,Fire,0,1,FL,VND0029,1
TXN0000365,POL000365,CUST00365,2019-01-03,2021-04-14,6192,3102,Major,1,None,0,1,TX,VND0041,0
TXN0000366,POL000366,CUST00366,2019-11-26,2022-03-07,4956,4271,Major,20,Ambulance,1,1,NY,VND0015,0
TXN0000367,POL000367,CUST00367,2022-09-24,2023-07-04,2560,1247,Major,20,Police,0,0,IL,VND0044,0
TXN0000368,POL000368,CUST00368,2020-01-04,2020-10-16,3493,1139,Moderate,1,None,1,0,MI,VND0044,0
TXN0000369,POL000369,CUST00369,2019-08-06,2019-11-29,3529,4669,Minor,13,Police,1,0,NC,VND0020,0
TXN0000370,POL000370,CUST00370,2022-04-11,2024-02-07,6447,2869,Minor,13,Ambulance,0,1,GA,VND0004,0
TXN0000371,POL000371,CUST00371,2019-02-22,2022-01-15,6790,3012,Major,4,Fire,0,1,IL,VND0035,0
TXN0000372,POL000372,CUST00372,2020-06-25,2019-11-23,5686,1264,Minor,13,Police,1,1,FL,VND0006,0
TXN0000373,POL000373,CUST00373,2022-07-13,2020-06-03,4635,1520,Severe,19,Ambulance,1,1,FL,VND0001,0
TXN0000374,POL000374,CUST00374,2020-01-07,2020-11-01,908,4182,Moderate,7,Fire,0,0,TX,VND0048,0
TXN0000375,POL000375,CUST00375,2023-03-04,2020-02-22,6420,1864,Major,17,Police,0,0,GA,VND0029,0
TXN0000376,POL000376,CUST00376,2019-07-10,2021-06-10,44291,3128,Moderate,23,Ambulance,0,1,NC,VND0033,1
TXN0000377,POL000377,CUST00377,2022-05-15,2023-07-05,1334,1924,Severe,10,Police,0,1,OH,VND0045,0
TXN0000378,POL000378,CUST00378,2019-06-03,2023-02-04,673,1685,Minor,2,Ambulance,1,0,OH,VND0047,0
TXN0000379,POL000379,CUST00379,2023-01-08,2024-01-30,6644,1247,Moderate,7,Police,0,1,NY,VND0048,0
TXN0000380,POL000380,CUST00380,2023-02-20,2023-08-20,3554,4683,Major,3,None,1,1,WA,VND0007,0
TXN0000381,POL000381,CUST00381,2023-05-15,2020-10-01,1804,4730,Minor,8,None,0,1,MI,VND0017,0
TXN0000382,POL000382,CUST00382,2020-07-20,2019-05-12,749,1018,Minor,15,None,1,1,IL,VND0039,0
TXN0000383,POL000383,CUST00383,2020-04-19,2019-11-15,3001,2089,Major,4,None,0,0,NC,VND0002,0
TXN0000384,POL000384,CUST00384,2024-05-17,2023-05-24,5121,3037,Major,12,Police,1,0,NY,VND0012,0
TXN0000385,POL000385,CUST00385,2023-01-04,2020-11-28,6963,2224,Minor,23,Ambulance,0,0,TX,VND0026,0
TXN0000386,POL000386,CUST00386,2020-01-03,2022-12-31,3956,3744,Moderate,6,Police,1,0,FL,VND0018,0
TXN0000387,POL000387,CUST00387,2019-02-28,2021-07-22,4328,1671,Minor,21,Police,0,1,MI,VND0009,0
TXN0000388,POL000388,CUST00388,2020-12-12,2023-12-16,5884,764,Minor,7,Fire,0,1,IL,VND0045,0
TXN0000389,POL000389,CUST00389,2022-08-27,2021-10-31,17082,2016,Moderate,14,Fire,0,1,MI,VND0023,1
TXN0000390,POL000390,CUST00390,2021-01-22,2023-12-28,2102,3190,Minor,3,Fire,0,0,NY,VND0021,0
TXN0000391,POL000391,CUST00391,2023-06-10,2020-06-01,6944,1312,Moderate,6,Police,0,0,IL,VND0033,0
TXN0000392,POL000392,CUST00392,2021-09-30,2023-04-25,24298,4171,Minor,20,Fire,0,1,CA,VND0034,1
TXN0000393,POL000393,CUST00393,2024-06-12,2021-12-02,6524,555,Major,14,Police,0,0,NC,VND0025,0
TXN0000394,POL000394,CUST00394,2023-10-14,2020-01-31,998,803,Moderate,13,Police,0,0,NY,VND0045,0
TXN0000395,POL000395,CUST00395,2021-08-03,2020-04-28,32312,2789,Minor,12,Fire,0,0,CA,VND0015,1
TXN0000396,POL000396,CUST00396,2023-08-03,2020-10-06,6215,2805,Severe,5,Police,1,0,FL,VND0044,0
TXN0000397,POL000397,CUST00397,2021-06-18,2019-11-21,4773,1826,Major,22,None,0,0,GA,VND0044,0
TXN0000398,POL000398,CUST00398,2019-01-20,2024-03-09,1390,1663,Minor,9,None,0,0,MI,VND0001,0
TXN0000399,POL000399,CUST00399,2020-09-10,2020-03-17,6285,814,Severe,0,None,1,1,WA,VND0038,0
TXN0000400,POL000400,CUST00400,2021-04-01,2022-04-30,896,3483,Minor,21,Police,0,0,FL,VND0008,0
TXN0000401,POL000401,CUST00401,2024-05-13,2022-03-06,4839,2205,Minor,1,Fire,0,1,OH,VND0025,0
TXN0000402,POL000402,CUST00402,2023-07-20,2021-12-31,1594,1034,Moderate,21,None,1,1,IL,VND0046,0
TXN0000403,POL000403,CUST00403,2019-10-22,2022-06-27,680,2299,Minor,6,Ambulance,1,1,NC,VND0010,0
TXN0000404,POL000404,CUST00404,2019-01-01,2024-01-27,46755,4716,Major,1,Fire,0,1,GA,VND0029,1
TXN0000405,POL000405,CUST00405,2021-11-27,2024-05-11,5962,1675,Moderate,5,None,0,0,CA,VND0039,0
TXN0000406,POL000406,CUST00406,2021-12-07,2023-11-05,919,4526,Major,15,Fire,1,0,TX,VND0025,0
TXN0000407,POL000407,CUST00407,2023-01-15,2021-07-25,833,1664,Minor,13,None,1,1,OH,VND0004,0
TXN0000408,POL000408,CUST00408,2020-06-04,2023-01-14,4378,1336,Minor,3,Police,0,1,OH,VND0004,0
TXN0000409,POL000409,CUST00409,2023-06-19,2020-01-23,30050,1672,Moderate,7,Ambulance,0,0,MI,VND0026,1
TXN0000410,POL000410,CUST00410,2021-04-08,2023-11-21,5274,1954,Minor,5,Police,1,1,MI,VND0002,0
TXN0000411,POL000411,CUST00411,2020-11-02,2020-02-11,6426,1042,Severe,15,None,1,1,CA,VND0001,0
TXN0000412,POL000412,CUST00412,2021-04-23,2019-08-31,5307,3144,Major,20,Fire,0,1,OH,VND0048,0
TXN0000413,POL000413,CUST00413,2024-03-10,2023-08-06,11597,2000,Major,6,Police,0,1,IL,VND0027,1
TXN0000414,POL000414,CUST00414,2021-02-25,2023-03-16,1492,3731,Major,21,None,0,1,IL,VND0024,0
TXN0000415,POL000415,CUST00415,2022-01-30,2019-10-19,17806,2709,Minor,9,None,0,1,CA,VND0006,1
TXN0000416,POL000416,CUST00416,2023-11-26,2024-05-07,619,2491,Minor,1,None,0,1,MI,VND0040,0
TXN0000417,POL000417,CUST00417,2019-02-06,2019-08-27,16883,2619,Moderate,7,Fire,0,1,TX,VND0026,1
TXN0000418,POL000418,CUST00418,2021-12-12,2019-04-23,3251,1203,Major,20,Police,0,1,WA,VND0012,0
TXN0000419,POL000419,CUST00419,2022-11-22,2024-04-17,5263,3707,Moderate,19,Police,0,0,WA,VND0038,0
TXN0000420,POL000420,CUST00420,2023-12-19,2020-04-06,1576,968,Minor,17,Police,1,1,MI,VND0012,0
TXN0000421,POL000421,CUST00421,2019-05-04,2020-04-30,5383,3746,Major,9,Police,1,1,TX,VND0026,0
TXN0000422,POL000422,CUST00422,2022-12-29,2023-05-28,22771,4998,Minor,18,Police,1,1,IL,VND0029,1
TXN0000423,POL000423,CUST00423,2023-05-30,2022-05-18,15317,3937,Moderate,17,Ambulance,1,0,CA,VND0014,1
TXN0000424,POL000424,CUST00424,2020-12-05,2021-11-24,37453,2549,Minor,19,None,1,1,GA,VND0044,1
TXN0000425,POL000425,CUST00425,2023-02-06,2024-06-21,648,1915,Moderate,13,Ambulance,0,0,MI,VND0036,0
TXN0000426,POL000426,CUST00426,2021-09-17,2019-07-07,3255,4426,Moderate,12,Police,0,1,OH,VND0015,0
TXN0000427,POL000427,CUST00427,2022-08-13,2024-02-16,1972,1657,Major,23,Ambulance,1,0,CA,VND0008,0
TXN0000428,POL000428,CUST00428,2021-02-21,2020-07-06,971,2670,Major,22,Police,0,1,NY,VND0017,0
TXN0000429,POL000429,CUST00429,2019-12-22,2022-06-18,36290,3968,Minor,12,Fire,0,1,TX,VND0024,1
TXN0000430,POL000430,CUST00430,2023-07-21,2020-10-26,4059,4650,Major,4,None,1,0,IL,VND0028,0
TXN0000431,POL000431,CUST00431,2020-03-10,2020-08-25,784,4644,Major,9,Police,0,1,NY,VND0021,0
TXN0000432,POL000432,CUST00432,2020-01-12,2020-10-20,1461,894,Major,12,None,1,1,MI,VND0003,0
TXN0000433,POL000433,CUST00433,2023-11-14,2022-02-10,761,4542,Severe,16,Fire,0,0,FL,VND0034,0
TXN0000434,POL000434,CUST00434,2024-02-23,2023-11-12,4817,1013,Major,7,Ambulance,0,0,NY,VND0019,0
TXN0000435,POL000435,CUST00435,2022-05-07,2019-08-28,33657,3130,Minor,1,Fire,1,0,FL,VND0017,1
TXN0000436,POL000436,CUST00436,2022-03-10,2022-09-05,683,4683,Moderate,19,Police,1,1,MI,VND0028,0
TXN0000437,POL000437,CUST00437,2020-12-25,2023-10-08,42352,3446,Moderate,22,Fire,0,1,FL,VND0042,1
TXN0000438,POL000438,CUST00438,2022-05-12,2023-01-29,6836,4763,Moderate,1,Fire,0,0,WA,VND0001,0
TXN0000439,POL000439,CUST00439,2022-05-07,2024-06-05,1939,2049,Severe,7,Ambulance,0,0,GA,VND0049,0
TXN0000440,POL000440,CUST00440,2021-11-03,2019-02-11,4854,1916,Moderate,10,Police,0,1,NY,VND0032,0
TXN0000441,POL000441,CUST00441,2022-08-07,2021-01-11,3385,1967,Moderate,18,None,0,0,OH,VND0028,0
TXN0000442,POL000442,CUST00442,2022-01-17,2021-05-22,1435,2098,Severe,18,Ambulance,0,1,TX,VND0003,0
TXN0000443,POL000443,CUST00443,2023-10-31,2021-12-25,2290,3572,Major,8,None,0,0,WA,VND0036,0
TXN0000444,POL000444,CUST00444,2022-09-02,2020-10-14,295,2536,Minor,7,None,0,1,WA,VND0036,0
TXN0000445,POL000445,CUST00445,2021-02-12,2020-06-06,5279,3818,Severe,9,Ambulance,0,1,FL,VND0029,0
TXN0000446,POL000446,CUST00446,2022-08-07,2023-09-21,2474,2372,Moderate,5,Police,0,1,TX,VND0041,0
TXN0000447,POL000447,CUST00447,2020-04-06,2020-04-26,3594,1884,Moderate,10,Ambulance,0,0,IL,VND0042,0
TXN0000448,POL000448,CUST00448,2020-03-05,2024-04-13,1239,1355,Moderate,6,None,0,1,NC,VND0042,0
TXN0000449,POL000449,CUST00449,2023-07-18,2019-03-30,15899,2979,Severe,1,Police,1,1,GA,VND0017,1
TXN0000450,POL000450,CUST00450,2022-03-14,2021-05-14,1685,4542,Minor,17,Fire,1,1,CA,VND0034,0
TXN0000451,POL000451,CUST00451,2019-04-18,2022-05-22,41108,4365,Moderate,18,Police,1,0,CA,VND0003,1
TXN0000452,POL000452,CUST00452,2020-12-12,2024-05-21,6134,1639,Major,6,None,0,0,FL,VND0029,0
TXN0000453,POL000453,CUST00453,2024-05-29,2023-03-30,5049,2649,Major,9,None,1,1,NC,VND0008,0
TXN0000454,POL000454,CUST00454,2022-07-02,2019-02-12,4301,3673,Minor,9,Police,0,1,FL,VND0016,0
TXN0000455,POL000455,CUST00455,2023-10-10,2023-02-26,27566,3255,Minor,0,None,0,1,MI,VND0034,1
TXN0000456,POL000456,CUST00456,2022-01-04,2020-10-30,1399,802,Severe,13,Fire,1,1,FL,VND0022,0
TXN0000457,POL000457,CUST00457,2019-03-27,2023-10-07,6752,3159,Major,11,None,0,1,MI,VND0044,0
TXN0000458,POL000458,CUST00458,2019-12-27,2023-04-20,3985,674,Moderate,22,Police,1,1,WA,VND0005,0
TXN0000459,POL000459,CUST00459,2019-07-04,2020-02-04,2987,1024,Moderate,8,Police,1,1,NC,VND0049,0
TXN0000460,POL000460,CUST00460,2023-01-14,2021-01-07,1939,3441,Moderate,19,Ambulance,0,0,TX,VND0036,0
TXN0000461,POL000461,CUST00461,2023-02-27,2023-07-21,5265,961,Major,9,None,0,0,CA,VND0022,0
TXN0000462,POL000462,CUST00462,2021-07-06,2024-02-07,26452,2025,Moderate,4,Police,1,1,TX,VND0002,1
TXN0000463,POL000463,CUST00463,2022-12-24,2022-05-11,4892,3147,Major,8,Police,0,0,GA,VND0003,0
TXN0000464,POL000464,CUST00464,2022-01-11,2020-03-28,422,3449,Minor,21,Fire,0,1,GA,VND0021,0
TXN0000465,POL000465,CUST00465,2023-01-24,2021-03-07,3389,2505,Major,6,Police,0,0,WA,VND0029,0
TXN0000466,POL000466,CUST00466,2022-09-11,2023-05-31,5179,923,Minor,20,None,1,0,WA,VND0026,0
TXN0000467,POL000467,CUST00467,2021-07-03,2022-04-30,2902,4095,Major,15,Ambulance,0,1,NY,VND0015,0
TXN0000468,POL000468,CUST00468,2022-08-03,2020-02-24,5456,4774,Minor,17,Ambulance,1,1,NY,VND0033,0
TXN0000469,POL000469,CUST00469,2020-10-01,2020-08-10,29600,4499,Minor,18,Fire,0,1,NC,VND0031,1
TXN0000470,POL000470,CUST00470,2023-02-12,2020-02-14,656,3868,Minor,12,Ambulance,0,0,NC,VND0018,0
TXN0000471,POL000471,CUST00471,2024-01-08,2021-08-14,3994,2309,Minor,14,Ambulance,0,0,NY,VND0017,0
TXN0000472,POL000472,CUST00472,2020-02-19,2021-06-28,1368,4443,Moderate,1,Ambulance,1,1,CA,VND0023,0
TXN0000473,POL000473,CUST00473,2022-08-31,2022-01-06,26838,2696,Major,16,Fire,0,1,CA,VND0038,1
TXN0000474,POL000474,CUST00474,2019-08-10,2024-03-26,48072,1114,Major,17,Ambulance,0,0,MI,VND0030,1
TXN0000475,POL000475,CUST00475,2021-01-27,2022-08-15,5686,4327,Moderate,2,Ambulance,0,1,NY,VND0007,0
TXN0000476,POL000476,CUST00476,2022-09-05,2022-04-04,6103,1940,Moderate,12,Ambulance,1,0,NC,VND0047,0
TXN0000477,POL000477,CUST00477,2020-07-10,2021-01-19,3337,4724,Moderate,12,None,0,1,MI,VND0011,0
TXN0000478,POL000478,CUST00478,2020-04-18,2022-07-13,3851,2157,Major,7,Fire,0,0,MI,VND0034,0
TXN0000479,POL000479,CUST00479,2021-02-09,2024-04-16,4457,4412,Minor,1,None,0,1,IL,VND0001,0
TXN0000480,POL000480,CUST00480,2019-08-19,2019-02-03,4656,2917,Moderate,0,Police,0,0,GA,VND0013,0
TXN0000481,POL000481,CUST00481,2022-06-09,2020-12-17,4520,2603,Minor,5,Fire,1,1,TX,VND0029,0
TXN0000482,POL000482,CUST00482,2019-09-21,2019-05-08,5524,1835,Minor,5,Fire,0,1,WA,VND0043,0
TXN0000483,POL000483,CUST00483,2020-10-30,2020-02-28,6877,4260,Moderate,5,None,1,0,MI,VND0029,0
TXN0000484,POL000484,CUST00484,2020-09-19,2019-05-29,5831,772,Minor,14,Police,1,0,NY,VND0003,0
TXN0000485,POL000485,CUST00485,2024-04-26,2022-04-18,37956,2609,Minor,10,Police,0,1,NY,VND0048,1
TXN0000486,POL000486,CUST00486,2024-06-13,2023-07-18,3438,2159,Major,2,Fire,1,1,NC,VND0014,0
TXN0000487,POL000487,CUST00487,2019-06-09,2024-03-17,3336,2945,Minor,2,None,0,1,IL,VND0019,0
TXN0000488,POL000488,CUST00488,2019-11-12,2020-05-04,3659,1645,Moderate,15,Fire,0,1,NC,VND0006,0
TXN0000489,POL000489,CUST00489,2023-01-09,2022-11-19,3793,3490,Moderate,22,Ambulance,0,0,CA,VND0035,0
TXN0000490,POL000490,CUST00490,2020-08-22,2020-11-05,5082,2236,Major,19,Police,1,1,FL,VND0023,0
TXN0000491,POL000491,CUST00491,2022-07-16,2020-10-10,3062,1346,Major,18,None,0,0,NC,VND0011,0
TXN0000492,POL000492,CUST00492,2024-01-22,2022-05-23,1990,1386,Minor,7,None,1,1,WA,VND0032,0
TXN0000493,POL000493,CUST00493,2019-11-23,2022-10-09,3311,3634,Major,16,Police,0,1,CA,VND0010,0
TXN0000494,POL000494,CUST00494,2024-04-17,2022-04-01,6010,1678,Moderate,1,Ambulance,0,1,NC,VND0027,0
TXN0000495,POL000495,CUST00495,2019-04-16,2019-08-03,2317,1882,Minor,4,Police,1,0,CA,VND0034,0
TXN0000496,POL000496,CUST00496,2020-04-04,2021-04-18,341,3321,Major,3,Ambulance,0,0,MI,VND0041,0
TXN0000497,POL000497,CUST00497,2021-10-15,2020-08-10,6838,1984,Major,4,Ambulance,0,1,FL,VND0035,0
TXN0000498,POL000498,CUST00498,2023-11-03,2019-01-23,1531,2246,Moderate,8,None,1,0,NY,VND0029,0
TXN0000499,POL000499,CUST00499,2022-01-16,2019-04-06,4299,1600,Moderate,1,Police,0,1,NC,VND0002,0
TXN0000500,POL000500,CUST00500,2019-10-06,2021-07-05,5641,2054,Minor,19,Fire,1,1,MI,VND0012,0
TXN0000501,POL000501,CUST00501,2020-05-14,2019-08-04,2066,3617,Moderate,17,Ambulance,1,0,IL,VND0029,0
TXN0000502,POL000502,CUST00502,2023-03-09,2023-02-06,2513,2902,Severe,15,Fire,0,0,NY,VND0027,0
TXN0000503,POL000503,CUST00503,2022-02-01,2019-05-07,2107,4988,Moderate,4,Ambulance,0,1,WA,VND0027,0
TXN0000504,POL000504,CUST00504,2019-01-27,2020-05-01,1218,3973,Severe,20,Police,1,1,WA,VND0037,0
TXN0000505,POL000505,CUST00505,2021-10-03,2024-06-16,1240,575,Minor,0,Police,1,0,OH,VND0046,0
TXN0000506,POL000506,CUST00506,2021-03-27,2022-12-07,1469,2204,Major,23,Ambulance,0,0,CA,VND0026,0
TXN0000507,POL000507,CUST00507,2019-01-02,2022-02-07,3314,1804,Severe,17,Ambulance,0,0,WA,VND0007,0
TXN0000508,POL000508,CUST00508,2020-05-11,2019-02-14,3809,3143,Major,4,Police,0,1,GA,VND0023,0
TXN0000509,POL000509,CUST00509,2024-02-21,2019-04-12,308,1695,Minor,4,None,0,1,OH,VND0013,0
TXN0000510,POL000510,CUST00510,2022-11-13,2024-01-12,9567,4847,Moderate,16,None,0,1,TX,VND0027,1
TXN0000511,POL000511,CUST00511,2019-05-23,2023-06-08,19589,1847,Minor,19,Police,0,1,WA,VND0030,1
TXN0000512,POL000512,CUST00512,2019-02-02,2024-04-05,680,2848,Moderate,11,Fire,0,1,NC,VND0028,0
TXN0000513,POL000513,CUST00513,2020-11-25,2023-06-25,11689,1053,Severe,1,Ambulance,0,1,FL,VND0030,1
TXN0000514,POL000514,CUST00514,2021-07-22,2019-01-19,407,4594,Moderate,11,Fire,1,0,NY,VND0016,0
TXN0000515,POL000515,CUST00515,2021-06-29,2023-06-20,4011,4603,Minor,11,Fire,0,1,NY,VND0009,0
TXN0000516,POL000516,CUST00516,2022-10-30,2021-07-22,3363,4071,Minor,7,Ambulance,0,1,MI,VND0043,0
TXN0000517,POL000517,CUST00517,2019-12-14,2022-11-05,3614,2082,Moderate,21,None,0,1,IL,VND0021,0
TXN0000518,POL000518,CUST00518,2019-04-04,2021-04-24,6702,764,Moderate,8,Fire,0,1,MI,VND0011,0
TXN0000519,POL000519,CUST00519,2022-09-12,2023-01-01,16186,3699,Minor,5,Police,1,0,GA,VND0050,1
TXN0000520,POL000520,CUST00520,2023-12-07,2023-09-01,2097,2430,Major,16,Ambulance,0,1,NY,VND0002,0
TXN0000521,POL000521,CUST00521,2019-12-03,2024-05-24,4141,4956,Minor,14,Ambulance,0,1,IL,VND0018,0
TXN0000522,POL000522,CUST00522,2020-12-25,2022-01-04,6722,3642,Moderate,14,Ambulance,1,1,MI,VND0038,0
TXN0000523,POL000523,CUST00523,2022-06-11,2020-07-28,5156,2923,Moderate,12,Ambulance,0,1,IL,VND0021,0
TXN0000524,POL000524,CUST00524,2019-11-28,2022-05-26,6236,4940,Minor,7,None,0,1,GA,VND0043,0
TXN0000525,POL000525,CUST00525,2023-09-22,2021-10-14,20513,4102,Moderate,6,Ambulance,1,1,TX,VND0018,1
TXN0000526,POL000526,CUST00526,2020-03-28,2020-02-25,2125,2562,Major,2,Ambulance,1,1,IL,VND0033,0
TXN0000527,POL000527,CUST00527,2021-12-04,2023-01-08,3672,584,Moderate,4,Fire,0,0,OH,VND0022,0
TXN0000528,POL000528,CUST00528,2020-11-11,2019-06-18,5755,917,Major,13,Fire,1,1,NY,VND0024,0
TXN0000529,POL000529,CUST00529,2022-09-01,2021-04-03,6515,2496,Moderate,9,Fire,0,1,MI,VND0025,0
TXN0000530,POL000530,CUST00530,2020-02-03,2022-11-05,4863,3029,Minor,17,Fire,0,1,FL,VND0049,0
TXN0000531,POL000531,CUST00531,2019-07-17,2024-02-07,5004,635,Severe,19,Ambulance,0,1,MI,VND0038,0
TXN0000532,POL000532,CUST00532,2021-10-21,2022-06-14,3680,1069,Severe,13,Ambulance,1,0,CA,VND0019,0
TXN0000533,POL000533,CUST00533,2023-10-03,2024-06-03,2373,3669,Minor,2,None,0,1,IL,VND0021,0
TXN0000534,POL000534,CUST00534,2022-06-24,2023-08-13,3075,3881,Severe,0,Fire,1,0,OH,VND0021,0
TXN0000535,POL000535,CUST00535,2023-02-25,2020-05-03,49096,634,Major,5,Ambulance,1,1,FL,VND0037,1
TXN0000536,POL000536,CUST00536,2021-05-19,2023-09-07,5745,2784,Minor,6,Fire,1,0,OH,VND0030,0
TXN0000537,POL000537,CUST00537,2019-10-09,2020-11-20,3976,864,Moderate,1,Fire,1,0,WA,VND0027,0
TXN0000538,POL000538,CUST00538,2021-05-07,2022-07-05,5592,3755,Minor,18,Police,0,0,IL,VND0022,0
TXN0000539,POL000539,CUST00539,2024-06-04,2020-02-22,386,4253,Moderate,8,Fire,0,0,OH,VND0020,0
TXN0000540,POL000540,CUST00540,2023-04-18,2021-12-31,5347,4412,Severe,17,Ambulance,0,0,WA,VND0028,0
TXN0000541,POL000541,CUST00541,2022-11-12,2022-10-10,3648,3191,Moderate,5,Police,0,1,WA,VND0042,0
TXN0000542,POL000542,CUST00542,2020-08-27,2024-01-24,6988,3330,Moderate,0,Police,1,0,CA,VND0049,0
TXN0000543,POL000543,CUST00543,2022-04-18,2024-03-23,3407,4669,Minor,3,Fire,1,0,NC,VND0004,0
TXN0000544,POL000544,CUST00544,2022-06-03,2023-06-11,3453,3255,Moderate,11,None,0,0,MI,VND0012,0
TXN0000545,POL000545,CUST00545,2022-08-05,2022-02-09,15278,2508,Major,11,Police,0,0,WA,VND0035,1
TXN0000546,POL000546,CUST00546,2023-11-28,2023-11-21,5687,3895,Minor,10,Police,1,0,MI,VND0008,0
TXN0000547,POL000547,CUST00547,2022-09-29,2019-08-15,4970,3158,Moderate,23,Fire,0,1,CA,VND0031,0
TXN0000548,POL000548,CUST00548,2020-03-20,2024-07-06,37816,4291,Moderate,15,Fire,0,1,NC,VND0022,1
TXN0000549,POL000549,CUST00549,2020-03-20,2020-02-28,830,2861,Major,17,None,0,0,MI,VND0010,0
TXN0000550,POL000550,CUST00550,2022-05-29,2021-04-04,1638,4410,Major,2,Police,0,1,OH,VND0026,0
TXN0000551,POL000551,CUST00551,2023-10-05,2024-01-11,6163,701,Major,11,Fire,1,0,CA,VND0026,0
TXN0000552,POL000552,CUST00552,2024-03-17,2022-12-24,486,663,Moderate,14,Fire,0,1,TX,VND0036,0
TXN0000553,POL000553,CUST00553,2022-05-08,2023-09-17,3655,945,Moderate,14,Police,0,1,FL,VND0042,0
TXN0000554,POL000554,CUST00554,2021-11-29,2022-10-27,2952,3002,Major,22,Fire,0,0,MI,VND0048,0
TXN0000555,POL000555,CUST00555,2023-06-26,2022-05-05,25488,3690,Major,11,Fire,0,0,TX,VND0022,1
TXN0000556,POL000556,CUST00556,2024-05-14,2019-12-30,6025,1473,Moderate,8,Ambulance,0,1,NC,VND0035,0
TXN0000557,POL000557,CUST00557,2019-02-25,2024-07-07,6297,1200,Major,22,None,0,0,TX,VND0040,0
TXN0000558,POL000558,CUST00558,2020-09-14,2022-07-16,2165,4371,Minor,8,Police,1,0,MI,VND0050,0
TXN0000559,POL000559,CUST00559,2020-11-01,2022-09-17,4195,3877,Minor,13,Fire,1,1,CA,VND0033,0
TXN0000560,POL000560,CUST00560,2022-02-06,2021-05-23,4960,3417,Severe,0,Fire,0,1,FL,VND0013,0
TXN0000561,POL000561,CUST00561,2020-08-14,2024-04-09,34682,2697,Minor,3,None,0,0,TX,VND0018,1
TXN0000562,POL000562,CUST00562,2020-09-16,2021-07-07,249,2391,Severe,1,Police,1,1,OH,VND0011,0
TXN0000563,POL000563,CUST00563,2019-02-18,2020-02-01,6843,592,Moderate,10,Fire,0,0,NC,VND0010,0
TXN0000564,POL000564,CUST00564,2019-01-08,2020-01-11,2616,1346,Severe,22,Fire,0,0,IL,VND0016,0
TXN0000565,POL000565,CUST00565,2021-06-22,2022-11-17,1072,4536,Moderate,1,Fire,0,1,OH,VND0025,0
TXN0000566,POL000566,CUST00566,2024-06-24,2023-02-18,4385,2025,Major,23,None,0,1,GA,VND0040,0
TXN0000567,POL000567,CUST00567,2020-08-16,2020-03-03,5514,3670,Major,20,Ambulance,1,1,IL,VND0015,0
TXN0000568,POL000568,CUST00568,2020-04-26,2022-11-16,11957,3666,Moderate,0,Fire,0,1,NC,VND0010,1
TXN0000569,POL000569,CUST00569,2020-06-14,2024-07-10,477,1892,Moderate,0,None,1,1,FL,VND0007,0
TXN0000570,POL000570,CUST00570,2024-05-07,2021-12-18,6296,1419,Minor,21,None,1,1,TX,VND0010,0
TXN0000571,POL000571,CUST00571,2022-08-25,2024-05-16,6549,3612,Minor,14,Police,1,1,TX,VND0022,0
TXN0000572,POL000572,CUST00572,2022-08-03,2019-11-25,1262,921,Severe,4,Fire,1,0,TX,VND0021,0
TXN0000573,POL000573,CUST00573,2020-01-16,2021-04-03,6347,2726,Minor,22,Fire,1,1,CA,VND0020,0
TXN0000574,POL000574,CUST00574,2023-12-20,2022-02-06,6386,4496,Major,13,Fire,0,0,CA,VND0016,0
TXN0000575,POL000575,CUST00575,2020-01-30,2021-01-02,6982,3700,Moderate,15,Fire,1,1,CA,VND0023,0
TXN0000576,POL000576,CUST00576,2024-04-25,2019-08-04,1671,3938,Moderate,16,None,0,0,TX,VND0033,0
TXN0000577,POL000577,CUST00577,2024-03-26,2021-07-23,4135,874,Severe,4,None,1,1,GA,VND0003,0
TXN0000578,POL000578,CUST00578,2022-02-13,2020-11-26,6961,1399,Minor,8,Police,0,1,FL,VND0045,0
TXN0000579,POL000579,CUST00579,2023-10-09,2020-02-28,6337,1737,Moderate,3,None,0,1,OH,VND0016,0
TXN0000580,POL000580,CUST00580,2024-06-29,2021-01-31,4312,1815,Moderate,12,None,0,0,CA,VND0007,0
TXN0000581,POL000581,CUST00581,2022-03-10,2021-05-03,1540,1373,Minor,23,Fire,0,0,MI,VND0009,0
TXN0000582,POL000582,CUST00582,2023-03-21,2023-11-23,773,4874,Minor,15,Fire,0,1,NY,VND0028,0
TXN0000583,POL000583,CUST00583,2022-03-31,2021-09-27,34047,1242,Major,16,Police,0,1,IL,VND0027,1
TXN0000584,POL000584,CUST00584,2021-11-17,2021-04-28,643,3686,Minor,4,Fire,0,1,GA,VND0005,0
TXN0000585,POL000585,CUST00585,2020-11-02,2021-03-06,1527,3140,Major,13,Police,0,0,WA,VND0025,0
TXN0000586,POL000586,CUST00586,2022-08-07,2022-04-30,709,3247,Moderate,23,None,0,0,NC,VND0012,0
TXN0000587,POL000587,CUST00587,2020-06-20,2020-07-21,5383,1465,Minor,2,Police,0,1,IL,VND0046,0
TXN0000588,POL000588,CUST00588,2020-01-25,2023-11-06,4211,1884,Minor,4,Fire,0,0,NY,VND0016,0
TXN0000589,POL000589,CUST00589,2020-07-06,2021-05-04,3721,3229,Minor,17,Fire,0,1,NY,VND0050,0
TXN0000590,POL000590,CUST00590,2019-01-23,2021-05-18,28453,1846,Major,0,None,0,1,CA,VND0029,1
TXN0000591,POL000591,CUST00591,2024-02-18,2019-05-23,2993,3623,Moderate,4,None,0,0,NY,VND0049,0
TXN0000592,POL000592,CUST00592,2020-05-30,2023-11-24,2940,677,Minor,22,None,1,0,NC,VND0028,0
TXN0000593,POL000593,CUST00593,2023-05-25,2021-08-18,1607,827,Moderate,0,Fire,0,0,FL,VND0007,0
TXN0000594,POL000594,CUST00594,2021-05-22,2019-10-16,3224,3778,Moderate,10,Fire,0,1,NY,VND0033,0
TXN0000595,POL000595,CUST00595,2020-11-12,2019-12-25,48181,3275,Moderate,7,Ambulance,0,1,CA,VND0024,1
TXN0000596,POL000596,CUST00596,2020-04-02,2021-01-16,4207,694,Minor,9,Fire,1,0,FL,VND0041,0
TXN0000597,POL000597,CUST00597,2023-07-06,2023-05-01,6982,4545,Minor,6,Police,0,1,CA,VND0020,0
TXN0000598,POL000598,CUST00598,2021-10-28,2019-07-24,3824,521,Moderate,6,None,0,0,IL,VND0010,0
TXN0000599,POL000599,CUST00599,2021-06-21,2019-09-14,2233,4799,Major,18,Police,0,1,FL,VND0006,0
TXN0000600,POL000600,CUST00600,2022-08-13,2022-02-14,4878,3782,Major,0,Police,0,1,WA,VND0038,0
TXN0000601,POL000601,CUST00601,2023-05-30,2021-10-13,5776,4946,Minor,3,None,0,0,OH,VND0012,0
TXN0000602,POL000602,CUST00602,2022-08-09,2024-04-20,3408,4769,Minor,6,Ambulance,1,0,NY,VND0034,0
TXN0000603,POL000603,CUST00603,2021-07-27,2023-03-05,1902,1909,Major,19,Ambulance,1,1,OH,VND0007,0
TXN0000604,POL000604,CUST00604,2023-11-29,2022-08-26,5054,3904,Minor,9,Police,0,0,WA,VND0004,0
TXN0000605,POL000605,CUST00605,2023-12-03,2020-11-19,1473,1449,Moderate,0,Fire,0,0,TX,VND0036,0
TXN0000606,POL000606,CUST00606,2024-04-23,2022-06-25,6981,2622,Moderate,12,Police,0,1,FL,VND0018,0
TXN0000607,POL000607,CUST00607,2019-07-02,2022-04-02,2361,1580,Minor,15,Ambulance,1,1,OH,VND0029,0
TXN0000608,POL000608,CUST00608,2023-11-23,2020-07-26,49975,2687,Moderate,10,Ambulance,1,1,TX,VND0002,1
TXN0000609,POL000609,CUST00609,2020-01-23,2021-01-28,5143,4425,Minor,2,Fire,0,1,OH,VND0010,0
TXN0000610,POL000610,CUST00610,2022-05-29,2024-02-27,283,2462,Moderate,21,Ambulance,0,1,TX,VND0005,0
TXN0000611,POL000611,CUST00611,2022-08-13,2021-12-30,1579,915,Minor,20,None,0,0,MI,VND0014,0
TXN0000612,POL000612,CUST00612,2020-02-17,2021-08-18,1054,1960,Moderate,21,Ambulance,1,0,NC,VND0015,0
TXN0000613,POL000613,CUST00613,2019-01-17,2023-06-02,2859,4039,Moderate,23,Police,0,1,CA,VND0019,0
TXN0000614,POL000614,CUST00614,2024-03-08,2020-07-04,3963,2847,Minor,7,Ambulance,0,0,OH,VND0013,0
TXN0000615,POL000615,CUST00615,2023-11-24,2020-03-30,1421,3020,Moderate,10,Police,0,1,FL,VND0023,0
TXN0000616,POL000616,CUST00616,2019-12-17,2024-06-20,2540,2440,Major,23,Fire,0,0,OH,VND0046,0
TXN0000617,POL000617,CUST00617,2022-04-21,2023-06-15,5450,1817,Severe,10,None,1,0,OH,VND0005,0
TXN0000618,POL000618,CUST00618,2019-10-31,2021-05-13,6591,3191,Minor,20,Fire,0,1,WA,VND0045,0
TXN0000619,POL000619,CUST00619,2022-02-11,2024-03-29,21468,3348,Minor,15,None,0,1,TX,VND0021,1
TXN0000620,POL000620,CUST00620,2020-09-29,2021-01-29,11005,4541,Moderate,22,Police,1,0,OH,VND0029,1
TXN0000621,POL000621,CUST00621,2023-02-17,2022-10-01,374,3280,Major,0,None,0,1,WA,VND0034,0
TXN0000622,POL000622,CUST00622,2022-02-25,2019-03-26,3738,4977,Moderate,16,Fire,1,0,TX,VND0037,0
TXN0000623,POL000623,CUST00623,2021-09-26,2022-11-15,6180,4219,Moderate,19,Police,1,0,FL,VND0048,0
TXN0000624,POL000624,CUST00624,2022-09-29,2020-01-08,5626,854,Major,4,Fire,0,1,NC,VND0050,0
TXN0000625,POL000625,CUST00625,2021-08-12,2020-05-13,1782,2264,Minor,17,Police,0,1,TX,VND0005,0
TXN0000626,POL000626,CUST00626,2019-01-27,2023-06-27,1958,2231,Moderate,4,Ambulance,0,0,FL,VND0021,0
TXN0000627,POL000627,CUST00627,2022-04-11,2020-03-02,5527,513,Moderate,21,Police,1,0,WA,VND0027,0
TXN0000628,POL000628,CUST00628,2023-04-11,2021-09-10,33898,1313,Moderate,21,Police,1,1,OH,VND0027,1
TXN0000629,POL000629,CUST00629,2021-09-11,2024-02-06,2110,3929,Major,0,Ambulance,0,1,CA,VND0050,0
TXN0000630,POL000630,CUST00630,2019-12-18,2024-04-15,220,2084,Moderate,12,Police,1,0,MI,VND0033,0
TXN0000631,POL000631,CUST00631,2019-01-16,2021-06-24,3222,1165,Moderate,9,Fire,1,0,OH,VND0021,0
TXN0000632,POL000632,CUST00632,2020-08-18,2019-07-02,4413,1793,Moderate,21,Ambulance,1,0,IL,VND0047,0
TXN0000633,POL000633,CUST00633,2023-03-22,2020-08-13,16082,1736,Minor,7,Fire,0,1,WA,VND0037,1
TXN0000634,POL000634,CUST00634,2020-10-08,2022-06-04,6556,1285,Major,17,Police,0,1,NY,VND0040,0
TXN0000635,POL000635,CUST00635,2024-04-02,2020-11-21,44458,955,Major,2,Police,1,0,NY,VND0032,1
TXN0000636,POL000636,CUST00636,2020-10-29,2022-12-30,12275,3938,Severe,5,None,1,0,OH,VND0004,1
TXN0000637,POL000637,CUST00637,2021-05-08,2024-06-29,337,4210,Major,23,None,1,0,FL,VND0049,0
TXN0000638,POL000638,CUST00638,2023-03-07,2022-06-15,6004,2733,Minor,9,Fire,1,1,TX,VND0036,0
TXN0000639,POL000639,CUST00639,2022-05-17,2022-06-22,5335,3269,Moderate,18,None,0,1,TX,VND0008,0
TXN0000640,POL000640,CUST00640,2019-03-24,2021-12-13,2899,4636,Moderate,23,Police,0,1,NY,VND0013,0
TXN0000641,POL000641,CUST00641,2019-06-03,2020-01-24,4208,4291,Minor,23,Police,0,1,CA,VND0018,0
TXN0000642,POL000642,CUST00642,2020-01-30,2022-03-21,5804,646,Moderate,0,None,0,0,OH,VND0013,0
TXN0000643,POL000643,CUST00643,2023-10-16,2024-02-29,48849,4788,Moderate,5,Ambulance,0,1,WA,VND0032,1
TXN0000644,POL000644,CUST00644,2019-02-14,2022-10-30,3945,801,Minor,17,Ambulance,0,0,FL,VND0028,0
TXN0000645,POL000645,CUST00645,2019-05-24,2023-03-05,481,619,Major,22,Fire,0,0,CA,VND0011,0
TXN0000646,POL000646,CUST00646,2023-04-12,2023-10-14,4406,2314,Minor,23,None,0,1,CA,VND0035,0
TXN0000647,POL000647,CUST00647,2022-06-04,2021-03-03,13954,3856,Moderate,17,Ambulance,1,1,TX,VND0015,1
TXN0000648,POL000648,CUST00648,2024-05-28,2020-11-20,600,861,Major,2,Fire,0,0,OH,VND0008,0
TXN0000649,POL000649,CUST00649,2020-03-16,2024-05-15,5757,1818,Moderate,17,Fire,0,1,IL,VND0048,0
TXN0000650,POL000650,CUST00650,2022-08-16,2021-07-25,33380,1682,Minor,6,Fire,0,1,IL,VND0016,1
TXN0000651,POL000651,CUST00651,2019-09-27,2023-01-27,6255,2288,Moderate,19,Ambulance,0,1,NC,VND0012,0
TXN0000652,POL000652,CUST00652,2022-03-30,2022-07-14,3946,4937,Major,13,Ambulance,0,1,NY,VND0036,0
TXN0000653,POL000653,CUST00653,2019-08-02,2019-09-20,2390,1991,Major,4,None,0,0,GA,VND0039,0
TXN0000654,POL000654,CUST00654,2023-12-28,2020-10-06,599,1440,Moderate,20,Fire,1,1,WA,VND0008,0
TXN0000655,POL000655,CUST00655,2021-04-14,2020-10-31,321,1050,Minor,23,Fire,0,0,TX,VND0003,0
TXN0000656,POL000656,CUST00656,2020-05-26,2020-01-08,5241,1391,Moderate,12,Ambulance,0,0,TX,VND0043,0
TXN0000657,POL000657,CUST00657,2024-05-29,2023-04-28,2764,1099,Minor,19,Ambulance,1,0,FL,VND0026,0
TXN0000658,POL000658,CUST00658,2019-05-14,2024-05-08,5912,3081,Major,1,Fire,0,1,TX,VND0023,0
TXN0000659,POL000659,CUST00659,2023-05-25,2024-05-08,1767,2392,Major,6,Police,0,1,MI,VND0022,0
TXN0000660,POL000660,CUST00660,2021-10-20,2020-02-10,6458,2740,Major,3,Fire,0,1,MI,VND0030,0
TXN0000661,POL000661,CUST00661,2022-10-12,2021-07-05,6602,4244,Severe,6,Police,0,1,OH,VND0034,0
TXN0000662,POL000662,CUST00662,2020-06-06,2020-04-26,892,3111,Moderate,9,Police,1,1,TX,VND0005,0
TXN0000663,POL000663,CUST00663,2023-11-04,2019-05-20,4599,1198,Severe,10,None,0,1,MI,VND0014,0
TXN0000664,POL000664,CUST00664,2021-06-24,2022-06-10,19548,2195,Moderate,7,None,0,1,WA,VND0048,1
TXN0000665,POL000665,CUST00665,2021-04-20,2023-10-07,2397,1906,Minor,13,Police,0,0,IL,VND0009,0
TXN0000666,POL000666,CUST00666,2021-07-04,2019-06-19,659,4220,Major,5,Fire,0,0,GA,VND0046,0
TXN0000667,POL000667,CUST00667,2020-08-17,2022-07-26,6153,1881,Major,8,Fire,1,1,GA,VND0021,0
TXN0000668,POL000668,CUST00668,2020-10-01,2019-03-24,3423,1123,Severe,20,None,0,1,OH,VND0010,0
TXN0000669,POL000669,CUST00669,2019-10-09,2023-09-03,384,3812,Minor,13,Fire,1,0,NY,VND0030,0
TXN0000670,POL000670,CUST00670,2021-09-03,2019-05-23,5913,2427,Moderate,0,Fire,0,1,FL,VND0034,0
TXN0000671,POL000671,CUST00671,2021-08-10,2021-06-07,15868,931,Major,7,Ambulance,0,0,FL,VND0018,1
TXN0000672,POL000672,CUST00672,2021-02-01,2019-09-19,678,3603,Minor,19,Fire,0,0,NY,VND0040,0
TXN0000673,POL000673,CUST00673,2024-06-01,2021-04-21,1958,1447,Moderate,4,Police,1,0,NC,VND0004,0
TXN0000674,POL000674,CUST00674,2019-08-15,2021-05-25,323,4407,Moderate,22,Fire,0,0,MI,VND0007,0
TXN0000675,POL000675,CUST00675,2024-01-01,2022-01-03,6693,4246,Minor,7,Police,1,0,TX,VND0032,0
TXN0000676,POL000676,CUST00676,2023-10-06,2023-08-07,369,2163,Minor,15,Ambulance,0,1,CA,VND0029,0
TXN0000677,POL000677,CUST00677,2019-02-14,2024-07-07,5611,3000,Major,11,None,0,1,IL,VND0035,0
TXN0000678,POL000678,CUST00678,2022-11-08,2020-12-01,3676,3054,Minor,15,None,0,0,NC,VND0043,0
TXN0000679,POL000679,CUST00679,2020-02-24,2024-02-11,45912,3440,Major,19,Fire,0,0,OH,VND0047,1
TXN0000680,POL000680,CUST00680,2019-03-24,2021-05-22,5718,811,Major,3,Fire,0,1,MI,VND0026,0
TXN0000681,POL000681,CUST00681,2023-09-25,2019-09-09,15882,1961,Moderate,8,Police,0,0,NC,VND0026,1
TXN0000682,POL000682,CUST00682,2019-08-21,2022-05-04,1066,1266,Moderate,13,Fire,1,1,NC,VND0047,0
TXN0000683,POL000683,CUST00683,2020-08-22,2023-01-05,39154,3638,Minor,6,Police,0,1,OH,VND0049,1
TXN0000684,POL000684,CUST00684,2019-07-13,2020-09-12,1047,811,Major,9,Ambulance,0,1,CA,VND0003,0
TXN0000685,POL000685,CUST00685,2019-10-12,2022-04-13,4841,2826,Minor,21,None,0,0,TX,VND0026,0
TXN0000686,POL000686,CUST00686,2019-05-04,2021-06-01,4066,3775,Minor,5,Police,0,1,NC,VND0046,0
TXN0000687,POL000687,CUST00687,2023-08-18,2019-11-02,770,4767,Severe,4,Ambulance,0,1,NY,VND0003,0
TXN0000688,POL000688,CUST00688,2019-04-29,2021-02-28,1793,1796,Moderate,13,Ambulance,0,1,NC,VND0049,0
TXN0000689,POL000689,CUST00689,2023-03-04,2021-05-22,3853,535,Minor,2,Fire,0,1,NY,VND0038,0
TXN0000690,POL000690,CUST00690,2019-11-12,2020-12-01,5165,3756,Severe,0,Ambulance,0,1,CA,VND0008,0
TXN0000691,POL000691,CUST00691,2024-01-11,2024-01-26,2535,506,Minor,20,Ambulance,0,0,GA,VND0033,0
TXN0000692,POL000692,CUST00692,2023-08-29,2021-03-04,6657,798,Minor,6,Fire,1,1,MI,VND0022,0
TXN0000693,POL000693,CUST00693,2022-06-17,2022-06-25,6947,4957,Moderate,2,None,1,1,IL,VND0017,0
TXN0000694,POL000694,CUST00694,2023-07-21,2019-02-06,5409,4381,Major,15,Ambulance,0,1,TX,VND0032,0
TXN0000695,POL000695,CUST00695,2020-08-21,2020-10-05,3288,3683,Major,11,Fire,1,1,IL,VND0037,0
TXN0000696,POL000696,CUST00696,2023-04-21,2023-11-29,6164,4259,Major,10,Ambulance,0,1,WA,VND0045,0
TXN0000697,POL000697,CUST00697,2020-03-20,2023-12-12,5149,839,Severe,10,Ambulance,0,0,NY,VND0021,0
TXN0000698,POL000698,CUST00698,2022-05-18,2024-05-30,3733,900,Minor,3,Police,0,0,CA,VND0008,0
TXN0000699,POL000699,CUST00699,2024-01-20,2019-05-09,3217,1853,Moderate,20,Police,0,1,NC,VND0044,0
TXN0000700,POL000700,CUST00700,2022-12-23,2023-10-12,5859,606,Minor,0,Fire,0,0,FL,VND0017,0
TXN0000701,POL000701,CUST00701,2020-06-25,2020-07-05,3988,4497,Severe,11,Police,0,0,CA,VND0038,0
TXN0000702,POL000702,CUST00702,2023-01-22,2019-01-26,1443,753,Severe,6,Fire,0,1,GA,VND0040,0
TXN0000703,POL000703,CUST00703,2023-11-08,2019-07-19,6998,2948,Moderate,15,Fire,0,1,NY,VND0003,0
TXN0000704,POL000704,CUST00704,2023-11-20,2023-03-02,664,4341,Major,13,None,0,1,TX,VND0021,0
TXN0000705,POL000705,CUST00705,2023-01-23,2022-04-17,4926,3807,Moderate,9,Police,0,0,CA,VND0005,0
TXN0000706,POL000706,CUST00706,2023-01-09,2022-03-10,4660,1556,Minor,12,Ambulance,0,0,TX,VND0031,0
TXN0000707,POL000707,CUST00707,2023-04-25,2023-11-21,4185,2616,Moderate,5,Ambulance,1,1,TX,VND0040,0
TXN0000708,POL000708,CUST00708,2023-01-18,2019-07-23,553,2967,Severe,3,Fire,1,1,CA,VND0029,0
TXN0000709,POL000709,CUST00709,2019-09-26,2019-06-30,3549,3955,Moderate,21,None,0,0,NY,VND0017,0
TXN0000710,POL000710,CUST00710,2023-06-02,2024-03-02,6268,2418,Minor,14,Fire,1,1,MI,VND0049,0
TXN0000711,POL000711,CUST00711,2019-12-28,2022-05-16,1828,1782,Severe,15,Fire,0,1,NY,VND0005,0
TXN0000712,POL000712,CUST00712,2022-01-21,2023-04-22,4902,4079,Moderate,23,Police,0,1,CA,VND0008,0
TXN0000713,POL000713,CUST00713,2020-11-12,2021-12-03,6039,4489,Moderate,21,Fire,0,1,MI,VND0019,0
TXN0000714,POL000714,CUST00714,2020-03-03,2019-11-02,6674,2700,Major,14,Police,0,0,GA,VND0048,0
TXN0000715,POL000715,CUST00715,2020-07-19,2021-11-29,3709,626,Moderate,19,None,0,1,WA,VND0045,0
TXN0000716,POL000716,CUST00716,2019-06-19,2024-05-03,2334,2752,Moderate,12,Police,0,1,OH,VND0029,0
TXN0000717,POL000717,CUST00717,2021-06-01,2019-09-08,4957,4501,Minor,5,None,1,0,IL,VND0048,0
TXN0000718,POL000718,CUST00718,2021-04-21,2019-09-25,36473,4950,Major,14,Police,1,0,OH,VND0046,1
TXN0000719,POL000719,CUST00719,2021-03-20,2020-12-11,4464,2304,Moderate,21,Fire,1,1,CA,VND0030,0
TXN0000720,POL000720,CUST00720,2019-07-04,2021-07-15,5243,1175,Major,21,Police,0,1,NY,VND0006,0
TXN0000721,POL000721,CUST00721,2022-05-02,2022-06-30,5029,3074,Major,12,Fire,0,1,IL,VND0045,0
TXN0000722,POL000722,CUST00722,2019-12-06,2019-11-30,1850,4238,Minor,22,Ambulance,1,0,FL,VND0033,0
TXN0000723,POL000723,CUST00723,2023-09-14,2024-03-04,15490,4752,Major,4,Fire,0,0,MI,VND0008,1
TXN0000724,POL000724,CUST00724,2019-02-17,2019-11-12,3884,732,Major,0,Ambulance,0,1,WA,VND0043,0
TXN0000725,POL000725,CUST00725,2019-04-21,2020-02-20,19551,1807,Severe,9,None,0,0,IL,VND0020,1
TXN0000726,POL000726,CUST00726,2020-08-25,2024-05-11,32576,2649,Minor,4,Police,0,0,NC,VND0040,1
TXN0000727,POL000727,CUST00727,2021-03-29,2021-02-09,6264,942,Moderate,22,Fire,0,1,FL,VND0014,0
TXN0000728,POL000728,CUST00728,2024-04-30,2022-03-08,33050,4488,Major,2,Ambulance,0,1,WA,VND0001,1
TXN0000729,POL000729,CUST00729,2021-11-20,2021-06-06,6962,1004,Severe,12,Ambulance,0,1,NC,VND0023,0
TXN0000730,POL000730,CUST00730,2021-01-30,2020-06-18,5263,3493,Severe,18,Police,1,0,NC,VND0023,0
TXN0000731,POL000731,CUST00731,2023-08-09,2021-10-28,4261,4633,Moderate,2,Police,0,1,OH,VND0044,0
TXN0000732,POL000732,CUST00732,2020-04-28,2023-04-23,21873,3583,Moderate,1,Fire,0,1,MI,VND0006,1
TXN0000733,POL000733,CUST00733,2023-12-06,2019-02-06,32628,3934,Minor,13,Ambulance,0,1,OH,VND0046,1
TXN0000734,POL000734,CUST00734,2021-03-20,2023-11-07,3432,1684,Major,21,None,1,0,WA,VND0008,0
TXN0000735,POL000735,CUST00735,2020-09-19,2020-01-20,21825,4223,Major,0,Fire,0,1,GA,VND0047,1
TXN0000736,POL000736,CUST00736,2020-08-27,2024-01-31,4203,2383,Major,0,Ambulance,0,1,IL,VND0036,0
TXN0000737,POL000737,CUST00737,2019-01-20,2024-04-30,3186,775,Moderate,22,Fire,0,0,FL,VND0018,0
TXN0000738,POL000738,CUST00738,2022-09-14,2024-03-02,1197,2149,Severe,14,Police,1,0,WA,VND0048,0
TXN0000739,POL000739,CUST00739,2022-03-04,2022-08-13,5067,2074,Minor,16,Fire,0,0,CA,VND0018,0
TXN0000740,POL000740,CUST00740,2022-06-27,2024-01-07,3137,2846,Moderate,6,Fire,0,1,CA,VND0032,0
TXN0000741,POL000741,CUST00741,2022-08-01,2023-10-06,8100,1691,Moderate,7,Police,0,0,CA,VND0001,1
TXN0000742,POL000742,CUST00742,2019-02-24,2022-07-20,45493,2580,Moderate,11,Ambulance,1,1,TX,VND0006,1
TXN0000743,POL000743,CUST00743,2023-10-28,2023-12-11,6180,2425,Major,5,Fire,0,0,FL,VND0018,0
TXN0000744,POL000744,CUST00744,2021-10-23,2020-12-02,9524,1971,Moderate,10,Police,0,1,IL,VND0013,1
TXN0000745,POL000745,CUST00745,2022-10-19,2023-08-18,2961,3633,Minor,22,Fire,0,1,FL,VND0012,0
TXN0000746,POL000746,CUST00746,2019-03-14,2024-02-16,3681,1874,Minor,17,None,0,1,IL,VND0019,0
TXN0000747,POL000747,CUST00747,2023-03-08,2022-07-13,769,3946,Moderate,20,Ambulance,0,1,IL,VND0031,0
TXN0000748,POL000748,CUST00748,2022-09-21,2019-09-17,1326,1628,Major,11,Fire,0,1,IL,VND0007,0
TXN0000749,POL000749,CUST00749,2021-01-09,2020-03-19,6593,4391,Moderate,18,None,0,1,CA,VND0038,0
TXN0000750,POL000750,CUST00750,2024-02-22,2019-12-19,4215,2142,Moderate,10,Police,1,1,OH,VND0043,0
TXN0000751,POL000751,CUST00751,2022-07-29,2021-12-20,1630,683,Minor,14,Fire,0,1,FL,VND0042,0
TXN0000752,POL000752,CUST00752,2023-12-27,2021-06-04,1353,1174,Major,17,Ambulance,1,1,OH,VND0010,0
TXN0000753,POL000753,CUST00753,2023-07-07,2023-08-03,3094,4128,Moderate,19,Fire,0,1,CA,VND0045,0
TXN0000754,POL000754,CUST00754,2020-02-17,2020-08-06,5120,4424,Moderate,22,Ambulance,1,0,MI,VND0007,0
TXN0000755,POL000755,CUST00755,2024-06-22,2019-12-13,5166,1453,Moderate,2,Ambulance,0,1,NC,VND0006,0
TXN0000756,POL000756,CUST00756,2023-01-30,2022-06-04,1527,3209,Minor,19,Fire,0,1,NY,VND0037,0
TXN0000757,POL000757,CUST00757,2020-01-16,2019-10-21,5134,3084,Minor,17,None,0,1,NY,VND0039,0
TXN0000758,POL000758,CUST00758,2023-05-11,2024-01-06,6294,1102,Minor,17,None,0,1,NY,VND0007,0
TXN0000759,POL000759,CUST00759,2021-05-11,2019-06-26,20478,2533,Major,0,Fire,1,1,WA,VND0021,1
TXN0000760,POL000760,CUST00760,2023-10-01,2021-09-26,378,3622,Minor,11,None,0,1,NC,VND0021,0
TXN0000761,POL000761,CUST00761,2019-12-14,2024-04-03,6720,4852,Minor,23,Ambulance,1,0,IL,VND0037,0
TXN0000762,POL000762,CUST00762,2020-06-05,2022-01-31,3749,4314,Severe,21,Police,0,1,GA,VND0026,0
TXN0000763,POL000763,CUST00763,2020-11-28,2023-06-26,13825,940,Moderate,5,Police,0,0,CA,VND0031,1
TXN0000764,POL000764,CUST00764,2021-06-23,2021-05-13,44383,1568,Moderate,11,Police,1,0,MI,VND0005,1
TXN0000765,POL000765,CUST00765,2022-06-21,2023-03-10,2234,2465,Moderate,20,Police,0,1,OH,VND0049,0
TXN0000766,POL000766,CUST00766,2020-03-20,2022-12-05,46740,1177,Minor,22,Fire,1,0,NY,VND0028,1
TXN0000767,POL000767,CUST00767,2022-11-17,2021-11-11,1675,3068,Minor,7,Police,0,0,GA,VND0034,0
TXN0000768,POL000768,CUST00768,2019-02-18,2019-08-05,31386,538,Major,19,Ambulance,0,0,CA,VND0025,1
TXN0000769,POL000769,CUST00769,2020-10-26,2024-05-17,29733,1010,Moderate,20,Fire,1,1,IL,VND0013,1
TXN0000770,POL000770,CUST00770,2022-08-15,2019-04-22,5925,712,Major,3,Ambulance,0,1,WA,VND0034,0
TXN0000771,POL000771,CUST00771,2020-06-15,2020-12-31,3676,1829,Severe,0,Ambulance,0,1,NC,VND0015,0
TXN0000772,POL000772,CUST00772,2021-05-15,2022-07-25,6423,3930,Minor,1,Fire,0,0,CA,VND0011,0
TXN0000773,POL000773,CUST00773,2022-05-01,2023-04-08,3614,1297,Major,3,Ambulance,0,0,OH,VND0028,0
TXN0000774,POL000774,CUST00774,2020-05-12,2021-12-24,2262,4942,Minor,17,None,0,0,GA,VND0018,0
TXN0000775,POL000775,CUST00775,2024-04-19,2021-03-30,47431,1712,Moderate,9,Fire,0,0,OH,VND0045,1
TXN0000776,POL000776,CUST00776,2023-08-28,2021-04-11,1248,701,Major,16,Fire,0,0,NY,VND0033,0
TXN0000777,POL000777,CUST00777,2024-05-02,2024-05-27,5803,2009,Minor,2,Ambulance,0,0,GA,VND0019,0
TXN0000778,POL000778,CUST00778,2021-09-21,2020-11-15,5096,3866,Severe,14,None,0,1,IL,VND0002,0
TXN0000779,POL000779,CUST00779,2020-11-20,2023-09-26,1200,979,Moderate,17,Ambulance,0,1,WA,VND0018,0
TXN0000780,POL000780,CUST00780,2024-06-19,2019-04-29,4157,823,Moderate,23,None,0,0,MI,VND0006,0
TXN0000781,POL000781,CUST00781,2023-01-02,2022-08-31,3858,4322,Minor,7,Police,1,1,WA,VND0011,0
TXN0000782,POL000782,CUST00782,2023-05-12,2022-10-12,1566,3164,Moderate,13,Police,1,0,IL,VND0015,0
TXN0000783,POL000783,CUST00783,2020-01-02,2022-10-02,1030,2044,Moderate,11,Fire,0,1,GA,VND0033,0
TXN0000784,POL000784,CUST00784,2023-10-11,2021-05-10,5370,3902,Minor,8,Police,0,1,TX,VND0006,0
TXN0000785,POL000785,CUST00785,2021-11-25,2022-11-02,1995,4299,Moderate,15,Police,0,1,NC,VND0009,0
TXN0000786,POL000786,CUST00786,2023-04-02,2021-06-27,3728,2116,Minor,13,Police,0,1,NC,VND0002,0
TXN0000787,POL000787,CUST00787,2023-07-14,2022-04-21,1884,3025,Severe,19,Fire,0,0,NC,VND0046,0
TXN0000788,POL000788,CUST00788,2019-08-01,2023-12-14,4643,549,Moderate,0,None,1,1,CA,VND0050,0
TXN0000789,POL000789,CUST00789,2019-07-18,2022-09-26,533,1877,Moderate,5,None,1,1,IL,VND0015,0
TXN0000790,POL000790,CUST00790,2019-05-11,2023-02-03,2643,3178,Major,13,Fire,0,1,FL,VND0023,0
TXN0000791,POL000791,CUST00791,2022-07-14,2024-05-13,3920,1386,Major,13,None,0,1,WA,VND0016,0
TXN0000792,POL000792,CUST00792,2024-01-11,2020-03-30,3185,4960,Major,21,None,0,1,OH,VND0027,0
TXN0000793,POL000793,CUST00793,2019-03-02,2022-04-09,4364,4870,Severe,16,Fire,1,1,GA,VND0028,0
TXN0000794,POL000794,CUST00794,2019-10-05,2022-08-26,11140,1659,Minor,0,Fire,0,1,IL,VND0013,1
TXN0000795,POL000795,CUST00795,2021-09-02,2022-11-11,38646,2283,Moderate,11,None,1,0,TX,VND0033,1
TXN0000796,POL000796,CUST00796,2021-02-24,2019-10-07,5344,1352,Major,20,Fire,0,0,GA,VND0001,0
TXN0000797,POL000797,CUST00797,2019-07-26,2023-03-21,11215,2767,Minor,20,Fire,1,1,GA,VND0033,1
TXN0000798,POL000798,CUST00798,2022-05-09,2020-02-08,1267,1057,Major,19,None,0,1,NY,VND0038,0
TXN0000799,POL000799,CUST00799,2023-12-23,2021-04-15,5964,2259,Minor,11,Ambulance,0,0,GA,VND0003,0
TXN0000800,POL000800,CUST00800,2020-03-01,2022-12-19,5492,2998,Severe,2,Fire,0,0,NY,VND0037,0
TXN0000801,POL000801,CUST00801,2019-01-06,2020-06-26,4826,3253,Major,5,None,0,1,GA,VND0037,0
TXN0000802,POL000802,CUST00802,2020-03-28,2019-09-24,5626,3184,Moderate,20,Ambulance,0,1,NY,VND0049,0
TXN0000803,POL000803,CUST00803,2020-01-06,2022-10-02,5495,1496,Moderate,8,Fire,0,1,NC,VND0041,0
TXN0000804,POL000804,CUST00804,2021-07-24,2020-07-30,5276,4065,Severe,18,Fire,0,0,MI,VND0002,0
TXN0000805,POL000805,CUST00805,2019-08-04,2023-08-01,26492,3612,Major,0,Police,0,0,IL,VND0005,1
TXN0000806,POL000806,CUST00806,2020-12-25,2023-12-23,29983,3888,Major,11,Police,1,1,CA,VND0007,1
TXN0000807,POL000807,CUST00807,2019-08-28,2020-12-17,4260,2605,Major,22,None,0,0,GA,VND0030,0
TXN0000808,POL000808,CUST00808,2022-09-19,2023-02-05,2057,4516,Minor,5,Police,0,1,WA,VND0036,0
TXN0000809,POL000809,CUST00809,2021-07-30,2020-04-09,5458,2254,Minor,0,None,0,1,NC,VND0033,0
TXN0000810,POL000810,CUST00810,2019-05-31,2024-02-24,3384,4125,Minor,6,Police,0,0,NY,VND0017,0
TXN0000811,POL000811,CUST00811,2019-03-29,2020-05-22,42288,1415,Major,1,Ambulance,0,1,OH,VND0011,1
TXN0000812,POL000812,CUST00812,2021-09-07,2023-11-20,42125,1612,Moderate,14,Ambulance,1,0,NY,VND0004,1
TXN0000813,POL000813,CUST00813,2022-04-02,2023-05-13,3943,2870,Moderate,4,None,0,1,NC,VND0019,0
TXN0000814,POL000814,CUST00814,2019-12-16,2020-10-03,6450,3001,Severe,5,Fire,0,1,NC,VND0016,0
TXN0000815,POL000815,CUST00815,2020-10-11,2023-07-28,23497,3857,Minor,14,None,1,1,GA,VND0016,1
TXN0000816,POL000816,CUST00816,2022-05-02,2022-07-07,2754,1838,Major,7,Fire,0,1,NY,VND0005,0
TXN0000817,POL000817,CUST00817,2021-08-03,2022-09-20,2726,4426,Moderate,15,None,0,0,TX,VND0015,0
TXN0000818,POL000818,CUST00818,2019-08-22,2021-02-13,6150,1984,Moderate,22,Police,0,1,GA,VND0042,0
TXN0000819,POL000819,CUST00819,2021-02-24,2020-04-29,5342,2903,Minor,22,Fire,1,0,NY,VND0013,0
TXN0000820,POL000820,CUST00820,2020-02-01,2022-11-14,1311,4693,Major,17,Ambulance,1,1,WA,VND0044,0
TXN0000821,POL000821,CUST00821,2024-02-03,2019-04-29,41134,2927,Major,23,Ambulance,1,0,CA,VND0005,1
TXN0000822,POL000822,CUST00822,2023-06-02,2020-12-14,2724,3568,Moderate,17,None,0,1,MI,VND0032,0
TXN0000823,POL000823,CUST00823,2020-09-18,2019-10-26,4597,4588,Moderate,1,Fire,0,0,NC,VND0006,0
TXN0000824,POL000824,CUST00824,2020-04-16,2019-01-17,555,4885,Moderate,22,Ambulance,1,0,OH,VND0020,0
TXN0000825,POL000825,CUST00825,2019-09-28,2019-01-29,5056,2747,Moderate,13,Ambulance,0,0,WA,VND0048,0
TXN0000826,POL000826,CUST00826,2023-01-19,2019-07-22,29469,2376,Moderate,0,None,0,0,NC,VND0039,1
TXN0000827,POL000827,CUST00827,2024-01-17,2024-03-15,1740,1386,Moderate,14,Police,1,0,CA,VND0026,0
TXN0000828,POL000828,CUST00828,2020-07-02,2023-04-12,1224,2918,Major,5,Police,0,0,NY,VND0032,0
TXN0000829,POL000829,CUST00829,2022-07-08,2024-06-23,4467,4632,Major,12,Ambulance,0,1,MI,VND0034,0
TXN0000830,POL000830,CUST00830,2020-04-16,2019-07-02,1947,2692,Minor,15,Police,1,1,NC,VND0040,0
TXN0000831,POL000831,CUST00831,2024-01-15,2024-07-09,6602,2068,Major,0,Police,0,0,TX,VND0030,0
TXN0000832,POL000832,CUST00832,2020-08-23,2022-05-02,5471,982,Moderate,10,Ambulance,1,1,TX,VND0026,0
TXN0000833,POL000833,CUST00833,2019-07-12,2023-05-28,6694,2253,Severe,1,Fire,0,1,WA,VND0004,0
TXN0000834,POL000834,CUST00834,2023-11-04,2023-10-03,3836,1565,Moderate,2,Fire,0,0,CA,VND0048,0
TXN0000835,POL000835,CUST00835,2024-03-12,2020-06-24,6581,4895,Minor,5,Fire,1,0,WA,VND0029,0
TXN0000836,POL000836,CUST00836,2021-03-08,2023-02-11,295,2874,Major,18,Ambulance,1,1,OH,VND0015,0
TXN0000837,POL000837,CUST00837,2023-12-26,2022-08-07,2171,1116,Minor,9,Fire,1,1,MI,VND0007,0
TXN0000838,POL000838,CUST00838,2020-05-04,2021-04-24,215,803,Major,1,None,0,1,FL,VND0031,0
TXN0000839,POL000839,CUST00839,2020-06-27,2021-09-28,4807,4328,Severe,17,Police,0,1,NY,VND0040,0
TXN0000840,POL000840,CUST00840,2021-12-13,2020-03-08,3672,4691,Major,13,Police,0,1,NC,VND0041,0
TXN0000841,POL000841,CUST00841,2022-04-20,2020-01-21,19899,3933,Moderate,3,Police,0,1,TX,VND0045,1
TXN0000842,POL000842,CUST00842,2021-02-12,2024-02-10,2273,1057,Moderate,13,None,1,1,TX,VND0045,0
TXN0000843,POL000843,CUST00843,2023-05-24,2023-01-23,4577,942,Moderate,5,Fire,1,1,GA,VND0032,0
TXN0000844,POL000844,CUST00844,2023-05-05,2022-02-25,1426,1390,Minor,15,Police,0,1,CA,VND0048,0
TXN0000845,POL000845,CUST00845,2019-08-31,2022-11-09,19489,3880,Severe,22,Fire,1,1,WA,VND0004,1
TXN0000846,POL000846,CUST00846,2024-06-10,2021-04-08,4372,3943,Moderate,7,Ambulance,0,1,GA,VND0020,0
TXN0000847,POL000847,CUST00847,2019-11-16,2020-05-30,1831,4270,Moderate,17,Fire,1,0,NC,VND0025,0
TXN0000848,POL000848,CUST00848,2021-11-22,2024-03-20,1753,936,Minor,0,Fire,0,0,OH,VND0035,0
TXN0000849,POL000849,CUST00849,2021-04-29,2024-06-24,22525,1189,Severe,9,Police,1,0,GA,VND0015,1
TXN0000850,POL000850,CUST00850,2021-06-25,2020-03-21,4227,4551,Severe,21,Ambulance,1,0,WA,VND0015,0
TXN0000851,POL000851,CUST00851,2019-09-15,2023-06-13,1929,4679,Moderate,1,Police,0,1,CA,VND0046,0
TXN0000852,POL000852,CUST00852,2020-11-19,2021-06-21,2779,3765,Minor,22,Police,1,1,FL,VND0033,0
TXN0000853,POL000853,CUST00853,2019-03-02,2022-12-06,3895,977,Major,2,Ambulance,0,0,GA,VND0032,0
TXN0000854,POL000854,CUST00854,2024-05-07,2019-08-21,1469,808,Moderate,11,None,1,0,TX,VND0010,0
TXN0000855,POL000855,CUST00855,2019-10-16,2021-09-03,4068,750,Severe,4,Ambulance,0,0,FL,VND0026,0
TXN0000856,POL000856,CUST00856,2021-08-27,2019-09-22,1139,3613,Severe,0,None,0,1,CA,VND0022,0
TXN0000857,POL000857,CUST00857,2020-03-09,2023-07-08,1169,4306,Major,8,Fire,1,1,CA,VND0032,0
TXN0000858,POL000858,CUST00858,2019-12-24,2021-03-25,1810,3342,Minor,13,Ambulance,1,0,IL,VND0047,0
TXN0000859,POL000859,CUST00859,2021-02-22,2020-06-27,2148,1679,Major,17,Fire,1,0,GA,VND0014,0
TXN0000860,POL000860,CUST00860,2024-04-29,2022-11-19,402,3908,Severe,7,Ambulance,0,1,TX,VND0041,0
TXN0000861,POL000861,CUST00861,2021-08-17,2024-04-14,6738,766,Moderate,11,None,0,1,WA,VND0032,0
TXN0000862,POL000862,CUST00862,2024-04-12,2020-11-25,2295,4226,Major,4,Ambulance,0,1,NC,VND0025,0
TXN0000863,POL000863,CUST00863,2023-07-18,2022-12-26,5671,4513,Moderate,17,Police,1,0,GA,VND0048,0
TXN0000864,POL000864,CUST00864,2021-05-24,2022-10-30,6333,3732,Severe,4,Ambulance,1,0,CA,VND0008,0
TXN0000865,POL000865,CUST00865,2023-12-14,2021-09-24,45856,4456,Major,20,Fire,1,1,OH,VND0034,1
TXN0000866,POL000866,CUST00866,2020-11-29,2023-06-19,5853,3137,Minor,4,Ambulance,0,0,WA,VND0020,0
TXN0000867,POL000867,CUST00867,2021-10-03,2019-09-28,880,2607,Moderate,15,Ambulance,1,1,FL,VND0035,0
TXN0000868,POL000868,CUST00868,2022-09-27,2023-11-12,2729,1951,Minor,7,Ambulance,0,1,OH,VND0007,0
TXN0000869,POL000869,CUST00869,2022-03-28,2021-04-05,39395,4647,Moderate,23,None,1,0,OH,VND0037,1
TXN0000870,POL000870,CUST00870,2023-07-22,2019-04-14,4115,3637,Severe,6,None,0,1,GA,VND0004,0
TXN0000871,POL000871,CUST00871,2019-11-23,2024-06-23,238,1357,Minor,22,None,0,1,WA,VND0018,0
TXN0000872,POL000872,CUST00872,2021-09-27,2023-04-17,31601,4806,Severe,20,Ambulance,0,1,TX,VND0046,1
TXN0000873,POL000873,CUST00873,2022-08-27,2023-07-11,5670,766,Minor,11,Fire,1,0,CA,VND0032,0
TXN0000874,POL000874,CUST00874,2020-10-25,2019-11-06,5835,3143,Major,11,Police,0,1,CA,VND0025,0
TXN0000875,POL000875,CUST00875,2023-10-06,2023-03-02,2810,1357,Severe,8,None,0,0,FL,VND0017,0
TXN0000876,POL000876,CUST00876,2020-08-27,2022-11-17,1806,3489,Major,10,None,1,1,NY,VND0005,0
TXN0000877,POL000877,CUST00877,2020-08-27,2024-01-01,2304,2356,Major,11,Police,1,1,MI,VND0006,0
TXN0000878,POL000878,CUST00878,2020-10-17,2021-01-30,2215,2467,Severe,3,Police,0,0,OH,VND0036,0
TXN0000879,POL000879,CUST00879,2022-09-19,2024-02-20,2556,3521,Moderate,7,Ambulance,0,1,NC,VND0014,0
TXN0000880,POL000880,CUST00880,2019-08-25,2022-12-06,2252,3902,Major,21,Police,0,1,OH,VND0004,0
TXN0000881,POL000881,CUST00881,2019-10-14,2020-06-07,3308,2210,Minor,23,Police,0,1,WA,VND0022,0
TXN0000882,POL000882,CUST00882,2023-04-12,2020-03-19,477,4989,Moderate,1,None,0,0,NY,VND0020,0
TXN0000883,POL000883,CUST00883,2020-02-21,2024-01-02,2071,2743,Minor,17,Police,0,1,GA,VND0048,0
TXN0000884,POL000884,CUST00884,2019-07-30,2022-08-02,2339,1221,Major,5,Police,0,1,FL,VND0012,0
TXN0000885,POL000885,CUST00885,2020-06-13,2019-09-09,1242,528,Major,15,None,0,0,FL,VND0014,0
TXN0000886,POL000886,CUST00886,2021-03-10,2019-09-24,6169,1410,Moderate,14,Police,0,0,WA,VND0009,0
TXN0000887,POL000887,CUST00887,2019-03-08,2023-08-03,4793,3609,Severe,21,None,0,1,CA,VND0010,0
TXN0000888,POL000888,CUST00888,2023-08-03,2019-12-21,23303,2927,Minor,16,Ambulance,0,1,FL,VND0027,1
TXN0000889,POL000889,CUST00889,2019-08-24,2020-03-29,4018,2020,Severe,19,Ambulance,0,1,NY,VND0012,0
TXN0000890,POL000890,CUST00890,2021-03-22,2022-06-01,945,2666,Minor,19,None,0,1,TX,VND0036,0
TXN0000891,POL000891,CUST00891,2020-02-10,2023-10-14,6351,4271,Moderate,15,Police,0,0,NC,VND0041,0
TXN0000892,POL000892,CUST00892,2020-08-14,2020-11-21,3314,3072,Moderate,9,Police,1,1,NY,VND0025,0
TXN0000893,POL000893,CUST00893,2019-04-01,2022-09-12,4854,761,Moderate,8,Police,1,1,IL,VND0012,0
TXN0000894,POL000894,CUST00894,2024-03-18,2022-11-28,36521,720,Major,8,Fire,0,0,NY,VND0042,1
TXN0000895,POL000895,CUST00895,2024-02-25,2022-05-04,3561,2669,Major,8,None,1,1,MI,VND0049,0
TXN0000896,POL000896,CUST00896,2019-09-11,2022-10-21,3527,2319,Major,6,Police,1,1,IL,VND0046,0
TXN0000897,POL000897,CUST00897,2020-01-31,2020-04-15,2135,4327,Minor,7,Fire,0,0,NC,VND0047,0
TXN0000898,POL000898,CUST00898,2023-11-11,2022-06-16,3972,3123,Minor,13,Fire,0,1,GA,VND0041,0
TXN0000899,POL000899,CUST00899,2021-04-12,2019-01-22,5189,3905,Minor,6,Police,0,1,WA,VND0037,0
TXN0000900,POL000900,CUST00900,2019-05-05,2023-01-20,337,3133,Moderate,8,Fire,0,1,GA,VND0048,0
TXN0000901,POL000901,CUST00901,2019-09-30,2023-05-24,1090,2053,Minor,17,Police,0,0,WA,VND0017,0
TXN0000902,POL000902,CUST00902,2021-04-09,2023-05-28,5927,3458,Moderate,7,Police,0,0,GA,VND0047,0
TXN0000903,POL000903,CUST00903,2022-01-24,2019-03-15,42135,3296,Major,2,Ambulance,1,1,CA,VND0002,1
TXN0000904,POL000904,CUST00904,2022-06-21,2024-01-19,6820,3740,Severe,0,None,0,1,TX,VND0042,0
TXN0000905,POL000905,CUST00905,2019-11-04,2021-06-05,4311,1351,Major,18,Fire,0,0,NC,VND0017,0
TXN0000906,POL000906,CUST00906,2021-01-12,2019-06-25,4643,3386,Minor,22,Ambulance,1,1,CA,VND0015,0
TXN0000907,POL000907,CUST00907,2020-06-07,2021-12-23,6313,1784,Moderate,16,Ambulance,0,0,TX,VND0034,0
TXN0000908,POL000908,CUST00908,2021-12-08,2022-03-07,9473,4056,Minor,1,None,0,1,NC,VND0009,1
TXN0000909,POL000909,CUST00909,2020-10-07,2021-04-01,2441,4093,Moderate,13,None,1,1,NY,VND0050,0
TXN0000910,POL000910,CUST00910,2020-02-14,2023-02-26,3790,3311,Moderate,6,None,0,0,FL,VND0037,0
TXN0000911,POL000911,CUST00911,2023-06-25,2022-01-10,1802,4760,Severe,7,None,0,1,TX,VND0001,0
TXN0000912,POL000912,CUST00912,2022-02-16,2020-03-25,2473,2918,Moderate,22,None,0,1,NY,VND0043,0
TXN0000913,POL000913,CUST00913,2021-08-09,2022-06-13,4825,613,Minor,19,None,0,1,MI,VND0006,0
TXN0000914,POL000914,CUST00914,2019-09-28,2020-06-27,1213,3227,Moderate,17,Ambulance,1,1,IL,VND0042,0
TXN0000915,POL000915,CUST00915,2019-05-23,2019-09-10,4769,3999,Severe,12,Fire,0,0,WA,VND0041,0
TXN0000916,POL000916,CUST00916,2023-05-17,2020-07-04,4171,955,Minor,13,Fire,1,0,NC,VND0033,0
TXN0000917,POL000917,CUST00917,2024-04-28,2024-01-07,9293,970,Major,21,Ambulance,0,1,FL,VND0031,1
TXN0000918,POL000918,CUST00918,2022-03-17,2022-03-09,8858,1729,Minor,15,None,1,1,TX,VND0042,1
TXN0000919,POL000919,CUST00919,2019-03-20,2020-10-14,4991,4299,Minor,13,None,0,0,WA,VND0043,0
TXN0000920,POL000920,CUST00920,2021-08-25,2021-01-19,5806,2873,Major,2,Ambulance,1,1,WA,VND0036,0
TXN0000921,POL000921,CUST00921,2020-07-16,2023-10-07,18814,4893,Minor,23,Police,0,0,TX,VND0009,1
TXN0000922,POL000922,CUST00922,2019-04-20,2022-09-13,3062,4428,Major,19,Fire,1,0,NY,VND0034,0
TXN0000923,POL000923,CUST00923,2019-10-13,2023-04-17,4644,2996,Minor,8,Ambulance,1,1,NC,VND0011,0
TXN0000924,POL000924,CUST00924,2021-09-30,2022-05-24,3020,3555,Moderate,6,Fire,0,1,WA,VND0003,0
TXN0000925,POL000925,CUST00925,2021-05-06,2024-06-29,2636,1989,Moderate,23,Fire,0,1,WA,VND0008,0
TXN0000926,POL000926,CUST00926,2022-02-05,2022-08-26,2424,906,Major,22,Fire,0,0,FL,VND0024,0
TXN0000927,POL000927,CUST00927,2022-10-23,2021-03-28,1633,2294,Major,10,Police,0,0,MI,VND0049,0
TXN0000928,POL000928,CUST00928,2020-06-17,2020-06-04,6791,3165,Major,5,Fire,0,0,NC,VND0002,0
TXN0000929,POL000929,CUST00929,2020-07-28,2019-04-17,4730,1319,Moderate,19,Fire,0,1,IL,VND0004,0
TXN0000930,POL000930,CUST00930,2022-09-21,2023-04-04,1389,1497,Minor,15,None,1,1,NY,VND0005,0
TXN0000931,POL000931,CUST00931,2020-01-31,2024-03-02,6082,567,Moderate,21,Police,1,0,MI,VND0010,0
TXN0000932,POL000932,CUST00932,2019-06-04,2022-09-09,1228,3803,Moderate,13,Fire,0,1,MI,VND0028,0
TXN0000933,POL000933,CUST00933,2023-09-10,2021-09-19,4237,4547,Minor,13,None,0,1,WA,VND0042,0
TXN0000934,POL000934,CUST00934,2020-02-23,2019-10-04,1325,4223,Severe,3,Fire,0,0,IL,VND0003,0
TXN0000935,POL000935,CUST00935,2019-08-31,2022-07-31,2656,2209,Moderate,14,Fire,1,0,FL,VND0041,0
TXN0000936,POL000936,CUST00936,2023-01-20,2020-02-20,4677,3170,Minor,8,Police,1,1,MI,VND0046,0
TXN0000937,POL000937,CUST00937,2021-12-03,2022-06-17,6994,4823,Severe,4,Ambulance,0,0,NY,VND0004,0
TXN0000938,POL000938,CUST00938,2019-10-23,2020-09-10,21035,3161,Moderate,18,None,0,0,NC,VND0023,1
TXN0000939,POL000939,CUST00939,2023-09-04,2023-10-19,6289,1831,Major,8,Fire,0,0,OH,VND0041,0
TXN0000940,POL000940,CUST00940,2020-05-07,2024-03-08,48604,2023,Minor,5,Fire,0,1,OH,VND0035,1
TXN0000941,POL000941,CUST00941,2022-09-18,2020-04-29,835,3772,Moderate,23,Ambulance,1,1,FL,VND0010,0
TXN0000942,POL000942,CUST00942,2022-07-30,2020-10-31,6358,2508,Moderate,23,Fire,0,1,FL,VND0008,0
TXN0000943,POL000943,CUST00943,2023-07-24,2024-02-09,6477,4267,Minor,11,Fire,0,0,GA,VND0023,0
TXN0000944,POL000944,CUST00944,2023-01-02,2019-02-23,2094,4388,Major,7,None,0,1,FL,VND0043,0
TXN0000945,POL000945,CUST00945,2022-11-12,2021-11-17,330,661,Minor,3,Fire,0,0,GA,VND0048,0
TXN0000946,POL000946,CUST00946,2019-04-14,2019-10-26,4605,3754,Minor,15,None,0,1,WA,VND0024,0
TXN0000947,POL000947,CUST00947,2024-02-26,2021-06-02,717,2164,Minor,14,Fire,0,1,CA,VND0027,0
TXN0000948,POL000948,CUST00948,2019-09-12,2019-03-20,475,2838,Minor,14,Ambulance,0,1,WA,VND0028,0
TXN0000949,POL000949,CUST00949,2020-05-23,2019-10-24,6572,1691,Minor,18,Fire,0,0,TX,VND0025,0
TXN0000950,POL000950,CUST00950,2021-06-14,2021-04-02,3570,2157,Major,11,Ambulance,1,1,TX,VND0033,0
TXN0000951,POL000951,CUST00951,2020-08-01,2019-05-15,961,1986,Moderate,16,Fire,1,0,MI,VND0014,0
TXN0000952,POL000952,CUST00952,2022-04-04,2023-06-03,4651,726,Minor,15,Police,0,0,FL,VND0027,0
TXN0000953,POL000953,CUST00953,2019-04-17,2022-03-20,2710,4022,Moderate,19,Ambulance,0,1,GA,VND0031,0
TXN0000954,POL000954,CUST00954,2021-06-29,2021-07-07,3846,1143,Minor,17,None,1,0,TX,VND0029,0
TXN0000955,POL000955,CUST00955,2020-12-02,2021-08-20,6312,2191,Moderate,0,Police,1,0,CA,VND0049,0
TXN0000956,POL000956,CUST00956,2022-07-22,2023-08-26,1817,1368,Major,14,Ambulance,1,1,FL,VND0038,0
TXN0000957,POL000957,CUST00957,2021-11-09,2023-09-08,4596,1222,Major,23,Ambulance,0,1,OH,VND0037,0
TXN0000958,POL000958,CUST00958,2023-02-26,2019-04-20,5833,2180,Major,13,Ambulance,0,1,FL,VND0041,0
TXN0000959,POL000959,CUST00959,2019-11-27,2022-10-21,3081,4634,Minor,12,Police,0,0,FL,VND0027,0
TXN0000960,POL000960,CUST00960,2024-03-20,2021-08-15,6796,4748,Minor,14,Police,1,1,MI,VND0016,0
TXN0000961,POL000961,CUST00961,2021-02-26,2023-05-06,3248,2217,Major,13,Ambulance,0,0,TX,VND0027,0
TXN0000962,POL000962,CUST00962,2020-12-03,2023-05-14,3322,2773,Moderate,9,Ambulance,0,1,CA,VND0047,0
TXN0000963,POL000963,CUST00963,2022-01-05,2022-12-07,22282,4935,Moderate,23,Fire,1,0,TX,VND0044,1
TXN0000964,POL000964,CUST00964,2019-11-24,2022-09-30,37620,1556,Severe,1,Fire,1,0,MI,VND0018,1
TXN0000965,POL000965,CUST00965,2023-06-23,2020-03-15,6107,4751,Moderate,19,Ambulance,0,1,IL,VND0025,0
TXN0000966,POL000966,CUST00966,2020-06-14,2023-09-23,5574,975,Major,3,Fire,0,0,WA,VND0014,0
TXN0000967,POL000967,CUST00967,2024-02-05,2022-11-22,5044,1516,Moderate,4,Fire,0,1,MI,VND0001,0
TXN0000968,POL000968,CUST00968,2019-10-25,2020-07-17,1842,2022,Minor,14,Ambulance,0,0,FL,VND0016,0
TXN0000969,POL000969,CUST00969,2023-10-01,2020-04-26,2912,666,Minor,15,None,0,0,NC,VND0006,0
TXN0000970,POL000970,CUST00970,2021-03-02,2021-10-16,6078,4170,Moderate,22,None,0,0,IL,VND0018,0
TXN0000971,POL000971,CUST00971,2022-05-03,2020-12-03,4389,4349,Minor,7,Police,1,0,OH,VND0003,0
TXN0000972,POL000972,CUST00972,2023-10-18,2022-10-05,39488,2225,Major,0,Fire,1,0,OH,VND0016,1
TXN0000973,POL000973,CUST00973,2019-09-17,2021-04-10,17184,4263,Major,6,Police,1,0,NC,VND0036,1
TXN0000974,POL000974,CUST00974,2020-11-27,2019-12-19,5475,3976,Moderate,13,None,1,0,FL,VND0043,0
TXN0000975,POL000975,CUST00975,2024-03-18,2021-03-18,1411,4106,Moderate,8,Ambulance,0,1,CA,VND0045,0
TXN0000976,POL000976,CUST00976,2019-10-26,2023-07-11,962,4112,Moderate,6,Police,0,1,NC,VND0029,0
TXN0000977,POL000977,CUST00977,2019-07-26,2023-08-10,5402,3080,Moderate,21,None,1,0,WA,VND0028,0
TXN0000978,POL000978,CUST00978,2021-11-14,2020-10-01,2161,998,Major,13,Ambulance,0,0,OH,VND0049,0
TXN0000979,POL000979,CUST00979,2019-02-19,2023-06-01,5404,4655,Minor,16,Police,1,0,TX,VND0028,0
TXN0000980,POL000980,CUST00980,2024-06-13,2019-07-21,3828,3238,Severe,17,Police,0,0,TX,VND0005,0
TXN0000981,POL000981,CUST00981,2023-12-19,2024-06-12,6985,4555,Minor,9,None,0,1,OH,VND0047,0
TXN0000982,POL000982,CUST00982,2020-01-13,2023-04-01,3769,4815,Minor,17,Fire,0,0,MI,VND0031,0
TXN0000983,POL000983,CUST00983,2019-12-13,2019-04-07,6098,1342,Major,23,Ambulance,0,1,GA,VND0034,0
TXN0000984,POL000984,CUST00984,2023-04-11,2022-11-30,5982,2309,Minor,17,None,0,1,NY,VND0005,0
TXN0000985,POL000985,CUST00985,2021-11-11,2021-10-02,1641,1366,Minor,7,Fire,0,0,GA,VND0024,0
TXN0000986,POL000986,CUST00986,2023-07-11,2023-11-24,6973,729,Minor,18,Police,0,0,TX,VND0023,0
TXN0000987,POL000987,CUST00987,2024-04-26,2020-05-10,5271,4848,Major,5,Police,1,0,IL,VND0041,0
TXN0000988,POL000988,CUST00988,2021-03-16,2023-12-11,33621,4654,Moderate,1,None,0,0,WA,VND0020,1
TXN0000989,POL000989,CUST00989,2020-05-24,2023-10-29,241,4692,Minor,10,Ambulance,0,1,GA,VND0018,0
TXN0000990,POL000990,CUST00990,2022-05-28,2020-07-27,2045,4476,Moderate,12,Fire,0,0,TX,VND0035,0
TXN0000991,POL000991,CUST00991,2022-06-28,2021-06-01,310,3419,Minor,11,Police,0,0,FL,VND0001,0
TXN0000992,POL000992,CUST00992,2021-05-17,2022-07-25,2631,2849,Severe,6,Ambulance,0,0,CA,VND0038,0
TXN0000993,POL000993,CUST00993,2020-08-23,2020-05-11,6975,4961,Minor,6,Police,0,1,IL,VND0001,0
TXN0000994,POL000994,CUST00994,2020-06-10,2024-07-13,3456,2985,Moderate,22,Police,0,0,FL,VND0012,0
TXN0000995,POL000995,CUST00995,2021-11-12,2020-02-02,362,3390,Moderate,6,Ambulance,1,1,WA,VND0025,0
TXN0000996,POL000996,CUST00996,2021-05-05,2020-05-18,3558,1452,Moderate,18,Ambulance,1,0,NY,VND0010,0
TXN0000997,POL000997,CUST00997,2021-07-07,2021-10-16,1689,3860,Severe,6,Ambulance,0,0,CA,VND0002,0
TXN0000998,POL000998,CUST00998,2019-07-11,2021-08-21,24465,4187,Moderate,2,None,1,1,IL,VND0021,1
TXN0000999,POL000999,CUST00999,2023-11-03,2019-04-25,815,3553,Major,1,Fire,0,1,NC,VND0036,0
TXN0001000,POL001000,CUST01000,2022-11-19,2024-01-16,5439,2743,Moderate,5,Ambulance,0,0,GA,VND0013,0
TXN0001001,POL001001,CUST01001,2024-01-19,2020-05-11,45818,1390,Major,20,Fire,1,1,WA,VND0014,1
TXN0001002,POL001002,CUST01002,2023-07-23,2019-08-09,328,652,Moderate,10,Fire,1,0,NY,VND0034,0
TXN0001003,POL001003,CUST01003,2022-05-26,2021-11-22,48739,3322,Minor,16,Police,0,0,OH,VND0048,1
TXN0001004,POL001004,CUST01004,2020-09-08,2024-02-21,3294,3573,Minor,23,None,0,0,OH,VND0026,0
TXN0001005,POL001005,CUST01005,2022-08-05,2019-01-19,5446,3976,Minor,1,Ambulance,0,1,CA,VND0028,0
TXN0001006,POL001006,CUST01006,2022-02-10,2021-09-21,4402,4777,Severe,2,Ambulance,0,1,CA,VND0042,0
TXN0001007,POL001007,CUST01007,2024-01-29,2024-01-17,5553,2738,Major,22,Police,0,1,NC,VND0004,0
TXN0001008,POL001008,CUST01008,2020-04-10,2023-12-13,3330,4231,Minor,13,Police,0,1,NY,VND0050,0
TXN0001009,POL001009,CUST01009,2019-02-21,2019-12-24,253,3723,Moderate,14,None,1,1,GA,VND0024,0
TXN0001010,POL001010,CUST01010,2019-09-13,2022-06-15,1088,1747,Major,8,Ambulance,0,1,WA,VND0019,0
TXN0001011,POL001011,CUST01011,2019-12-18,2023-08-20,3320,4303,Moderate,19,Police,0,0,FL,VND0031,0
TXN0001012,POL001012,CUST01012,2022-08-24,2022-09-24,2902,739,Moderate,15,Ambulance,1,1,NC,VND0046,0
TXN0001013,POL001013,CUST01013,2019-10-22,2022-08-26,5601,3195,Major,6,None,0,1,FL,VND0047,0
TXN0001014,POL001014,CUST01014,2019-09-27,2023-04-16,2999,4731,Minor,15,None,0,0,NC,VND0039,0
TXN0001015,POL001015,CUST01015,2021-03-07,2021-07-13,6049,3465,Moderate,0,Fire,0,0,TX,VND0025,0
TXN0001016,POL001016,CUST01016,2023-04-19,2019-05-29,1476,4716,Minor,5,Fire,0,1,NY,VND0008,0
TXN0001017,POL001017,CUST01017,2021-05-01,2022-07-22,2817,752,Minor,4,None,0,0,IL,VND0010,0
TXN0001018,POL001018,CUST01018,2020-06-29,2022-06-28,5342,2895,Major,18,Fire,0,0,IL,VND0042,0
TXN0001019,POL001019,CUST01019,2020-07-24,2023-09-20,27492,4012,Major,17,Ambulance,1,1,CA,VND0007,1
TXN0001020,POL001020,CUST01020,2023-07-01,2024-02-13,2385,3390,Severe,2,None,0,1,MI,VND0025,0
TXN0001021,POL001021,CUST01021,2021-05-19,2020-11-23,5312,4462,Minor,21,Fire,1,0,CA,VND0021,0
TXN0001022,POL001022,CUST01022,2021-01-09,2024-04-17,4205,2581,Major,19,Ambulance,1,0,MI,VND0036,0
TXN0001023,POL001023,CUST01023,2023-04-02,2019-02-03,5490,3571,Severe,10,Fire,0,1,FL,VND0018,0
TXN0001024,POL001024,CUST01024,2021-01-10,2024-05-12,3706,2388,Moderate,5,Ambulance,0,1,NC,VND0036,0
TXN0001025,POL001025,CUST01025,2020-12-17,2019-10-17,6042,4424,Severe,10,Police,1,1,NC,VND0026,0
TXN0001026,POL001026,CUST01026,2023-02-15,2022-08-03,6166,1037,Severe,14,None,0,0,IL,VND0045,0
TXN0001027,POL001027,CUST01027,2020-10-19,2022-10-17,6826,1643,Major,15,Ambulance,0,0,OH,VND0010,0
TXN0001028,POL001028,CUST01028,2021-10-21,2022-07-09,1029,935,Severe,8,Police,0,0,CA,VND0039,0
TXN0001029,POL001029,CUST01029,2022-08-26,2024-06-26,4220,3659,Moderate,2,Ambulance,0,1,WA,VND0037,0
TXN0001030,POL001030,CUST01030,2020-02-08,2022-01-28,976,1547,Moderate,14,Fire,0,1,TX,VND0042,0
TXN0001031,POL001031,CUST01031,2019-09-15,2019-10-05,1756,1927,Severe,16,None,0,1,GA,VND0025,0
TXN0001032,POL001032,CUST01032,2023-09-03,2022-05-18,2242,4264,Major,6,None,0,0,CA,VND0017,0
TXN0001033,POL001033,CUST01033,2020-08-19,2020-08-21,4593,2120,Minor,15,Fire,1,1,NC,VND0026,0
TXN0001034,POL001034,CUST01034,2020-11-13,2022-05-28,3132,1156,Moderate,13,Ambulance,0,0,NY,VND0049,0
TXN0001035,POL001035,CUST01035,2022-03-29,2021-02-17,6080,594,Minor,12,Police,1,0,IL,VND0010,0
TXN0001036,POL001036,CUST01036,2019-07-26,2019-04-10,2230,1520,Major,0,None,0,1,CA,VND0034,0
TXN0001037,POL001037,CUST01037,2019-04-02,2022-07-18,4397,4616,Minor,7,Ambulance,0,1,FL,VND0012,0
TXN0001038,POL001038,CUST01038,2021-04-14,2019-07-12,5389,2968,Moderate,8,Ambulance,0,1,IL,VND0039,0
TXN0001039,POL001039,CUST01039,2024-04-27,2020-11-03,6866,4976,Moderate,20,Ambulance,0,1,NC,VND0022,0
TXN0001040,POL001040,CUST01040,2022-02-25,2022-06-11,40145,1468,Minor,19,Fire,0,1,OH,VND0043,1
TXN0001041,POL001041,CUST01041,2022-03-06,2023-11-19,30171,2081,Severe,20,Ambulance,1,0,FL,VND0009,1
TXN0001042,POL001042,CUST01042,2022-05-09,2020-10-06,776,1234,Moderate,11,Fire,0,0,OH,VND0007,0
TXN0001043,POL001043,CUST01043,2023-09-24,2020-09-05,3895,2292,Minor,7,Ambulance,1,0,FL,VND0048,0
TXN0001044,POL001044,CUST01044,2023-08-05,2020-09-11,3013,3034,Minor,11,Police,0,0,OH,VND0017,0
TXN0001045,POL001045,CUST01045,2019-02-18,2022-03-14,43356,4136,Major,19,Police,0,1,OH,VND0005,1
TXN0001046,POL001046,CUST01046,2021-12-22,2020-02-07,5458,2156,Moderate,14,None,0,0,FL,VND0042,0
TXN0001047,POL001047,CUST01047,2022-01-02,2021-12-08,6505,3971,Moderate,14,Ambulance,1,0,FL,VND0021,0
TXN0001048,POL001048,CUST01048,2020-03-24,2023-06-11,5983,3317,Moderate,10,Police,0,0,OH,VND0047,0
TXN0001049,POL001049,CUST01049,2024-05-10,2019-06-26,2992,1813,Severe,16,Police,0,1,OH,VND0022,0
TXN0001050,POL001050,CUST01050,2020-06-09,2024-05-04,5186,4604,Major,20,Ambulance,0,1,WA,VND0038,0
TXN0001051,POL001051,CUST01051,2023-08-01,2021-12-17,407,2454,Major,16,Police,0,1,IL,VND0029,0
TXN0001052,POL001052,CUST01052,2019-07-22,2022-06-28,26157,1179,Moderate,9,Fire,0,0,IL,VND0025,1
TXN0001053,POL001053,CUST01053,2022-04-22,2022-06-07,521,4832,Severe,20,Fire,1,1,IL,VND0025,0
TXN0001054,POL001054,CUST01054,2023-01-17,2024-03-27,12560,4610,Major,22,Police,0,0,MI,VND0013,1
TXN0001055,POL001055,CUST01055,2021-10-08,2022-09-10,6773,722,Moderate,19,Fire,1,1,NY,VND0037,0
TXN0001056,POL001056,CUST01056,2019-08-01,2023-11-24,4833,4561,Severe,21,Fire,0,0,NY,VND0027,0
TXN0001057,POL001057,CUST01057,2019-09-06,2020-08-11,5911,4763,Major,6,Police,1,1,NY,VND0001,0
TXN0001058,POL001058,CUST01058,2022-04-30,2020-03-27,1793,4230,Major,10,Ambulance,1,1,GA,VND0020,0
TXN0001059,POL001059,CUST01059,2023-09-28,2022-07-30,6958,1647,Major,5,Fire,0,1,GA,VND0021,0
TXN0001060,POL001060,CUST01060,2022-04-13,2019-11-19,3945,3340,Moderate,8,Police,1,1,IL,VND0045,0
TXN0001061,POL001061,CUST01061,2019-07-22,2019-08-26,4786,2922,Moderate,17,Police,1,0,FL,VND0022,0
TXN0001062,POL001062,CUST01062,2023-04-26,2020-03-14,5440,3290,Minor,16,None,0,0,GA,VND0029,0
TXN0001063,POL001063,CUST01063,2021-07-10,2020-07-12,4549,3273,Moderate,0,Police,0,0,FL,VND0005,0
TXN0001064,POL001064,CUST01064,2019-05-30,2019-07-27,2356,3376,Moderate,18,None,0,0,MI,VND0020,0
TXN0001065,POL001065,CUST01065,2021-01-08,2023-01-17,4357,2813,Moderate,4,Police,0,1,GA,VND0015,0
TXN0001066,POL001066,CUST01066,2020-02-12,2022-03-30,4647,3607,Severe,4,Police,0,1,IL,VND0025,0
TXN0001067,POL001067,CUST01067,2024-06-02,2020-02-21,6029,2869,Minor,13,Ambulance,0,1,FL,VND0045,0
TXN0001068,POL001068,CUST01068,2023-12-31,2020-08-04,3474,574,Major,5,None,0,1,NC,VND0047,0
TXN0001069,POL001069,CUST01069,2019-08-01,2024-02-25,34364,658,Minor,23,Police,0,0,GA,VND0015,1
TXN0001070,POL001070,CUST01070,2022-02-22,2024-01-22,3621,4811,Minor,3,Fire,0,0,MI,VND0031,0
TXN0001071,POL001071,CUST01071,2019-01-15,2019-09-19,978,4591,Minor,3,None,0,0,NC,VND0048,0
TXN0001072,POL001072,CUST01072,2021-07-07,2022-05-30,812,3135,Moderate,18,Police,1,0,NC,VND0012,0
TXN0001073,POL001073,CUST01073,2019-11-09,2020-10-24,338,1285,Moderate,6,Police,0,1,CA,VND0022,0
TXN0001074,POL001074,CUST01074,2023-02-09,2021-01-06,4730,4016,Moderate,17,Fire,0,1,CA,VND0026,0
TXN0001075,POL001075,CUST01075,2019-05-25,2022-05-03,3048,1144,Major,16,None,0,1,GA,VND0001,0
TXN0001076,POL001076,CUST01076,2023-12-17,2024-06-14,6086,2197,Moderate,4,None,1,1,CA,VND0024,0
TXN0001077,POL001077,CUST01077,2020-04-08,2022-03-30,4975,1984,Minor,13,Ambulance,0,1,MI,VND0007,0
TXN0001078,POL001078,CUST01078,2020-06-11,2024-04-12,1161,555,Moderate,12,Ambulance,0,1,MI,VND0016,0
TXN0001079,POL001079,CUST01079,2023-11-13,2023-07-20,880,4131,Minor,2,Police,0,1,OH,VND0006,0
TXN0001080,POL001080,CUST01080,2023-12-15,2023-04-27,2689,2793,Minor,18,Police,0,1,NC,VND0037,0
TXN0001081,POL001081,CUST01081,2019-07-12,2023-05-20,6462,1923,Minor,20,None,1,1,IL,VND0042,0
TXN0001082,POL001082,CUST01082,2019-08-07,2023-05-23,530,2782,Major,22,Ambulance,0,0,WA,VND0014,0
TXN0001083,POL001083,CUST01083,2023-09-09,2020-06-10,1474,500,Major,2,Police,0,1,CA,VND0003,0
TXN0001084,POL001084,CUST01084,2024-05-16,2024-05-30,401,2466,Major,4,Ambulance,0,0,FL,VND0025,0
TXN0001085,POL001085,CUST01085,2021-09-07,2024-02-01,3012,2838,Major,19,Ambulance,1,0,GA,VND0006,0
TXN0001086,POL001086,CUST01086,2019-11-27,2022-05-04,6929,2028,Moderate,7,Ambulance,0,1,NC,VND0023,0
TXN0001087,POL001087,CUST01087,2019-11-03,2022-12-13,4849,4236,Moderate,15,None,1,0,FL,VND0028,0
TXN0001088,POL001088,CUST01088,2020-06-18,2023-11-17,3555,1624,Minor,8,Ambulance,0,0,MI,VND0024,0
TXN0001089,POL001089,CUST01089,2022-10-07,2019-11-17,1181,1120,Moderate,5,Police,0,0,IL,VND0027,0
TXN0001090,POL001090,CUST01090,2019-07-13,2019-05-25,2617,2873,Minor,14,None,0,1,MI,VND0029,0
TXN0001091,POL001091,CUST01091,2022-07-11,2024-07-06,3766,4492,Minor,4,Police,1,1,FL,VND0009,0
TXN0001092,POL001092,CUST01092,2023-06-01,2022-01-31,2069,2188,Severe,3,Ambulance,1,1,GA,VND0035,0
TXN0001093,POL001093,CUST01093,2019-10-16,2023-01-03,4994,709,Minor,12,None,0,1,FL,VND0034,0
TXN0001094,POL001094,CUST01094,2024-05-29,2021-10-20,6864,4864,Minor,4,Police,0,0,TX,VND0008,0
TXN0001095,POL001095,CUST01095,2024-06-04,2021-11-18,1600,2499,Severe,4,None,0,1,NC,VND0022,0
TXN0001096,POL001096,CUST01096,2020-08-19,2019-03-31,1915,1278,Moderate,18,None,0,1,GA,VND0015,0
TXN0001097,POL001097,CUST01097,2019-08-14,2020-08-18,1058,3270,Moderate,12,Ambulance,1,0,FL,VND0020,0
TXN0001098,POL001098,CUST01098,2020-10-15,2019-07-08,5134,1938,Minor,13,Fire,0,1,GA,VND0039,0
TXN0001099,POL001099,CUST01099,2020-06-02,2021-06-01,3339,4720,Moderate,3,Police,0,1,WA,VND0030,0
TXN0001100,POL001100,CUST01100,2020-07-13,2019-02-27,2129,1822,Severe,3,Ambulance,0,0,NY,VND0046,0
TXN0001101,POL001101,CUST01101,2024-01-31,2023-06-14,27299,2975,Major,9,Police,0,1,OH,VND0029,1
TXN0001102,POL001102,CUST01102,2019-11-07,2020-08-27,679,2944,Moderate,9,Ambulance,1,0,FL,VND0003,0
TXN0001103,POL001103,CUST01103,2020-09-28,2023-02-11,3437,1590,Moderate,10,Police,0,1,OH,VND0036,0
TXN0001104,POL001104,CUST01104,2023-04-30,2019-05-02,4846,2746,Moderate,3,Fire,1,1,MI,VND0004,0
TXN0001105,POL001105,CUST01105,2019-04-26,2019-03-22,19823,990,Moderate,21,Ambulance,0,0,GA,VND0018,1
TXN0001106,POL001106,CUST01106,2019-05-02,2021-05-13,211,3396,Minor,8,Police,0,1,TX,VND0047,0
TXN0001107,POL001107,CUST01107,2020-08-28,2023-05-16,14204,3912,Minor,19,None,0,1,NC,VND0050,1
TXN0001108,POL001108,CUST01108,2024-04-26,2023-07-04,4795,4775,Major,9,Ambulance,0,0,IL,VND0008,0
TXN0001109,POL001109,CUST01109,2023-08-12,2022-01-12,2545,1966,Major,11,Police,0,1,CA,VND0050,0
TXN0001110,POL001110,CUST01110,2024-02-05,2022-05-31,1902,1783,Severe,2,None,0,1,GA,VND0049,0
TXN0001111,POL001111,CUST01111,2023-10-01,2022-10-29,1249,2969,Major,16,Ambulance,1,1,FL,VND0044,0
TXN0001112,POL001112,CUST01112,2019-08-26,2022-09-28,5273,3617,Moderate,1,None,0,1,WA,VND0042,0
TXN0001113,POL001113,CUST01113,2021-03-15,2023-02-11,6058,4966,Major,17,Ambulance,0,0,WA,VND0004,0
TXN0001114,POL001114,CUST01114,2021-11-28,2019-03-19,5434,612,Severe,21,Ambulance,0,0,GA,VND0007,0
TXN0001115,POL001115,CUST01115,2019-12-01,2021-05-25,3723,1572,Minor,8,Fire,0,1,GA,VND0031,0
TXN0001116,POL001116,CUST01116,2024-06-15,2023-08-27,46885,1680,Moderate,21,Police,0,0,NY,VND0006,1
TXN0001117,POL001117,CUST01117,2022-04-25,2021-06-16,29482,1649,Minor,16,Police,0,1,CA,VND0013,1
TXN0001118,POL001118,CUST01118,2023-09-08,2019-11-04,366,2586,Severe,0,Fire,0,1,CA,VND0049,0
TXN0001119,POL001119,CUST01119,2020-06-03,2022-09-11,2699,4428,Severe,4,Fire,0,1,IL,VND0046,0
TXN0001120,POL001120,CUST01120,2022-12-06,2020-09-13,4985,639,Major,15,None,0,1,NY,VND0013,0
TXN0001121,POL001121,CUST01121,2019-08-01,2021-11-06,4601,4171,Minor,16,Ambulance,1,1,WA,VND0027,0
TXN0001122,POL001122,CUST01122,2019-02-15,2021-11-17,37864,3279,Severe,2,Fire,0,1,FL,VND0027,1
TXN0001123,POL001123,CUST01123,2022-07-09,2022-11-13,6982,3268,Minor,16,Ambulance,1,1,FL,VND0014,0
TXN0001124,POL001124,CUST01124,2019-05-18,2024-02-25,1849,3552,Minor,19,Ambulance,0,0,MI,VND0012,0
TXN0001125,POL001125,CUST01125,2020-07-08,2022-11-07,265,1019,Moderate,2,None,1,1,MI,VND0022,0
TXN0001126,POL001126,CUST01126,2023-05-13,2024-07-11,2064,3860,Major,21,Fire,1,0,NY,VND0031,0
TXN0001127,POL001127,CUST01127,2021-09-25,2019-02-22,6157,1616,Major,12,Police,0,0,CA,VND0041,0
TXN0001128,POL001128,CUST01128,2021-01-25,2023-05-05,5731,2824,Moderate,14,Police,0,0,CA,VND0043,0
TXN0001129,POL001129,CUST01129,2020-08-06,2021-05-01,871,3545,Moderate,1,Police,0,1,OH,VND0002,0
TXN0001130,POL001130,CUST01130,2022-09-03,2023-01-18,1290,3217,Moderate,14,Ambulance,0,1,MI,VND0033,0
TXN0001131,POL001131,CUST01131,2024-03-30,2019-07-05,4031,1954,Minor,10,None,0,1,NY,VND0031,0
TXN0001132,POL001132,CUST01132,2023-01-23,2021-12-09,4691,2282,Major,8,Ambulance,0,0,CA,VND0003,0
TXN0001133,POL001133,CUST01133,2020-12-21,2019-03-16,41001,2644,Moderate,18,None,1,0,NY,VND0042,1
TXN0001134,POL001134,CUST01134,2021-04-27,2022-09-12,5334,685,Minor,5,Ambulance,0,0,CA,VND0030,0
TXN0001135,POL001135,CUST01135,2019-07-26,2020-03-24,1640,3767,Moderate,1,None,1,0,IL,VND0036,0
TXN0001136,POL001136,CUST01136,2019-10-15,2019-11-01,452,949,Major,11,Fire,0,0,IL,VND0034,0
TXN0001137,POL001137,CUST01137,2020-06-22,2019-06-22,4508,2563,Major,17,Fire,0,1,NC,VND0017,0
TXN0001138,POL001138,CUST01138,2021-02-15,2020-07-08,3965,3447,Minor,3,None,0,0,CA,VND0011,0
TXN0001139,POL001139,CUST01139,2024-06-10,2024-04-25,17427,861,Minor,23,Ambulance,0,1,IL,VND0019,1
TXN0001140,POL001140,CUST01140,2023-10-15,2024-06-14,4115,4979,Severe,16,Fire,0,0,TX,VND0039,0
TXN0001141,POL001141,CUST01141,2019-08-15,2019-06-25,3608,2197,Moderate,22,None,0,1,IL,VND0032,0
TXN0001142,POL001142,CUST01142,2020-10-26,2024-06-04,2263,571,Moderate,11,None,0,1,WA,VND0032,0
TXN0001143,POL001143,CUST01143,2019-04-24,2022-04-08,786,3463,Minor,2,Fire,0,1,NC,VND0007,0
TXN0001144,POL001144,CUST01144,2019-05-06,2020-10-24,6159,3009,Severe,4,Ambulance,1,0,MI,VND0001,0
TXN0001145,POL001145,CUST01145,2021-01-22,2024-03-21,5817,3381,Major,12,Fire,0,1,CA,VND0034,0
TXN0001146,POL001146,CUST01146,2024-04-08,2020-05-13,1306,3879,Minor,14,Fire,1,0,NC,VND0048,0
TXN0001147,POL001147,CUST01147,2020-01-07,2020-01-14,4986,2640,Minor,17,None,0,1,MI,VND0018,0
TXN0001148,POL001148,CUST01148,2022-09-28,2020-04-19,2676,4220,Minor,19,Ambulance,0,0,GA,VND0023,0
TXN0001149,POL001149,CUST01149,2021-02-27,2019-11-03,3171,2165,Minor,18,Police,0,1,NC,VND0048,0
TXN0001150,POL001150,CUST01150,2021-12-21,2021-09-14,5970,2953,Minor,14,Ambulance,1,1,CA,VND0012,0
TXN0001151,POL001151,CUST01151,2023-10-11,2019-10-24,33121,1213,Minor,0,Ambulance,0,1,NC,VND0027,1
TXN0001152,POL001152,CUST01152,2023-07-23,2020-04-08,1496,3289,Minor,12,Ambulance,0,1,MI,VND0005,0
TXN0001153,POL001153,CUST01153,2023-07-21,2021-01-29,13897,1677,Moderate,19,Fire,1,0,FL,VND0014,1
TXN0001154,POL001154,CUST01154,2021-04-05,2022-08-09,5785,3635,Moderate,20,Ambulance,1,1,IL,VND0019,0
TXN0001155,POL001155,CUST01155,2019-04-08,2023-10-03,6435,4104,Moderate,20,None,1,0,IL,VND0035,0
TXN0001156,POL001156,CUST01156,2024-05-31,2019-06-14,18780,4365,Major,0,Police,1,0,CA,VND0016,1
TXN0001157,POL001157,CUST01157,2024-06-17,2022-07-04,38594,4680,Minor,10,Ambulance,0,0,TX,VND0024,1
TXN0001158,POL001158,CUST01158,2023-09-18,2019-08-11,39301,1050,Major,14,None,1,0,NY,VND0015,1
TXN0001159,POL001159,CUST01159,2021-08-15,2024-06-26,4214,1120,Severe,5,Fire,0,0,TX,VND0008,0
TXN0001160,POL001160,CUST01160,2020-07-17,2020-07-24,712,4667,Severe,9,Fire,1,1,OH,VND0040,0
TXN0001161,POL001161,CUST01161,2019-12-17,2023-10-01,9907,2213,Minor,2,Police,0,0,CA,VND0034,1
TXN0001162,POL001162,CUST01162,2021-01-14,2023-04-25,4809,617,Minor,4,Police,0,1,CA,VND0033,0
TXN0001163,POL001163,CUST01163,2020-11-02,2020-10-27,4706,1791,Moderate,0,Fire,0,0,GA,VND0030,0
TXN0001164,POL001164,CUST01164,2020-07-07,2020-10-25,5576,4262,Minor,23,None,1,1,FL,VND0007,0
TXN0001165,POL001165,CUST01165,2024-03-22,2020-10-12,34309,2097,Minor,20,Police,0,0,NY,VND0026,1
TXN0001166,POL001166,CUST01166,2022-08-16,2021-08-17,5979,845,Minor,9,Police,1,0,NY,VND0036,0
TXN0001167,POL001167,CUST01167,2020-03-23,2021-06-20,5264,3749,Moderate,0,None,0,1,IL,VND0025,0
TXN0001168,POL001168,CUST01168,2022-07-07,2022-08-25,6872,1375,Major,8,None,0,1,IL,VND0037,0
TXN0001169,POL001169,CUST01169,2022-11-16,2021-08-04,4786,2087,Minor,10,Police,0,1,TX,VND0017,0
TXN0001170,POL001170,CUST01170,2021-11-14,2023-05-17,46435,517,Severe,4,Fire,0,0,CA,VND0026,1
TXN0001171,POL001171,CUST01171,2024-03-15,2021-08-08,3885,3208,Major,15,Fire,0,1,IL,VND0020,0
TXN0001172,POL001172,CUST01172,2024-04-22,2020-09-22,5429,2503,Minor,23,Fire,1,1,OH,VND0050,0
TXN0001173,POL001173,CUST01173,2021-05-17,2020-11-01,685,4401,Moderate,20,Police,0,1,NC,VND0009,0
TXN0001174,POL001174,CUST01174,2021-08-05,2023-01-21,3639,2004,Minor,20,Police,0,0,TX,VND0015,0
TXN0001175,POL001175,CUST01175,2020-03-11,2019-10-24,3092,1420,Severe,19,Ambulance,0,0,CA,VND0035,0
TXN0001176,POL001176,CUST01176,2023-04-22,2020-08-11,6406,1246,Major,1,Police,1,0,OH,VND0003,0
TXN0001177,POL001177,CUST01177,2024-02-12,2020-10-01,693,1400,Major,13,Ambulance,0,1,WA,VND0026,0
TXN0001178,POL001178,CUST01178,2022-08-13,2022-08-01,4577,2529,Major,13,Police,1,0,FL,VND0002,0
TXN0001179,POL001179,CUST01179,2020-02-08,2019-10-01,1453,892,Minor,2,Police,0,0,CA,VND0027,0
TXN0001180,POL001180,CUST01180,2021-11-05,2021-07-08,6208,2310,Severe,3,Police,1,1,IL,VND0017,0
TXN0001181,POL001181,CUST01181,2023-05-14,2022-09-30,5992,4346,Severe,13,Fire,0,1,OH,VND0010,0
TXN0001182,POL001182,CUST01182,2019-03-26,2024-02-18,41763,3954,Major,17,Fire,1,1,GA,VND0025,1
TXN0001183,POL001183,CUST01183,2022-03-30,2021-06-11,10545,3367,Moderate,5,Fire,1,1,TX,VND0017,1
TXN0001184,POL001184,CUST01184,2022-08-12,2024-06-09,3577,4519,Minor,11,Fire,1,0,GA,VND0004,0
TXN0001185,POL001185,CUST01185,2021-12-13,2022-05-19,6803,4010,Minor,1,None,0,1,NY,VND0027,0
TXN0001186,POL001186,CUST01186,2022-07-13,2023-04-18,5162,3436,Minor,2,Fire,1,0,CA,VND0029,0
TXN0001187,POL001187,CUST01187,2023-12-04,2020-05-16,434,4383,Moderate,13,None,0,0,WA,VND0034,0
TXN0001188,POL001188,CUST01188,2019-09-08,2024-01-27,1578,1059,Major,13,Police,0,1,OH,VND0046,0
TXN0001189,POL001189,CUST01189,2022-02-19,2020-06-18,18995,4182,Severe,18,Fire,0,0,NY,VND0036,1
TXN0001190,POL001190,CUST01190,2023-05-17,2019-10-16,1637,1829,Minor,21,Police,0,1,MI,VND0040,0
TXN0001191,POL001191,CUST01191,2023-07-08,2019-06-22,1100,3798,Minor,4,Fire,0,1,NC,VND0033,0
TXN0001192,POL001192,CUST01192,2021-07-26,2022-08-21,6850,4609,Minor,8,Police,0,0,FL,VND0034,0
TXN0001193,POL001193,CUST01193,2024-06-24,2022-06-29,6109,2732,Severe,20,Police,0,0,WA,VND0040,0
TXN0001194,POL001194,CUST01194,2020-10-12,2020-02-17,3155,899,Major,1,Police,0,0,OH,VND0034,0
TXN0001195,POL001195,CUST01195,2021-06-03,2023-11-14,1662,2166,Moderate,19,Police,0,0,FL,VND0026,0
TXN0001196,POL001196,CUST01196,2023-07-12,2020-07-24,1436,2330,Moderate,22,Fire,1,1,IL,VND0037,0
TXN0001197,POL001197,CUST01197,2021-05-31,2022-05-23,6427,4715,Moderate,2,Ambulance,0,1,TX,VND0049,0
TXN0001198,POL001198,CUST01198,2020-11-20,2021-11-29,2453,4741,Minor,3,Police,0,0,MI,VND0025,0
TXN0001199,POL001199,CUST01199,2022-01-20,2022-04-18,285,3058,Minor,16,Ambulance,0,0,FL,VND0012,0
TXN0001200,POL001200,CUST01200,2022-06-02,2023-02-12,2902,4777,Minor,11,Fire,1,1,IL,VND0021,0
TXN0001201,POL001201,CUST01201,2024-04-30,2024-02-20,3289,2463,Minor,23,Fire,0,1,CA,VND0001,0
TXN0001202,POL001202,CUST01202,2022-05-25,2023-01-02,4436,2350,Moderate,13,None,0,1,WA,VND0016,0
TXN0001203,POL001203,CUST01203,2020-01-07,2024-01-10,2503,4264,Moderate,15,Fire,1,0,NY,VND0045,0
TXN0001204,POL001204,CUST01204,2019-04-16,2023-10-26,6476,3503,Major,5,Fire,1,1,GA,VND0005,0
TXN0001205,POL001205,CUST01205,2024-04-25,2021-01-04,8176,2850,Moderate,7,Police,0,0,NY,VND0045,1
TXN0001206,POL001206,CUST01206,2021-04-28,2022-02-11,29050,2555,Moderate,4,Police,1,1,OH,VND0029,1
TXN0001207,POL001207,CUST01207,2020-02-09,2020-02-16,2695,3675,Severe,3,None,1,0,OH,VND0016,0
TXN0001208,POL001208,CUST01208,2020-03-23,2024-02-18,4631,3890,Moderate,2,Ambulance,0,1,FL,VND0024,0
TXN0001209,POL001209,CUST01209,2019-08-01,2024-05-09,2684,2707,Moderate,21,Fire,0,0,IL,VND0044,0
TXN0001210,POL001210,CUST01210,2020-02-05,2023-12-02,4959,642,Minor,1,Fire,0,1,OH,VND0006,0
TXN0001211,POL001211,CUST01211,2023-04-15,2023-02-14,5270,958,Major,12,Ambulance,1,0,FL,VND0029,0
TXN0001212,POL001212,CUST01212,2022-08-07,2023-09-15,2388,1148,Moderate,12,Police,0,1,TX,VND0014,0
TXN0001213,POL001213,CUST01213,2022-04-18,2023-05-28,6576,2579,Minor,1,None,0,0,TX,VND0028,0
TXN0001214,POL001214,CUST01214,2019-01-23,2020-04-19,6028,3263,Minor,20,None,1,1,IL,VND0040,0
TXN0001215,POL001215,CUST01215,2022-09-11,2020-06-27,6282,4116,Major,12,Ambulance,1,0,FL,VND0047,0
TXN0001216,POL001216,CUST01216,2024-04-28,2021-12-17,1681,1546,Major,3,Ambulance,0,1,FL,VND0013,0
TXN0001217,POL001217,CUST01217,2024-01-27,2021-05-08,5081,4039,Major,3,Police,1,1,GA,VND0034,0
TXN0001218,POL001218,CUST01218,2021-03-04,2023-02-01,923,3497,Moderate,16,None,1,0,GA,VND0022,0
TXN0001219,POL001219,CUST01219,2022-04-19,2023-02-01,917,732,Moderate,14,Ambulance,1,0,WA,VND0026,0
TXN0001220,POL001220,CUST01220,2020-08-22,2024-05-28,17482,2080,Moderate,9,None,1,0,NC,VND0009,1
TXN0001221,POL001221,CUST01221,2023-11-19,2023-05-17,22989,1861,Minor,9,None,0,0,IL,VND0043,1
TXN0001222,POL001222,CUST01222,2024-01-21,2019-02-07,6076,4489,Moderate,0,Ambulance,1,1,WA,VND0009,0
TXN0001223,POL001223,CUST01223,2020-03-23,2020-11-28,3129,4645,Moderate,0,Fire,0,0,WA,VND0002,0
TXN0001224,POL001224,CUST01224,2021-09-03,2020-11-01,2264,4186,Major,12,Ambulance,1,0,FL,VND0038,0
TXN0001225,POL001225,CUST01225,2020-04-19,2022-07-10,699,2876,Moderate,8,Ambulance,1,0,TX,VND0021,0
TXN0001226,POL001226,CUST01226,2022-05-17,2020-12-02,4791,2717,Moderate,6,Fire,1,0,MI,VND0004,0
TXN0001227,POL001227,CUST01227,2020-08-10,2024-06-01,5105,1901,Severe,9,Ambulance,1,0,MI,VND0035,0
TXN0001228,POL001228,CUST01228,2022-10-28,2020-08-16,3375,3978,Major,14,None,1,1,MI,VND0015,0
TXN0001229,POL001229,CUST01229,2024-05-23,2021-06-11,5707,888,Minor,7,Police,0,0,IL,VND0049,0
TXN0001230,POL001230,CUST01230,2023-10-15,2023-07-14,33307,1720,Severe,8,Ambulance,0,1,MI,VND0050,1
TXN0001231,POL001231,CUST01231,2020-01-01,2021-01-21,3951,1108,Minor,6,None,0,1,NC,VND0028,0
TXN0001232,POL001232,CUST01232,2019-09-18,2019-04-15,2150,2724,Major,15,Fire,1,0,NC,VND0024,0
TXN0001233,POL001233,CUST01233,2023-06-24,2020-11-12,4159,1848,Minor,1,Fire,0,1,GA,VND0023,0
TXN0001234,POL001234,CUST01234,2019-06-13,2021-01-05,1124,1388,Moderate,22,Police,0,1,FL,VND0031,0
TXN0001235,POL001235,CUST01235,2021-03-14,2022-05-28,3437,2193,Severe,13,Fire,0,1,NC,VND0046,0
TXN0001236,POL001236,CUST01236,2024-06-17,2022-12-14,14709,4373,Minor,5,Ambulance,0,0,MI,VND0033,1
TXN0001237,POL001237,CUST01237,2021-06-18,2022-01-20,3984,3011,Major,18,None,0,1,MI,VND0005,0
TXN0001238,POL001238,CUST01238,2019-01-18,2021-04-10,3236,4203,Moderate,22,Ambulance,1,0,OH,VND0010,0
TXN0001239,POL001239,CUST01239,2024-05-11,2021-10-20,4576,4612,Minor,1,Fire,1,1,CA,VND0032,0
TXN0001240,POL001240,CUST01240,2022-11-22,2019-10-31,48499,4559,Severe,4,None,0,0,NC,VND0019,1
TXN0001241,POL001241,CUST01241,2020-10-25,2020-01-13,2126,2079,Moderate,3,Police,1,0,FL,VND0024,0
TXN0001242,POL001242,CUST01242,2022-05-11,2022-05-25,1664,4448,Major,1,Police,0,1,FL,VND0021,0
TXN0001243,POL001243,CUST01243,2022-05-13,2023-10-18,4604,4592,Major,17,Ambulance,0,0,CA,VND0030,0
TXN0001244,POL001244,CUST01244,2022-01-13,2021-11-29,19655,4818,Minor,4,None,0,0,TX,VND0012,1
TXN0001245,POL001245,CUST01245,2024-04-12,2019-05-16,5321,2079,Minor,9,Police,1,1,IL,VND0004,0
TXN0001246,POL001246,CUST01246,2023-04-27,2024-06-08,4542,1527,Moderate,19,Police,0,0,FL,VND0012,0
TXN0001247,POL001247,CUST01247,2020-06-03,2020-10-26,6466,3129,Moderate,14,Ambulance,0,0,NY,VND0034,0
TXN0001248,POL001248,CUST01248,2024-06-14,2023-02-26,6317,4693,Minor,16,Ambulance,0,0,OH,VND0031,0
TXN0001249,POL001249,CUST01249,2024-04-15,2023-12-22,3644,4552,Moderate,2,Ambulance,0,1,OH,VND0041,0
TXN0001250,POL001250,CUST01250,2019-04-05,2024-06-17,943,3070,Major,23,Fire,0,1,IL,VND0006,0
TXN0001251,POL001251,CUST01251,2020-08-19,2019-09-05,22333,1171,Minor,1,Police,0,1,IL,VND0008,1
TXN0001252,POL001252,CUST01252,2022-05-18,2020-01-24,31547,2401,Major,17,Fire,1,1,MI,VND0007,1
TXN0001253,POL001253,CUST01253,2023-10-29,2022-08-02,40576,3713,Moderate,15,Fire,0,1,FL,VND0029,1
TXN0001254,POL001254,CUST01254,2022-12-09,2023-03-24,5976,3021,Minor,9,Fire,0,1,CA,VND0029,0
TXN0001255,POL001255,CUST01255,2022-02-26,2023-08-18,16708,2054,Minor,20,None,0,1,MI,VND0008,1
TXN0001256,POL001256,CUST01256,2020-09-06,2022-01-26,2450,2041,Minor,21,Police,0,1,CA,VND0023,0
TXN0001257,POL001257,CUST01257,2019-07-14,2019-11-29,3442,768,Moderate,1,Fire,1,1,NC,VND0003,0
TXN0001258,POL001258,CUST01258,2023-11-27,2022-12-15,1526,1798,Minor,22,Police,0,0,NY,VND0031,0
TXN0001259,POL001259,CUST01259,2021-12-04,2022-09-18,1412,3512,Major,5,Ambulance,0,0,MI,VND0029,0
TXN0001260,POL001260,CUST01260,2021-07-06,2021-08-10,2002,1585,Major,18,None,1,0,TX,VND0002,0
TXN0001261,POL001261,CUST01261,2024-05-20,2022-07-18,16517,4970,Minor,19,None,1,1,TX,VND0005,1
TXN0001262,POL001262,CUST01262,2019-11-27,2020-03-16,2055,870,Major,13,Police,0,1,IL,VND0036,0
TXN0001263,POL001263,CUST01263,2020-05-24,2023-07-01,1231,3149,Severe,20,Fire,0,1,IL,VND0045,0
TXN0001264,POL001264,CUST01264,2023-09-11,2019-04-16,3240,2734,Minor,19,Ambulance,1,1,NC,VND0043,0
TXN0001265,POL001265,CUST01265,2020-07-24,2023-08-26,4440,4249,Severe,12,Police,0,1,GA,VND0029,0
TXN0001266,POL001266,CUST01266,2024-03-07,2023-08-25,2416,4494,Minor,4,Ambulance,1,1,WA,VND0027,0
TXN0001267,POL001267,CUST01267,2023-09-18,2022-10-26,3828,2945,Major,10,Police,0,1,GA,VND0041,0
TXN0001268,POL001268,CUST01268,2019-07-19,2023-07-09,2044,3335,Minor,21,Police,1,0,FL,VND0043,0
TXN0001269,POL001269,CUST01269,2021-07-07,2024-01-22,4986,3645,Major,4,Police,0,1,CA,VND0046,0
TXN0001270,POL001270,CUST01270,2023-02-17,2019-12-07,4609,2844,Major,23,None,0,0,FL,VND0020,0
TXN0001271,POL001271,CUST01271,2021-09-09,2022-01-12,6728,1331,Severe,4,Ambulance,1,0,WA,VND0024,0
TXN0001272,POL001272,CUST01272,2020-03-07,2022-08-02,560,2428,Severe,15,None,1,0,NC,VND0004,0
TXN0001273,POL001273,CUST01273,2019-04-01,2024-03-21,6001,1586,Minor,15,Ambulance,0,0,NC,VND0009,0
TXN0001274,POL001274,CUST01274,2019-01-14,2023-02-04,2514,2589,Major,4,None,0,0,FL,VND0019,0
TXN0001275,POL001275,CUST01275,2019-12-24,2022-04-22,11075,3268,Minor,11,Fire,1,0,IL,VND0041,1
TXN0001276,POL001276,CUST01276,2020-06-07,2022-02-07,4890,1441,Minor,3,None,0,1,NC,VND0023,0
TXN0001277,POL001277,CUST01277,2020-08-28,2019-10-30,1367,1622,Minor,8,Police,0,0,WA,VND0030,0
TXN0001278,POL001278,CUST01278,2023-09-12,2020-10-12,41790,4203,Severe,23,Ambulance,0,1,OH,VND0044,1
TXN0001279,POL001279,CUST01279,2021-10-17,2021-06-02,6861,2199,Major,1,None,0,0,CA,VND0024,0
TXN0001280,POL001280,CUST01280,2019-10-11,2023-11-18,1702,1392,Minor,20,None,1,1,MI,VND0017,0
TXN0001281,POL001281,CUST01281,2019-06-17,2023-10-11,3920,3709,Severe,16,Fire,0,1,WA,VND0037,0
TXN0001282,POL001282,CUST01282,2019-09-20,2022-07-28,1564,3724,Major,17,Police,0,1,CA,VND0016,0
TXN0001283,POL001283,CUST01283,2020-09-21,2019-08-15,1043,4217,Moderate,6,Ambulance,0,1,NY,VND0020,0
TXN0001284,POL001284,CUST01284,2023-01-23,2022-12-31,206,3919,Moderate,22,Police,0,1,WA,VND0045,0
TXN0001285,POL001285,CUST01285,2019-04-10,2021-07-24,309,4963,Major,6,None,0,0,WA,VND0022,0
TXN0001286,POL001286,CUST01286,2021-03-26,2022-08-16,3421,3086,Major,12,Ambulance,0,0,WA,VND0013,0
TXN0001287,POL001287,CUST01287,2021-06-17,2021-06-02,3151,1790,Moderate,0,Ambulance,1,1,WA,VND0042,0
TXN0001288,POL001288,CUST01288,2019-10-26,2023-01-02,464,4383,Moderate,21,Fire,1,0,CA,VND0033,0
TXN0001289,POL001289,CUST01289,2019-04-28,2020-03-26,2577,1691,Minor,16,Police,1,0,TX,VND0039,0
TXN0001290,POL001290,CUST01290,2020-04-06,2019-11-02,2055,1809,Moderate,3,Ambulance,0,1,IL,VND0017,0
TXN0001291,POL001291,CUST01291,2019-11-01,2020-03-31,4084,4228,Moderate,15,Fire,1,0,GA,VND0040,0
TXN0001292,POL001292,CUST01292,2023-05-14,2024-02-10,6964,4467,Minor,4,Fire,0,1,IL,VND0048,0
TXN0001293,POL001293,CUST01293,2024-01-14,2019-06-15,4903,2027,Minor,10,Police,0,0,FL,VND0009,0
TXN0001294,POL001294,CUST01294,2022-06-04,2020-08-10,6445,3782,Moderate,12,Fire,0,0,FL,VND0010,0
TXN0001295,POL001295,CUST01295,2023-03-03,2020-12-02,1507,4650,Moderate,22,None,0,0,GA,VND0029,0
TXN0001296,POL001296,CUST01296,2023-03-08,2023-08-21,1662,4094,Moderate,7,None,0,1,WA,VND0037,0
TXN0001297,POL001297,CUST01297,2023-10-28,2021-01-05,19437,522,Minor,0,Fire,0,1,MI,VND0001,1
TXN0001298,POL001298,CUST01298,2019-07-16,2023-12-13,2308,3490,Severe,10,Police,1,1,TX,VND0028,0
TXN0001299,POL001299,CUST01299,2024-06-24,2024-06-20,5971,1264,Minor,22,Police,1,0,TX,VND0007,0
TXN0001300,POL001300,CUST01300,2021-07-08,2022-08-14,3353,4308,Moderate,19,Police,0,0,FL,VND0049,0
TXN0001301,POL001301,CUST01301,2021-12-25,2020-12-03,1565,801,Minor,1,Police,1,1,NC,VND0037,0
TXN0001302,POL001302,CUST01302,2023-05-19,2022-04-30,5942,4968,Major,1,Ambulance,1,0,CA,VND0050,0
TXN0001303,POL001303,CUST01303,2021-09-18,2022-09-19,3943,1297,Moderate,18,Ambulance,0,0,NC,VND0011,0
TXN0001304,POL001304,CUST01304,2020-06-17,2019-08-21,5657,2390,Moderate,17,None,1,1,OH,VND0040,0
TXN0001305,POL001305,CUST01305,2019-02-08,2023-08-14,3275,1553,Major,13,Fire,1,1,GA,VND0020,0
TXN0001306,POL001306,CUST01306,2019-12-06,2021-06-08,1058,4162,Major,2,None,0,0,MI,VND0006,0
TXN0001307,POL001307,CUST01307,2019-06-19,2023-09-09,4831,2270,Moderate,6,Police,0,0,OH,VND0025,0
TXN0001308,POL001308,CUST01308,2021-02-05,2022-05-27,1046,3850,Moderate,20,Police,0,1,GA,VND0024,0
TXN0001309,POL001309,CUST01309,2023-04-13,2023-10-09,40005,802,Severe,3,None,1,1,IL,VND0026,1
TXN0001310,POL001310,CUST01310,2020-10-31,2019-06-28,3033,2537,Severe,4,None,0,1,GA,VND0043,0
TXN0001311,POL001311,CUST01311,2022-04-13,2019-04-10,5582,4599,Major,10,Ambulance,0,1,NY,VND0014,0
TXN0001312,POL001312,CUST01312,2020-01-08,2019-08-26,6116,4671,Major,17,Ambulance,0,1,CA,VND0032,0
TXN0001313,POL001313,CUST01313,2022-03-30,2023-11-05,2970,1439,Major,19,Ambulance,0,1,CA,VND0010,0
TXN0001314,POL001314,CUST01314,2024-03-29,2024-07-01,14658,2274,Severe,14,None,0,1,NC,VND0044,1
TXN0001315,POL001315,CUST01315,2020-09-24,2024-07-12,45336,2341,Minor,11,Police,1,1,GA,VND0023,1
TXN0001316,POL001316,CUST01316,2021-08-27,2020-11-12,930,3044,Severe,9,Police,0,0,IL,VND0040,0
TXN0001317,POL001317,CUST01317,2024-04-16,2020-06-28,6956,2918,Major,1,Police,1,1,NC,VND0014,0
TXN0001318,POL001318,CUST01318,2022-05-05,2020-12-17,44937,976,Moderate,6,Fire,0,1,IL,VND0016,1
TXN0001319,POL001319,CUST01319,2021-03-12,2023-07-13,3264,3932,Moderate,5,Police,0,0,FL,VND0050,0
TXN0001320,POL001320,CUST01320,2019-09-01,2020-06-03,1258,1515,Moderate,1,Ambulance,0,1,OH,VND0010,0
TXN0001321,POL001321,CUST01321,2024-02-25,2022-01-18,2165,1917,Major,17,Police,0,1,NY,VND0029,0
TXN0001322,POL001322,CUST01322,2022-05-09,2022-08-04,4865,4283,Major,8,Ambulance,1,0,WA,VND0017,0
TXN0001323,POL001323,CUST01323,2019-04-25,2021-01-09,46395,3603,Minor,12,Ambulance,1,1,NC,VND0020,1
TXN0001324,POL001324,CUST01324,2022-01-19,2021-08-21,6431,2284,Moderate,4,Police,0,0,NC,VND0035,0
TXN0001325,POL001325,CUST01325,2024-04-27,2022-09-11,2972,4606,Minor,14,Fire,1,1,GA,VND0040,0
TXN0001326,POL001326,CUST01326,2024-02-14,2023-05-21,3292,2273,Moderate,3,Ambulance,1,1,GA,VND0025,0
TXN0001327,POL001327,CUST01327,2020-01-28,2020-01-30,1310,3044,Moderate,16,Police,0,1,NC,VND0032,0
TXN0001328,POL001328,CUST01328,2021-04-07,2021-11-09,764,1606,Moderate,17,Ambulance,0,1,IL,VND0003,0
TXN0001329,POL001329,CUST01329,2024-06-02,2019-11-20,3177,1324,Minor,7,None,1,1,MI,VND0012,0
TXN0001330,POL001330,CUST01330,2023-04-19,2019-02-14,4138,2712,Minor,5,Fire,1,1,CA,VND0038,0
TXN0001331,POL001331,CUST01331,2022-01-29,2022-08-02,909,3033,Minor,18,Police,0,1,GA,VND0034,0
TXN0001332,POL001332,CUST01332,2020-09-02,2021-09-10,2977,4126,Moderate,5,Ambulance,0,0,OH,VND0003,0
TXN0001333,POL001333,CUST01333,2023-03-12,2020-06-18,4562,2259,Severe,4,None,0,1,CA,VND0045,0
TXN0001334,POL001334,CUST01334,2022-03-07,2019-05-05,5714,4528,Major,8,Fire,0,1,GA,VND0021,0
TXN0001335,POL001335,CUST01335,2021-11-17,2024-03-28,6581,3233,Major,23,None,0,1,CA,VND0016,0
TXN0001336,POL001336,CUST01336,2024-02-04,2023-08-02,2514,815,Moderate,11,None,0,0,NC,VND0024,0
TXN0001337,POL001337,CUST01337,2021-01-27,2024-03-07,2863,3825,Minor,6,Fire,0,0,OH,VND0020,0
TXN0001338,POL001338,CUST01338,2022-06-08,2019-08-31,6149,3086,Major,12,Ambulance,0,0,GA,VND0026,0
TXN0001339,POL001339,CUST01339,2019-03-29,2019-02-12,4914,2252,Moderate,8,Police,0,0,GA,VND0009,0
TXN0001340,POL001340,CUST01340,2022-11-28,2020-03-25,2061,2602,Minor,15,Ambulance,0,0,NY,VND0007,0
TXN0001341,POL001341,CUST01341,2022-01-03,2019-08-04,45091,1858,Moderate,10,None,0,0,GA,VND0050,1
TXN0001342,POL001342,CUST01342,2023-10-25,2021-07-26,1271,3264,Major,14,None,1,1,FL,VND0038,0
TXN0001343,POL001343,CUST01343,2020-10-30,2022-08-03,3253,3051,Moderate,10,Police,1,0,NC,VND0019,0
TXN0001344,POL001344,CUST01344,2024-02-01,2020-02-10,2284,2512,Minor,11,Ambulance,0,1,CA,VND0043,0
TXN0001345,POL001345,CUST01345,2022-03-01,2021-03-21,6949,1783,Moderate,10,Police,1,0,TX,VND0040,0
TXN0001346,POL001346,CUST01346,2020-02-23,2022-01-01,437,2293,Minor,9,Fire,1,1,NC,VND0035,0
TXN0001347,POL001347,CUST01347,2019-11-18,2020-10-13,6026,2740,Moderate,23,None,0,1,CA,VND0037,0
TXN0001348,POL001348,CUST01348,2020-01-29,2021-07-28,2112,2623,Major,6,Ambulance,1,1,WA,VND0048,0
TXN0001349,POL001349,CUST01349,2020-08-29,2022-04-14,446,1891,Severe,19,Fire,0,1,CA,VND0042,0
TXN0001350,POL001350,CUST01350,2022-01-09,2024-04-10,41208,3118,Moderate,17,None,0,1,OH,VND0013,1
TXN0001351,POL001351,CUST01351,2023-10-09,2020-09-28,4810,1519,Minor,12,None,1,0,WA,VND0037,0
TXN0001352,POL001352,CUST01352,2024-06-21,2019-07-11,1167,2754,Moderate,7,Police,0,1,GA,VND0009,0
TXN0001353,POL001353,CUST01353,2022-09-23,2023-10-24,460,1046,Minor,11,Police,0,0,GA,VND0026,0
TXN0001354,POL001354,CUST01354,2021-09-10,2022-03-18,957,2624,Major,20,Ambulance,0,1,GA,VND0004,0
TXN0001355,POL001355,CUST01355,2022-05-15,2021-08-19,2980,4027,Major,4,None,0,1,NC,VND0009,0
TXN0001356,POL001356,CUST01356,2020-10-26,2022-12-31,32003,4180,Moderate,14,Police,0,0,TX,VND0037,1
TXN0001357,POL001357,CUST01357,2020-05-06,2024-06-07,4980,3626,Major,18,Ambulance,0,1,NY,VND0019,0
TXN0001358,POL001358,CUST01358,2021-12-14,2019-09-28,727,3855,Moderate,15,None,1,0,TX,VND0009,0
TXN0001359,POL001359,CUST01359,2023-07-19,2023-10-09,5564,796,Moderate,3,None,0,1,FL,VND0049,0
TXN0001360,POL001360,CUST01360,2019-05-10,2022-07-16,6147,2036,Severe,12,Ambulance,1,1,FL,VND0047,0
TXN0001361,POL001361,CUST01361,2019-08-11,2022-04-04,5074,3444,Minor,4,None,0,1,GA,VND0012,0
TXN0001362,POL001362,CUST01362,2019-12-22,2023-10-16,6619,4102,Moderate,22,None,0,1,WA,VND0030,0
TXN0001363,POL001363,CUST01363,2020-02-26,2020-09-16,6586,3122,Major,8,None,1,0,OH,VND0015,0
TXN0001364,POL001364,CUST01364,2019-10-26,2023-05-15,15182,4341,Moderate,10,Ambulance,0,1,CA,VND0041,1
TXN0001365,POL001365,CUST01365,2019-09-19,2022-03-05,2525,1728,Moderate,20,None,0,1,GA,VND0035,0
TXN0001366,POL001366,CUST01366,2019-02-26,2024-03-06,5368,1190,Minor,10,Police,1,0,OH,VND0022,0
TXN0001367,POL001367,CUST01367,2020-11-30,2021-08-11,2509,888,Moderate,4,Police,0,0,NC,VND0047,0
TXN0001368,POL001368,CUST01368,2022-12-20,2022-12-31,28455,3122,Moderate,21,Ambulance,0,0,NY,VND0037,1
TXN0001369,POL001369,CUST01369,2019-11-12,2021-10-09,5465,3493,Moderate,15,Ambulance,1,1,IL,VND0008,0
TXN0001370,POL001370,CUST01370,2020-10-15,2021-03-16,6978,1783,Minor,14,None,0,1,GA,VND0023,0
TXN0001371,POL001371,CUST01371,2024-05-07,2021-02-06,39966,4026,Moderate,1,Ambulance,0,0,NC,VND0042,1
TXN0001372,POL001372,CUST01372,2019-12-05,2024-02-06,2565,3826,Moderate,10,Police,0,0,FL,VND0027,0
TXN0001373,POL001373,CUST01373,2024-06-04,2023-08-24,365,2120,Major,11,None,0,1,OH,VND0005,0
TXN0001374,POL001374,CUST01374,2021-10-25,2020-04-11,2141,1574,Moderate,6,Police,0,0,WA,VND0039,0
TXN0001375,POL001375,CUST01375,2022-12-24,2023-10-19,2107,3840,Moderate,13,Police,0,0,CA,VND0025,0
TXN0001376,POL001376,CUST01376,2020-10-11,2022-04-01,47996,3521,Major,5,Ambulance,0,1,NY,VND0012,1
TXN0001377,POL001377,CUST01377,2020-10-13,2019-08-12,3064,1268,Minor,11,None,1,0,OH,VND0041,0
TXN0001378,POL001378,CUST01378,2021-02-27,2023-04-01,6024,1648,Moderate,19,Ambulance,1,1,WA,VND0045,0
TXN0001379,POL001379,CUST01379,2019-09-14,2019-12-06,5461,2686,Minor,17,Police,0,0,WA,VND0030,0
TXN0001380,POL001380,CUST01380,2020-09-25,2023-11-01,5154,2800,Moderate,6,Police,0,1,OH,VND0036,0
TXN0001381,POL001381,CUST01381,2023-11-30,2021-07-15,235,1246,Severe,4,None,0,0,OH,VND0013,0
TXN0001382,POL001382,CUST01382,2019-01-08,2024-01-29,9634,4768,Moderate,0,Fire,1,0,IL,VND0038,1
TXN0001383,POL001383,CUST01383,2022-02-22,2021-09-11,5161,2248,Major,8,Ambulance,0,1,IL,VND0046,0
TXN0001384,POL001384,CUST01384,2022-10-13,2019-07-04,1863,2215,Minor,0,Fire,1,1,NC,VND0012,0
TXN0001385,POL001385,CUST01385,2019-10-11,2023-04-03,3088,772,Moderate,3,Police,0,1,OH,VND0048,0
TXN0001386,POL001386,CUST01386,2019-08-11,2023-01-11,11874,4440,Moderate,23,Ambulance,1,0,OH,VND0005,1
TXN0001387,POL001387,CUST01387,2022-01-13,2020-09-13,5602,1558,Minor,20,Ambulance,1,1,MI,VND0023,0
TXN0001388,POL001388,CUST01388,2020-03-15,2020-02-28,6010,4941,Moderate,13,Fire,0,1,TX,VND0004,0
TXN0001389,POL001389,CUST01389,2024-05-16,2023-10-15,3122,2732,Major,18,Ambulance,0,0,WA,VND0023,0
TXN0001390,POL001390,CUST01390,2020-01-17,2023-04-28,39581,4436,Moderate,11,Fire,0,1,NC,VND0033,1
TXN0001391,POL001391,CUST01391,2019-09-20,2020-09-04,2802,1306,Major,14,Ambulance,0,0,OH,VND0044,0
TXN0001392,POL001392,CUST01392,2020-10-27,2022-11-21,4746,1246,Severe,22,None,1,1,OH,VND0008,0
TXN0001393,POL001393,CUST01393,2020-10-28,2020-05-12,19904,4105,Moderate,1,Ambulance,0,1,OH,VND0045,1
TXN0001394,POL001394,CUST01394,2019-11-18,2020-01-14,20575,4188,Severe,8,Fire,0,0,OH,VND0050,1
TXN0001395,POL001395,CUST01395,2022-08-27,2022-09-09,1344,2943,Minor,2,Police,1,1,NY,VND0004,0
TXN0001396,POL001396,CUST01396,2020-11-27,2023-08-14,3453,644,Minor,19,Ambulance,1,0,NC,VND0049,0
TXN0001397,POL001397,CUST01397,2021-11-23,2024-02-02,1813,4746,Moderate,19,Ambulance,0,1,FL,VND0046,0
TXN0001398,POL001398,CUST01398,2020-05-03,2021-07-30,3769,2269,Moderate,17,Fire,1,1,GA,VND0002,0
TXN0001399,POL001399,CUST01399,2019-07-13,2019-10-29,6242,4711,Moderate,14,None,0,1,OH,VND0004,0
TXN0001400,POL001400,CUST01400,2019-05-03,2022-01-11,5474,4418,Moderate,11,Fire,0,0,NY,VND0037,0
TXN0001401,POL001401,CUST01401,2019-04-16,2022-10-13,3450,4331,Major,0,Fire,0,0,MI,VND0021,0
TXN0001402,POL001402,CUST01402,2023-10-14,2024-05-18,45100,3599,Minor,18,Ambulance,0,1,NY,VND0014,1
TXN0001403,POL001403,CUST01403,2020-06-14,2019-08-28,6865,3529,Major,21,Police,0,1,GA,VND0021,0
TXN0001404,POL001404,CUST01404,2020-09-05,2022-08-25,3221,2897,Moderate,23,Ambulance,0,1,FL,VND0018,0
TXN0001405,POL001405,CUST01405,2022-03-08,2021-11-08,5391,611,Moderate,8,None,0,0,FL,VND0049,0
TXN0001406,POL001406,CUST01406,2019-07-11,2022-04-10,2527,2245,Minor,4,None,1,1,OH,VND0013,0
TXN0001407,POL001407,CUST01407,2022-04-20,2019-07-20,6174,3787,Moderate,15,Fire,0,1,WA,VND0005,0
TXN0001408,POL001408,CUST01408,2021-11-12,2019-02-17,36740,4155,Moderate,0,Fire,1,1,FL,VND0042,1
TXN0001409,POL001409,CUST01409,2023-05-08,2022-05-16,1956,3018,Major,1,Fire,0,0,TX,VND0042,0
TXN0001410,POL001410,CUST01410,2019-09-05,2020-02-19,1110,3693,Moderate,19,Police,0,1,TX,VND0045,0
TXN0001411,POL001411,CUST01411,2019-02-04,2022-05-31,5929,597,Minor,22,Ambulance,0,0,IL,VND0049,0
TXN0001412,POL001412,CUST01412,2023-04-01,2019-03-09,2219,2607,Major,9,Fire,0,1,NC,VND0003,0
TXN0001413,POL001413,CUST01413,2021-01-12,2023-06-11,5730,2784,Major,12,Police,0,1,NC,VND0039,0
TXN0001414,POL001414,CUST01414,2019-05-04,2020-11-14,787,4516,Severe,13,Ambulance,1,1,FL,VND0014,0
TXN0001415,POL001415,CUST01415,2022-01-21,2021-07-08,18119,1899,Moderate,3,Ambulance,0,0,MI,VND0022,1
TXN0001416,POL001416,CUST01416,2021-07-21,2020-12-06,3109,1534,Major,5,Police,0,1,TX,VND0023,0
TXN0001417,POL001417,CUST01417,2024-03-23,2021-05-04,3183,2085,Moderate,7,Fire,1,1,OH,VND0050,0
TXN0001418,POL001418,CUST01418,2024-03-09,2021-12-14,1338,1266,Major,20,None,1,0,MI,VND0027,0
TXN0001419,POL001419,CUST01419,2021-12-17,2022-08-03,702,3012,Moderate,10,Ambulance,0,0,MI,VND0012,0
TXN0001420,POL001420,CUST01420,2019-11-16,2022-10-31,2555,3392,Minor,17,None,1,0,NC,VND0005,0
TXN0001421,POL001421,CUST01421,2023-02-10,2024-06-25,3397,4105,Severe,4,Fire,0,1,NY,VND0030,0
TXN0001422,POL001422,CUST01422,2020-02-09,2020-01-10,5596,4873,Major,22,Fire,0,0,NC,VND0042,0
TXN0001423,POL001423,CUST01423,2023-08-09,2023-10-31,3344,831,Moderate,21,Fire,1,0,NY,VND0036,0
TXN0001424,POL001424,CUST01424,2022-04-20,2022-05-07,1872,1612,Moderate,11,Fire,0,1,NY,VND0047,0
TXN0001425,POL001425,CUST01425,2020-12-12,2020-09-27,1984,1853,Major,5,Police,1,1,OH,VND0003,0
TXN0001426,POL001426,CUST01426,2024-05-20,2024-01-30,4360,1623,Minor,23,Police,0,1,GA,VND0021,0
TXN0001427,POL001427,CUST01427,2021-10-29,2022-12-04,32277,4222,Moderate,19,None,1,1,FL,VND0031,1
TXN0001428,POL001428,CUST01428,2021-02-13,2020-01-21,39683,1127,Minor,12,Ambulance,1,1,WA,VND0043,1
TXN0001429,POL001429,CUST01429,2020-01-15,2019-12-31,3190,633,Minor,6,Ambulance,0,1,MI,VND0016,0
TXN0001430,POL001430,CUST01430,2022-07-25,2022-08-30,4055,4372,Minor,14,Ambulance,0,1,FL,VND0034,0
TXN0001431,POL001431,CUST01431,2020-06-25,2023-01-19,634,4826,Major,8,Fire,0,0,FL,VND0011,0
TXN0001432,POL001432,CUST01432,2019-11-02,2019-04-16,1517,1518,Minor,16,None,1,1,CA,VND0030,0
TXN0001433,POL001433,CUST01433,2019-08-26,2022-06-29,24015,1997,Major,19,Fire,0,1,IL,VND0039,1
TXN0001434,POL001434,CUST01434,2022-07-11,2021-12-16,2544,2764,Severe,11,Ambulance,1,1,TX,VND0041,0
TXN0001435,POL001435,CUST01435,2024-01-23,2024-05-14,3062,2866,Minor,1,Ambulance,0,0,WA,VND0023,0
TXN0001436,POL001436,CUST01436,2020-05-22,2023-02-12,4214,4958,Major,13,Police,0,0,MI,VND0024,0
TXN0001437,POL001437,CUST01437,2020-03-12,2024-01-14,593,2318,Moderate,20,Police,1,0,MI,VND0045,0
TXN0001438,POL001438,CUST01438,2022-05-15,2019-03-24,3644,554,Severe,5,Police,1,0,FL,VND0028,0
TXN0001439,POL001439,CUST01439,2019-10-14,2023-03-29,2554,2402,Moderate,23,Fire,0,0,GA,VND0018,0
TXN0001440,POL001440,CUST01440,2019-06-27,2020-11-15,1210,3004,Moderate,8,Police,0,0,IL,VND0014,0
TXN0001441,POL001441,CUST01441,2022-07-03,2022-01-30,3044,2826,Minor,16,Police,1,0,FL,VND0036,0
TXN0001442,POL001442,CUST01442,2021-11-19,2023-11-12,34808,2805,Severe,16,None,1,1,OH,VND0036,1
TXN0001443,POL001443,CUST01443,2019-02-27,2023-10-27,1467,4651,Minor,4,Fire,0,1,TX,VND0027,0
TXN0001444,POL001444,CUST01444,2020-04-21,2020-04-11,29627,4133,Major,0,None,0,1,WA,VND0008,1
TXN0001445,POL001445,CUST01445,2020-02-03,2020-05-11,5274,1632,Minor,22,Fire,0,0,TX,VND0009,0
TXN0001446,POL001446,CUST01446,2022-09-30,2023-01-05,2017,2098,Moderate,16,None,0,0,NY,VND0013,0
TXN0001447,POL001447,CUST01447,2022-08-29,2023-11-13,6772,3504,Moderate,15,None,0,0,FL,VND0001,0
TXN0001448,POL001448,CUST01448,2023-02-09,2022-05-28,4364,2346,Minor,7,None,0,1,OH,VND0024,0
TXN0001449,POL001449,CUST01449,2019-07-19,2019-05-04,5456,2427,Minor,2,Fire,1,0,GA,VND0021,0
TXN0001450,POL001450,CUST01450,2023-08-30,2019-12-09,677,1255,Minor,6,Police,0,1,WA,VND0020,0
TXN0001451,POL001451,CUST01451,2020-02-25,2023-02-27,5418,1644,Major,13,Fire,1,0,NY,VND0047,0
TXN0001452,POL001452,CUST01452,2024-06-14,2023-02-12,2488,3833,Major,16,Ambulance,0,0,FL,VND0012,0
TXN0001453,POL001453,CUST01453,2023-10-16,2023-12-20,5028,4293,Minor,7,Ambulance,0,0,CA,VND0041,0
TXN0001454,POL001454,CUST01454,2021-07-10,2021-12-18,5669,4031,Moderate,5,Ambulance,0,1,OH,VND0010,0
TXN0001455,POL001455,CUST01455,2023-04-26,2021-05-22,1902,1885,Minor,5,None,0,0,WA,VND0031,0
TXN0001456,POL001456,CUST01456,2022-09-07,2019-08-27,18454,1114,Major,23,Police,0,1,CA,VND0044,1
TXN0001457,POL001457,CUST01457,2023-04-02,2023-05-04,604,1218,Major,15,Fire,1,0,WA,VND0042,0
TXN0001458,POL001458,CUST01458,2019-02-06,2024-04-04,4315,2270,Major,23,Fire,1,0,FL,VND0030,0
TXN0001459,POL001459,CUST01459,2019-06-18,2019-04-15,5463,2829,Major,0,Police,1,0,WA,VND0011,0
TXN0001460,POL001460,CUST01460,2023-12-22,2021-09-28,2988,4518,Moderate,10,Ambulance,1,1,CA,VND0019,0
TXN0001461,POL001461,CUST01461,2023-04-18,2020-12-28,1294,4544,Minor,10,Police,1,1,MI,VND0022,0
TXN0001462,POL001462,CUST01462,2022-05-20,2023-02-19,2351,512,Major,9,None,0,1,NY,VND0043,0
TXN0001463,POL001463,CUST01463,2020-09-18,2023-03-28,2939,3684,Minor,9,Police,1,1,FL,VND0019,0
TXN0001464,POL001464,CUST01464,2021-04-25,2020-03-27,6429,1844,Minor,1,Police,0,1,FL,VND0042,0
TXN0001465,POL001465,CUST01465,2021-02-27,2024-04-09,1043,1390,Moderate,0,Police,0,0,TX,VND0048,0
TXN0001466,POL001466,CUST01466,2021-05-21,2019-10-17,2534,2997,Major,18,None,1,1,NC,VND0006,0
TXN0001467,POL001467,CUST01467,2022-06-14,2023-05-02,4538,652,Major,10,None,1,1,CA,VND0047,0
TXN0001468,POL001468,CUST01468,2023-03-02,2023-02-11,1809,2003,Severe,3,None,0,0,IL,VND0029,0
TXN0001469,POL001469,CUST01469,2021-02-09,2019-12-06,6216,2985,Moderate,8,None,1,0,WA,VND0031,0
TXN0001470,POL001470,CUST01470,2023-07-31,2022-09-29,6383,1724,Minor,22,None,0,1,IL,VND0016,0
TXN0001471,POL001471,CUST01471,2019-07-01,2020-07-10,2784,3170,Moderate,11,Fire,1,0,MI,VND0017,0
TXN0001472,POL001472,CUST01472,2023-06-10,2020-07-18,5272,2570,Major,23,Police,1,0,GA,VND0028,0
TXN0001473,POL001473,CUST01473,2022-09-19,2019-07-07,17244,4097,Minor,3,Fire,0,0,NC,VND0010,1
TXN0001474,POL001474,CUST01474,2021-10-21,2023-02-21,4836,1316,Severe,2,Police,1,0,WA,VND0036,0
TXN0001475,POL001475,CUST01475,2021-01-22,2023-06-24,1468,756,Moderate,13,Police,1,1,CA,VND0034,0
TXN0001476,POL001476,CUST01476,2021-01-14,2021-10-25,536,2883,Major,16,Ambulance,1,1,NY,VND0001,0
TXN0001477,POL001477,CUST01477,2020-12-24,2023-04-22,2561,1656,Major,23,Police,1,1,NY,VND0011,0
TXN0001478,POL001478,CUST01478,2024-03-12,2020-12-14,1092,3680,Moderate,11,Fire,0,1,CA,VND0026,0
TXN0001479,POL001479,CUST01479,2019-02-23,2022-02-22,2187,919,Major,4,Fire,0,0,TX,VND0038,0
TXN0001480,POL001480,CUST01480,2022-06-26,2023-05-14,4540,3088,Moderate,12,Police,0,1,TX,VND0015,0
TXN0001481,POL001481,CUST01481,2024-06-08,2021-05-29,4203,4954,Major,7,Ambulance,0,1,WA,VND0045,0
TXN0001482,POL001482,CUST01482,2021-12-27,2022-06-06,16870,918,Major,4,None,0,0,MI,VND0027,1
TXN0001483,POL001483,CUST01483,2022-07-06,2019-11-02,320,1858,Moderate,2,Ambulance,0,1,OH,VND0027,0
TXN0001484,POL001484,CUST01484,2022-04-15,2021-10-29,1734,4299,Minor,17,Police,0,1,MI,VND0006,0
TXN0001485,POL001485,CUST01485,2021-10-12,2023-09-19,3292,2901,Severe,15,None,1,1,NY,VND0032,0
TXN0001486,POL001486,CUST01486,2022-06-18,2023-04-16,43972,1287,Severe,3,Fire,1,0,IL,VND0041,1
TXN0001487,POL001487,CUST01487,2023-12-19,2020-09-08,2682,1459,Moderate,13,Fire,1,0,MI,VND0011,0
TXN0001488,POL001488,CUST01488,2022-12-02,2022-01-13,2144,3941,Severe,21,None,0,1,TX,VND0028,0
TXN0001489,POL001489,CUST01489,2023-09-02,2022-06-12,3949,4374,Moderate,19,None,0,1,TX,VND0001,0
TXN0001490,POL001490,CUST01490,2022-01-15,2024-03-13,686,2122,Moderate,10,Fire,0,1,OH,VND0011,0
TXN0001491,POL001491,CUST01491,2023-04-02,2023-08-06,12694,2632,Moderate,1,Fire,0,1,FL,VND0004,1
TXN0001492,POL001492,CUST01492,2023-10-23,2023-07-15,447,4022,Minor,15,None,0,0,GA,VND0039,0
TXN0001493,POL001493,CUST01493,2020-03-01,2023-03-06,3774,1296,Moderate,12,Police,0,1,GA,VND0050,0
TXN0001494,POL001494,CUST01494,2023-09-22,2021-01-03,3213,1428,Major,22,Fire,1,1,NY,VND0002,0
TXN0001495,POL001495,CUST01495,2022-10-10,2021-02-10,4161,3984,Minor,13,Ambulance,0,1,TX,VND0036,0
TXN0001496,POL001496,CUST01496,2021-06-06,2021-08-05,4396,1339,Minor,17,Fire,1,1,CA,VND0030,0
TXN0001497,POL001497,CUST01497,2023-04-03,2021-05-19,2886,3968,Major,12,Fire,1,0,IL,VND0036,0
TXN0001498,POL001498,CUST01498,2019-12-05,2024-04-20,6108,2736,Major,12,Police,1,1,NY,VND0026,0
TXN0001499,POL001499,CUST01499,2022-11-02,2023-11-07,6444,4955,Severe,7,Fire,0,1,CA,VND0050,0
TXN0001500,POL001500,CUST01500,2022-03-03,2023-12-17,953,648,Minor,9,Fire,0,0,GA,VND0002,0
TXN0001501,POL001501,CUST01501,2023-11-18,2022-05-18,6456,4756,Major,7,None,1,1,WA,VND0008,0
TXN0001502,POL001502,CUST01502,2022-05-30,2020-02-02,1537,1513,Minor,11,Fire,0,0,WA,VND0013,0
TXN0001503,POL001503,CUST01503,2021-11-21,2019-10-30,1889,657,Minor,22,Police,0,0,TX,VND0040,0
TXN0001504,POL001504,CUST01504,2021-11-16,2020-07-18,3802,3758,Major,8,None,1,1,TX,VND0004,0
TXN0001505,POL001505,CUST01505,2022-01-18,2022-08-14,399,2896,Moderate,11,Fire,1,0,IL,VND0007,0
TXN0001506,POL001506,CUST01506,2023-11-23,2021-01-15,2675,4268,Major,22,None,1,1,WA,VND0037,0
TXN0001507,POL001507,CUST01507,2023-04-25,2022-08-22,1523,987,Minor,3,Police,0,1,OH,VND0021,0
TXN0001508,POL001508,CUST01508,2019-07-06,2023-11-16,3481,863,Minor,6,Police,0,1,IL,VND0036,0
TXN0001509,POL001509,CUST01509,2021-12-04,2020-11-16,5739,3052,Moderate,11,None,1,1,WA,VND0019,0
TXN0001510,POL001510,CUST01510,2020-07-30,2024-02-20,6484,4469,Minor,9,Police,0,1,GA,VND0005,0
TXN0001511,POL001511,CUST01511,2019-11-27,2021-11-07,23654,2325,Minor,8,Police,0,0,WA,VND0030,1
TXN0001512,POL001512,CUST01512,2023-10-04,2023-06-14,3905,4088,Minor,18,Ambulance,0,1,MI,VND0006,0
TXN0001513,POL001513,CUST01513,2023-09-17,2019-05-15,3426,4577,Moderate,11,Fire,0,0,WA,VND0024,0
TXN0001514,POL001514,CUST01514,2024-02-29,2020-07-21,3022,4413,Major,8,Fire,0,1,OH,VND0045,0
TXN0001515,POL001515,CUST01515,2021-03-01,2024-02-27,4502,2789,Minor,11,Fire,1,1,NY,VND0010,0
TXN0001516,POL001516,CUST01516,2021-05-04,2023-12-01,6928,3642,Moderate,21,Fire,0,0,CA,VND0011,0
TXN0001517,POL001517,CUST01517,2023-04-11,2022-03-06,8532,2865,Moderate,23,Fire,0,1,NC,VND0048,1
TXN0001518,POL001518,CUST01518,2020-01-22,2019-03-22,643,3533,Moderate,5,Fire,1,1,FL,VND0016,0
TXN0001519,POL001519,CUST01519,2019-04-20,2019-05-14,6428,3051,Moderate,0,Police,1,0,CA,VND0019,0
TXN0001520,POL001520,CUST01520,2021-04-23,2021-05-12,6538,2862,Major,0,Police,0,0,MI,VND0035,0
TXN0001521,POL001521,CUST01521,2022-06-16,2023-12-23,2392,2465,Major,10,Police,1,0,IL,VND0007,0
TXN0001522,POL001522,CUST01522,2021-07-04,2021-02-11,3611,3437,Minor,15,Ambulance,0,1,OH,VND0004,0
TXN0001523,POL001523,CUST01523,2020-02-28,2023-11-25,6065,3879,Major,1,Ambulance,0,1,NC,VND0043,0
TXN0001524,POL001524,CUST01524,2021-11-08,2021-12-24,3625,4635,Minor,12,Police,0,0,NY,VND0048,0
TXN0001525,POL001525,CUST01525,2024-03-06,2019-10-12,3472,3259,Moderate,9,Fire,0,1,MI,VND0050,0
TXN0001526,POL001526,CUST01526,2020-07-04,2022-02-13,6469,952,Moderate,22,Ambulance,1,1,OH,VND0002,0
TXN0001527,POL001527,CUST01527,2021-03-13,2021-01-15,5835,3143,Minor,14,Police,1,1,OH,VND0027,0
TXN0001528,POL001528,CUST01528,2020-09-19,2020-04-11,3649,1920,Minor,10,Fire,0,1,FL,VND0043,0
TXN0001529,POL001529,CUST01529,2020-08-12,2022-10-01,41735,620,Minor,14,None,0,0,NC,VND0043,1
TXN0001530,POL001530,CUST01530,2022-08-08,2020-02-29,3181,826,Minor,3,Fire,1,0,FL,VND0019,0
TXN0001531,POL001531,CUST01531,2021-01-21,2024-01-07,4799,3160,Moderate,11,Police,0,1,GA,VND0025,0
TXN0001532,POL001532,CUST01532,2022-06-01,2023-06-16,41181,4751,Minor,7,Ambulance,0,1,MI,VND0008,1
TXN0001533,POL001533,CUST01533,2019-02-09,2023-05-04,3853,2775,Major,4,Fire,0,1,TX,VND0007,0
TXN0001534,POL001534,CUST01534,2022-08-21,2019-06-17,4679,2503,Major,9,Police,0,0,IL,VND0019,0
TXN0001535,POL001535,CUST01535,2019-07-31,2024-04-27,17346,898,Minor,15,Police,0,1,GA,VND0012,1
TXN0001536,POL001536,CUST01536,2021-01-27,2021-10-01,4073,3539,Minor,13,None,0,0,FL,VND0049,0
TXN0001537,POL001537,CUST01537,2023-10-18,2023-01-25,5215,749,Moderate,23,None,0,1,CA,VND0005,0
TXN0001538,POL001538,CUST01538,2020-11-06,2020-02-03,1657,4285,Major,6,Ambulance,0,0,IL,VND0027,0
TXN0001539,POL001539,CUST01539,2022-11-01,2023-04-06,3929,4173,Moderate,16,Police,0,1,IL,VND0028,0
TXN0001540,POL001540,CUST01540,2020-12-06,2020-10-17,5024,4959,Minor,13,None,0,1,WA,VND0003,0
TXN0001541,POL001541,CUST01541,2023-12-17,2022-12-04,501,1779,Severe,20,Fire,0,0,MI,VND0023,0
TXN0001542,POL001542,CUST01542,2024-03-24,2020-07-24,4579,1228,Moderate,21,Fire,0,1,TX,VND0048,0
TXN0001543,POL001543,CUST01543,2023-12-30,2024-03-01,1966,1847,Moderate,16,None,1,1,FL,VND0006,0
TXN0001544,POL001544,CUST01544,2021-03-04,2022-12-07,2901,4097,Major,10,Fire,1,0,TX,VND0008,0
TXN0001545,POL001545,CUST01545,2020-09-29,2021-07-11,4606,1484,Severe,12,Police,0,0,WA,VND0009,0
TXN0001546,POL001546,CUST01546,2022-05-01,2021-07-18,229,4493,Moderate,15,Police,0,1,NY,VND0003,0
TXN0001547,POL001547,CUST01547,2023-06-28,2019-01-15,314,1193,Moderate,19,None,0,0,MI,VND0045,0
TXN0001548,POL001548,CUST01548,2021-11-15,2020-09-07,3236,719,Moderate,5,Ambulance,0,0,CA,VND0003,0
TXN0001549,POL001549,CUST01549,2023-01-21,2023-05-18,6658,1487,Minor,20,Ambulance,0,1,OH,VND0015,0
TXN0001550,POL001550,CUST01550,2023-10-25,2023-08-11,241,3893,Moderate,19,Ambulance,1,1,CA,VND0042,0
TXN0001551,POL001551,CUST01551,2023-02-18,2024-07-14,22924,3210,Minor,2,Police,0,1,OH,VND0050,1
TXN0001552,POL001552,CUST01552,2021-01-10,2019-07-06,709,2096,Moderate,6,Fire,0,1,CA,VND0008,0
TXN0001553,POL001553,CUST01553,2020-05-16,2020-06-01,3524,3452,Major,5,None,0,1,TX,VND0019,0
TXN0001554,POL001554,CUST01554,2021-05-21,2023-04-02,3128,3418,Severe,13,Police,0,1,TX,VND0009,0
TXN0001555,POL001555,CUST01555,2022-02-28,2021-01-09,3383,2996,Major,5,None,0,0,NC,VND0010,0
TXN0001556,POL001556,CUST01556,2023-08-19,2020-05-27,757,2813,Minor,7,Fire,0,0,GA,VND0048,0
TXN0001557,POL001557,CUST01557,2020-08-26,2020-08-02,5324,956,Minor,4,Fire,0,1,OH,VND0017,0
TXN0001558,POL001558,CUST01558,2019-11-20,2024-02-01,2074,1668,Moderate,1,Police,1,1,TX,VND0031,0
TXN0001559,POL001559,CUST01559,2020-09-25,2023-10-03,5443,2874,Minor,11,Ambulance,0,0,FL,VND0008,0
TXN0001560,POL001560,CUST01560,2022-04-07,2019-01-26,4657,1108,Minor,7,Fire,0,1,NY,VND0015,0
TXN0001561,POL001561,CUST01561,2020-04-10,2023-08-29,3948,2641,Major,12,Fire,1,1,WA,VND0019,0
TXN0001562,POL001562,CUST01562,2021-03-13,2022-02-05,2298,1026,Moderate,5,Ambulance,1,1,NC,VND0030,0
TXN0001563,POL001563,CUST01563,2020-05-30,2023-09-06,4635,4042,Minor,6,Ambulance,0,0,CA,VND0046,0
TXN0001564,POL001564,CUST01564,2024-06-01,2022-06-17,6984,964,Moderate,21,None,1,0,CA,VND0013,0
TXN0001565,POL001565,CUST01565,2021-10-25,2022-10-28,6477,916,Severe,19,Ambulance,1,1,NY,VND0033,0
TXN0001566,POL001566,CUST01566,2022-12-18,2022-03-19,6430,3370,Major,6,Police,0,0,FL,VND0025,0
TXN0001567,POL001567,CUST01567,2021-11-10,2023-01-29,25573,1492,Minor,3,Ambulance,0,0,IL,VND0040,1
TXN0001568,POL001568,CUST01568,2019-01-22,2023-07-09,17499,2081,Moderate,23,Police,0,0,WA,VND0017,1
TXN0001569,POL001569,CUST01569,2020-06-13,2021-10-31,2905,1914,Severe,16,None,0,1,TX,VND0022,0
TXN0001570,POL001570,CUST01570,2023-08-12,2019-08-28,6775,1474,Minor,11,Fire,1,0,OH,VND0032,0
TXN0001571,POL001571,CUST01571,2021-10-23,2019-07-20,6660,3928,Moderate,16,Ambulance,0,1,IL,VND0023,0
TXN0001572,POL001572,CUST01572,2022-11-12,2021-04-28,6102,3613,Major,5,Police,0,0,GA,VND0038,0
TXN0001573,POL001573,CUST01573,2023-03-09,2021-08-22,1306,1574,Major,10,Fire,0,0,OH,VND0001,0
TXN0001574,POL001574,CUST01574,2022-01-30,2023-10-15,2368,3590,Minor,9,Ambulance,1,0,OH,VND0018,0
TXN0001575,POL001575,CUST01575,2022-03-04,2019-03-22,30163,3710,Severe,17,Ambulance,0,1,FL,VND0009,1
TXN0001576,POL001576,CUST01576,2020-04-18,2023-12-04,5297,2926,Moderate,4,Police,0,1,WA,VND0008,0
TXN0001577,POL001577,CUST01577,2020-05-15,2019-05-05,2581,3102,Minor,11,Police,0,0,FL,VND0003,0
TXN0001578,POL001578,CUST01578,2019-10-27,2021-10-11,1130,4707,Minor,20,None,0,1,TX,VND0018,0
TXN0001579,POL001579,CUST01579,2020-08-20,2021-05-12,1130,2542,Moderate,4,Ambulance,0,0,CA,VND0011,0
TXN0001580,POL001580,CUST01580,2022-06-15,2022-02-08,4854,2234,Minor,2,None,0,1,CA,VND0038,0
TXN0001581,POL001581,CUST01581,2024-02-07,2019-04-10,3288,2925,Major,19,Police,0,0,NY,VND0026,0
TXN0001582,POL001582,CUST01582,2021-06-01,2023-03-28,3539,4261,Major,20,Fire,0,1,MI,VND0040,0
TXN0001583,POL001583,CUST01583,2022-04-23,2019-10-11,5744,3693,Minor,10,Ambulance,0,1,TX,VND0045,0
TXN0001584,POL001584,CUST01584,2023-09-26,2023-04-29,314,838,Major,1,None,0,1,CA,VND0040,0
TXN0001585,POL001585,CUST01585,2022-09-21,2022-02-26,5330,2566,Severe,12,Ambulance,0,0,OH,VND0022,0
TXN0001586,POL001586,CUST01586,2020-06-10,2023-12-03,2064,3829,Minor,7,Ambulance,0,1,OH,VND0049,0
TXN0001587,POL001587,CUST01587,2020-07-18,2024-06-02,6532,1507,Major,14,Fire,0,1,OH,VND0020,0
TXN0001588,POL001588,CUST01588,2022-07-03,2023-09-05,6696,4948,Severe,3,None,0,1,CA,VND0042,0
TXN0001589,POL001589,CUST01589,2020-07-31,2021-07-10,3614,4136,Major,19,Fire,0,0,FL,VND0009,0
TXN0001590,POL001590,CUST01590,2020-05-14,2021-04-26,2347,4309,Moderate,16,Fire,0,1,NY,VND0049,0
TXN0001591,POL001591,CUST01591,2022-04-02,2022-09-07,1785,867,Major,15,Ambulance,0,0,NC,VND0016,0
TXN0001592,POL001592,CUST01592,2022-07-01,2022-08-11,35429,3108,Major,12,None,0,1,GA,VND0032,1
TXN0001593,POL001593,CUST01593,2020-05-23,2023-05-20,6994,2875,Minor,5,None,0,0,MI,VND0018,0
TXN0001594,POL001594,CUST01594,2019-04-08,2021-09-11,1475,3320,Minor,22,Police,1,1,OH,VND0012,0
TXN0001595,POL001595,CUST01595,2023-03-22,2021-08-01,3236,4326,Moderate,6,None,0,0,IL,VND0017,0
TXN0001596,POL001596,CUST01596,2021-02-25,2019-09-08,3458,2089,Moderate,8,Fire,0,0,OH,VND0031,0
TXN0001597,POL001597,CUST01597,2022-06-24,2019-12-20,4818,2902,Moderate,22,Police,1,0,NY,VND0006,0
TXN0001598,POL001598,CUST01598,2019-12-13,2023-07-22,5930,3557,Minor,0,None,0,1,TX,VND0010,0
TXN0001599,POL001599,CUST01599,2020-09-23,2024-06-23,3994,3889,Major,3,None,1,1,OH,VND0046,0
TXN0001600,POL001600,CUST01600,2022-05-01,2022-05-07,5354,3966,Major,18,Fire,0,1,FL,VND0005,0
TXN0001601,POL001601,CUST01601,2019-09-07,2020-12-06,4053,2016,Moderate,8,Police,0,1,FL,VND0037,0
TXN0001602,POL001602,CUST01602,2020-09-27,2019-05-11,8654,4992,Minor,13,Police,1,1,NC,VND0016,1
TXN0001603,POL001603,CUST01603,2022-12-13,2019-04-12,1272,543,Minor,13,Ambulance,0,0,CA,VND0016,0
TXN0001604,POL001604,CUST01604,2023-03-29,2022-10-05,1619,2716,Minor,19,Police,1,1,CA,VND0019,0
TXN0001605,POL001605,CUST01605,2020-12-09,2022-07-26,3140,3239,Moderate,14,Police,0,0,NY,VND0020,0
TXN0001606,POL001606,CUST01606,2019-08-18,2020-08-05,513,775,Minor,10,Police,0,1,OH,VND0036,0
TXN0001607,POL001607,CUST01607,2019-02-22,2020-01-29,2351,2530,Severe,13,None,0,0,MI,VND0041,0
TXN0001608,POL001608,CUST01608,2022-01-21,2019-06-03,3345,3181,Minor,17,Fire,0,1,OH,VND0019,0
TXN0001609,POL001609,CUST01609,2022-10-24,2022-10-16,3413,3234,Minor,9,Fire,0,1,FL,VND0009,0
TXN0001610,POL001610,CUST01610,2022-04-06,2022-05-17,5740,1035,Major,4,Fire,1,0,NY,VND0001,0
TXN0001611,POL001611,CUST01611,2021-03-24,2020-11-14,6780,1748,Moderate,11,Police,0,1,NY,VND0037,0
TXN0001612,POL001612,CUST01612,2019-02-14,2023-01-24,5161,1601,Moderate,23,Ambulance,1,0,NY,VND0046,0
TXN0001613,POL001613,CUST01613,2020-03-29,2023-09-08,740,3379,Minor,2,None,0,0,GA,VND0002,0
TXN0001614,POL001614,CUST01614,2019-03-14,2021-11-18,2978,1979,Major,4,None,0,1,NC,VND0030,0
TXN0001615,POL001615,CUST01615,2021-07-16,2020-06-24,5163,3071,Moderate,23,Fire,0,1,NC,VND0011,0
TXN0001616,POL001616,CUST01616,2020-09-10,2019-01-26,4243,3789,Major,19,Police,0,1,NY,VND0011,0
TXN0001617,POL001617,CUST01617,2019-05-23,2023-05-31,33907,4087,Moderate,2,None,0,1,FL,VND0042,1
TXN0001618,POL001618,CUST01618,2022-05-07,2022-03-18,3166,1327,Major,5,None,1,0,CA,VND0013,0
TXN0001619,POL001619,CUST01619,2021-01-13,2020-12-12,2960,4565,Moderate,16,None,1,0,NC,VND0016,0
TXN0001620,POL001620,CUST01620,2024-04-15,2019-01-28,41523,1245,Major,18,Ambulance,0,1,WA,VND0007,1
TXN0001621,POL001621,CUST01621,2021-04-17,2023-07-07,1415,598,Major,17,Fire,0,1,CA,VND0046,0
TXN0001622,POL001622,CUST01622,2019-07-02,2024-02-18,3719,702,Moderate,20,None,0,0,TX,VND0046,0
TXN0001623,POL001623,CUST01623,2022-11-16,2021-09-07,1599,1404,Major,12,Ambulance,0,0,FL,VND0046,0
TXN0001624,POL001624,CUST01624,2022-11-12,2020-07-04,13777,4429,Major,21,None,0,0,NC,VND0012,1
TXN0001625,POL001625,CUST01625,2024-02-09,2022-06-12,6080,1435,Minor,14,Fire,0,0,FL,VND0010,0
TXN0001626,POL001626,CUST01626,2022-10-22,2023-10-29,3652,3620,Major,11,None,0,0,CA,VND0048,0
TXN0001627,POL001627,CUST01627,2020-12-27,2022-04-08,2835,2383,Minor,15,Police,0,0,NY,VND0031,0
TXN0001628,POL001628,CUST01628,2022-09-05,2019-02-08,6596,679,Moderate,10,Police,1,1,NY,VND0014,0
TXN0001629,POL001629,CUST01629,2023-05-21,2020-02-10,4685,2498,Minor,14,Ambulance,1,0,NY,VND0003,0
TXN0001630,POL001630,CUST01630,2021-11-01,2019-07-29,3110,627,Minor,20,Ambulance,1,0,OH,VND0040,0
TXN0001631,POL001631,CUST01631,2023-05-14,2021-04-19,395,2642,Minor,22,Ambulance,0,1,FL,VND0041,0
TXN0001632,POL001632,CUST01632,2024-04-24,2021-07-09,308,3014,Minor,13,None,0,1,CA,VND0001,0
TXN0001633,POL001633,CUST01633,2023-02-23,2021-12-25,1706,2846,Minor,0,None,0,0,TX,VND0024,0
TXN0001634,POL001634,CUST01634,2021-10-04,2023-03-18,1807,1771,Minor,14,Ambulance,1,0,NC,VND0025,0
TXN0001635,POL001635,CUST01635,2021-09-16,2019-08-28,5105,3949,Moderate,6,Police,0,1,GA,VND0024,0
TXN0001636,POL001636,CUST01636,2023-08-10,2024-03-21,3604,3185,Moderate,5,Police,0,0,FL,VND0019,0
TXN0001637,POL001637,CUST01637,2023-10-18,2020-06-27,6999,1646,Severe,21,Police,0,0,WA,VND0017,0
TXN0001638,POL001638,CUST01638,2020-06-10,2021-11-26,3875,2455,Major,10,Ambulance,0,1,OH,VND0017,0
TXN0001639,POL001639,CUST01639,2019-01-20,2020-03-13,6341,988,Minor,18,Ambulance,0,0,NC,VND0047,0
TXN0001640,POL001640,CUST01640,2023-06-07,2020-12-28,3956,4654,Moderate,8,None,0,1,NC,VND0050,0
TXN0001641,POL001641,CUST01641,2020-04-18,2023-08-13,2635,3888,Moderate,14,Police,1,1,NY,VND0006,0
TXN0001642,POL001642,CUST01642,2024-06-23,2019-04-14,40277,1795,Moderate,15,Fire,1,0,OH,VND0037,1
TXN0001643,POL001643,CUST01643,2019-03-14,2021-09-11,3256,3537,Moderate,21,Fire,0,0,OH,VND0029,0
TXN0001644,POL001644,CUST01644,2024-01-01,2022-04-01,2067,3556,Major,4,Ambulance,0,1,IL,VND0013,0
TXN0001645,POL001645,CUST01645,2022-09-22,2022-03-04,3417,3243,Moderate,13,Police,1,1,GA,VND0010,0
TXN0001646,POL001646,CUST01646,2020-09-02,2021-02-16,4721,743,Moderate,9,None,0,1,NY,VND0038,0
TXN0001647,POL001647,CUST01647,2019-03-11,2021-02-11,2753,4453,Major,11,Police,1,1,CA,VND0019,0
TXN0001648,POL001648,CUST01648,2023-08-26,2024-01-14,4987,4801,Minor,20,Ambulance,1,0,CA,VND0007,0
TXN0001649,POL001649,CUST01649,2019-08-28,2020-05-12,6868,4883,Major,3,None,0,0,IL,VND0049,0
TXN0001650,POL001650,CUST01650,2019-07-11,2021-09-04,2996,4913,Severe,13,Police,0,0,WA,VND0047,0
TXN0001651,POL001651,CUST01651,2023-05-05,2021-01-15,2207,4679,Minor,9,Ambulance,0,1,FL,VND0021,0
TXN0001652,POL001652,CUST01652,2022-09-22,2023-04-01,2934,3825,Major,21,Ambulance,0,0,OH,VND0022,0
TXN0001653,POL001653,CUST01653,2019-09-13,2023-06-21,5900,755,Major,5,None,1,1,TX,VND0022,0
TXN0001654,POL001654,CUST01654,2020-11-17,2023-09-14,19371,2593,Moderate,5,Ambulance,0,1,GA,VND0010,1
TXN0001655,POL001655,CUST01655,2022-08-30,2019-07-04,6821,1603,Minor,2,None,0,1,TX,VND0006,0
TXN0001656,POL001656,CUST01656,2022-08-14,2019-07-31,3015,1489,Major,10,Fire,0,1,IL,VND0014,0
TXN0001657,POL001657,CUST01657,2020-12-28,2021-02-06,5922,4237,Moderate,0,Police,1,0,MI,VND0020,0
TXN0001658,POL001658,CUST01658,2021-04-07,2021-06-18,5550,4156,Minor,12,Ambulance,0,0,NY,VND0008,0
TXN0001659,POL001659,CUST01659,2019-06-09,2019-05-21,5528,2849,Moderate,5,None,0,1,WA,VND0002,0
TXN0001660,POL001660,CUST01660,2019-01-19,2023-12-14,34223,3813,Moderate,9,Fire,0,1,CA,VND0047,1
TXN0001661,POL001661,CUST01661,2024-04-25,2023-12-21,1456,1082,Minor,14,None,0,1,CA,VND0044,0
TXN0001662,POL001662,CUST01662,2020-04-09,2021-05-16,4236,1498,Severe,16,None,0,1,TX,VND0016,0
TXN0001663,POL001663,CUST01663,2024-02-04,2023-04-09,873,4372,Minor,1,Ambulance,0,1,FL,VND0031,0
TXN0001664,POL001664,CUST01664,2019-03-27,2022-02-22,2235,2530,Moderate,3,None,0,0,IL,VND0008,0
TXN0001665,POL001665,CUST01665,2024-06-09,2022-08-26,475,2959,Major,7,Ambulance,1,0,WA,VND0047,0
TXN0001666,POL001666,CUST01666,2021-05-07,2023-11-03,4839,2582,Minor,12,None,1,1,FL,VND0041,0
TXN0001667,POL001667,CUST01667,2023-06-07,2019-07-18,4332,1409,Major,21,Fire,1,1,NY,VND0009,0
TXN0001668,POL001668,CUST01668,2023-08-14,2020-04-26,5232,4218,Moderate,3,Ambulance,1,1,CA,VND0011,0
TXN0001669,POL001669,CUST01669,2020-12-07,2021-05-23,19991,3912,Moderate,1,Police,0,0,NC,VND0017,1
TXN0001670,POL001670,CUST01670,2023-01-21,2023-12-16,2459,3577,Moderate,15,Police,0,1,OH,VND0005,0
TXN0001671,POL001671,CUST01671,2020-11-01,2022-04-17,4799,2089,Severe,23,Ambulance,0,0,CA,VND0018,0
TXN0001672,POL001672,CUST01672,2023-05-03,2021-03-22,5820,3394,Severe,19,Ambulance,0,0,IL,VND0034,0
TXN0001673,POL001673,CUST01673,2024-04-08,2019-03-13,6222,4789,Minor,13,Police,1,0,FL,VND0037,0
TXN0001674,POL001674,CUST01674,2023-06-09,2022-04-19,36794,3424,Moderate,0,Police,0,1,IL,VND0001,1
TXN0001675,POL001675,CUST01675,2022-12-31,2020-07-09,2937,2724,Moderate,13,Police,0,0,FL,VND0018,0
TXN0001676,POL001676,CUST01676,2021-01-16,2020-11-03,273,1717,Severe,10,Ambulance,0,0,NC,VND0042,0
TXN0001677,POL001677,CUST01677,2019-08-07,2024-07-06,5765,2852,Major,10,Fire,1,0,CA,VND0044,0
TXN0001678,POL001678,CUST01678,2021-10-12,2021-12-08,1036,2172,Moderate,11,Police,0,0,OH,VND0029,0
TXN0001679,POL001679,CUST01679,2019-09-18,2019-10-20,5790,3250,Major,13,None,0,1,NC,VND0037,0
TXN0001680,POL001680,CUST01680,2021-10-17,2019-04-23,1260,705,Moderate,17,Ambulance,0,1,CA,VND0013,0
TXN0001681,POL001681,CUST01681,2023-10-11,2021-03-04,304,1355,Minor,4,Police,0,1,WA,VND0044,0
TXN0001682,POL001682,CUST01682,2019-08-16,2019-05-26,6176,4041,Moderate,1,Ambulance,1,0,NC,VND0024,0
TXN0001683,POL001683,CUST01683,2023-12-14,2021-05-24,3183,2213,Moderate,1,None,0,1,FL,VND0035,0
TXN0001684,POL001684,CUST01684,2022-04-15,2021-04-26,3089,2448,Moderate,9,Fire,1,0,IL,VND0014,0
TXN0001685,POL001685,CUST01685,2019-04-05,2023-11-16,29595,2947,Moderate,12,None,0,1,GA,VND0009,1
TXN0001686,POL001686,CUST01686,2022-12-16,2020-11-17,2069,2472,Major,18,Fire,0,1,OH,VND0027,0
TXN0001687,POL001687,CUST01687,2019-01-01,2020-07-22,4897,3913,Severe,10,Police,1,1,NC,VND0027,0
TXN0001688,POL001688,CUST01688,2022-05-11,2022-06-04,3117,1604,Minor,12,Police,0,1,MI,VND0029,0
TXN0001689,POL001689,CUST01689,2021-10-15,2022-07-21,2054,3912,Moderate,23,Police,0,0,NY,VND0041,0
TXN0001690,POL001690,CUST01690,2023-02-06,2019-04-01,2884,1442,Major,17,Fire,0,1,TX,VND0039,0
TXN0001691,POL001691,CUST01691,2021-01-25,2019-07-02,241,2167,Minor,16,Fire,1,1,IL,VND0016,0
TXN0001692,POL001692,CUST01692,2019-08-27,2019-12-17,2249,3145,Major,8,Fire,0,1,OH,VND0024,0
TXN0001693,POL001693,CUST01693,2021-02-15,2023-04-24,4221,4486,Moderate,3,Fire,0,1,NC,VND0005,0
TXN0001694,POL001694,CUST01694,2023-03-09,2020-03-10,1137,1546,Minor,22,None,1,0,FL,VND0040,0
TXN0001695,POL001695,CUST01695,2024-03-29,2024-06-30,1006,3143,Major,13,Police,0,1,WA,VND0007,0
TXN0001696,POL001696,CUST01696,2020-02-22,2021-06-17,4660,788,Moderate,1,None,0,1,CA,VND0004,0
TXN0001697,POL001697,CUST01697,2020-12-06,2024-03-03,3111,839,Minor,11,Police,0,1,OH,VND0027,0
TXN0001698,POL001698,CUST01698,2023-10-26,2020-05-24,1128,3953,Minor,2,None,0,0,IL,VND0047,0
TXN0001699,POL001699,CUST01699,2020-09-20,2021-05-14,5285,3735,Major,23,Police,1,0,GA,VND0019,0
TXN0001700,POL001700,CUST01700,2020-05-06,2019-10-18,5472,2194,Severe,12,Police,0,1,FL,VND0010,0
TXN0001701,POL001701,CUST01701,2023-07-27,2023-09-10,436,3303,Moderate,18,Police,1,0,WA,VND0010,0
TXN0001702,POL001702,CUST01702,2021-09-14,2022-04-28,1571,2211,Minor,11,Fire,1,0,CA,VND0042,0
TXN0001703,POL001703,CUST01703,2022-03-16,2019-06-15,2718,1747,Minor,0,None,0,0,MI,VND0034,0
TXN0001704,POL001704,CUST01704,2021-09-04,2023-02-16,5173,2440,Major,15,Fire,0,1,IL,VND0025,0
TXN0001705,POL001705,CUST01705,2022-04-24,2023-12-01,703,1903,Moderate,15,Police,0,1,OH,VND0047,0
TXN0001706,POL001706,CUST01706,2020-06-23,2022-10-22,5677,4167,Moderate,5,Ambulance,1,1,NY,VND0006,0
TXN0001707,POL001707,CUST01707,2023-01-08,2023-06-26,43538,2352,Moderate,17,Ambulance,0,1,NY,VND0031,1
TXN0001708,POL001708,CUST01708,2020-12-26,2020-07-22,1052,1943,Moderate,5,Ambulance,0,0,IL,VND0018,0
TXN0001709,POL001709,CUST01709,2021-11-16,2021-05-31,6070,2912,Moderate,16,Ambulance,1,0,NY,VND0012,0
TXN0001710,POL001710,CUST01710,2020-01-08,2023-09-26,789,3911,Moderate,17,None,0,0,CA,VND0046,0
TXN0001711,POL001711,CUST01711,2019-01-23,2022-05-20,1081,1731,Minor,3,Police,1,1,IL,VND0048,0
TXN0001712,POL001712,CUST01712,2022-02-18,2022-05-27,6657,4727,Moderate,7,Fire,0,1,IL,VND0042,0
TXN0001713,POL001713,CUST01713,2019-10-06,2023-04-04,3733,2585,Moderate,3,Ambulance,0,0,NC,VND0008,0
TXN0001714,POL001714,CUST01714,2024-01-07,2022-06-02,3348,3473,Moderate,17,Ambulance,0,0,IL,VND0037,0
TXN0001715,POL001715,CUST01715,2024-04-09,2019-09-25,4874,4807,Minor,5,None,1,1,OH,VND0018,0
TXN0001716,POL001716,CUST01716,2020-09-27,2020-03-17,4485,2442,Minor,15,None,0,1,IL,VND0019,0
TXN0001717,POL001717,CUST01717,2020-08-02,2023-04-27,4372,1399,Moderate,10,None,0,1,IL,VND0010,0
TXN0001718,POL001718,CUST01718,2021-10-16,2020-05-15,358,3865,Minor,1,Police,1,1,NC,VND0030,0
TXN0001719,POL001719,CUST01719,2020-02-14,2022-09-12,3951,529,Moderate,21,Ambulance,1,0,GA,VND0043,0
TXN0001720,POL001720,CUST01720,2023-09-26,2021-08-25,2095,2560,Moderate,17,None,0,1,WA,VND0012,0
TXN0001721,POL001721,CUST01721,2019-07-24,2022-06-13,8668,4909,Minor,6,Fire,0,0,IL,VND0027,1
TXN0001722,POL001722,CUST01722,2021-06-27,2020-05-06,3636,2364,Major,21,Ambulance,0,1,CA,VND0033,0
TXN0001723,POL001723,CUST01723,2020-01-15,2020-09-29,1041,3578,Moderate,17,Police,0,0,OH,VND0032,0
TXN0001724,POL001724,CUST01724,2023-07-27,2022-10-27,6226,2863,Minor,19,Police,0,1,NY,VND0014,0
TXN0001725,POL001725,CUST01725,2019-10-17,2019-12-25,2133,1466,Major,4,Police,0,1,CA,VND0002,0
TXN0001726,POL001726,CUST01726,2021-06-14,2020-09-25,36388,1929,Moderate,0,None,0,1,MI,VND0042,1
TXN0001727,POL001727,CUST01727,2023-07-31,2024-07-11,6566,2855,Severe,1,None,0,0,GA,VND0030,0
TXN0001728,POL001728,CUST01728,2021-06-02,2019-11-16,5471,969,Minor,12,None,0,1,GA,VND0036,0
TXN0001729,POL001729,CUST01729,2020-01-06,2022-03-19,17261,2367,Major,18,Fire,1,0,GA,VND0027,1
TXN0001730,POL001730,CUST01730,2019-11-12,2019-11-15,4703,2366,Major,21,None,0,1,WA,VND0020,0
TXN0001731,POL001731,CUST01731,2022-04-28,2022-12-04,6391,4257,Minor,23,Police,1,0,GA,VND0013,0
TXN0001732,POL001732,CUST01732,2019-09-08,2019-09-27,21613,1057,Moderate,14,Police,0,1,NC,VND0033,1
TXN0001733,POL001733,CUST01733,2020-12-14,2022-03-12,4279,4292,Major,15,Fire,1,0,NC,VND0042,0
TXN0001734,POL001734,CUST01734,2022-05-12,2021-06-16,2194,2346,Moderate,6,Police,1,0,NC,VND0017,0
TXN0001735,POL001735,CUST01735,2021-01-31,2022-11-03,2909,3431,Moderate,0,Ambulance,0,1,NC,VND0002,0
TXN0001736,POL001736,CUST01736,2023-07-19,2019-01-21,1817,3006,Severe,4,Ambulance,0,1,CA,VND0008,0
TXN0001737,POL001737,CUST01737,2022-10-12,2021-11-16,1594,1849,Major,1,Police,0,0,IL,VND0029,0
TXN0001738,POL001738,CUST01738,2019-09-29,2022-01-08,3209,4688,Severe,16,Police,0,0,FL,VND0012,0
TXN0001739,POL001739,CUST01739,2023-06-28,2020-05-12,6444,1510,Major,12,Fire,1,0,MI,VND0041,0
TXN0001740,POL001740,CUST01740,2024-01-01,2020-09-04,4520,663,Major,18,Police,0,0,OH,VND0014,0
TXN0001741,POL001741,CUST01741,2020-02-10,2022-12-03,2575,3875,Major,3,None,0,1,OH,VND0025,0
TXN0001742,POL001742,CUST01742,2020-12-21,2022-01-28,3147,3296,Moderate,21,Fire,1,1,OH,VND0012,0
TXN0001743,POL001743,CUST01743,2021-03-04,2022-03-22,43401,4507,Major,17,Fire,0,1,GA,VND0023,1
TXN0001744,POL001744,CUST01744,2021-05-03,2024-03-07,1862,2559,Moderate,21,Police,0,1,NC,VND0034,0
TXN0001745,POL001745,CUST01745,2021-07-19,2021-04-07,3744,575,Minor,15,Ambulance,0,1,FL,VND0040,0
TXN0001746,POL001746,CUST01746,2023-12-01,2023-10-26,4931,591,Moderate,8,Ambulance,1,1,WA,VND0037,0
TXN0001747,POL001747,CUST01747,2022-07-31,2024-05-24,1853,2449,Minor,15,None,0,0,NC,VND0026,0
TXN0001748,POL001748,CUST01748,2023-12-04,2022-03-17,4174,1622,Severe,14,Ambulance,0,1,FL,VND0023,0
TXN0001749,POL001749,CUST01749,2020-12-04,2020-03-15,5016,4649,Moderate,4,Fire,0,0,GA,VND0017,0
TXN0001750,POL001750,CUST01750,2021-11-19,2021-05-03,3731,1033,Moderate,2,Police,1,0,IL,VND0050,0
TXN0001751,POL001751,CUST01751,2019-08-02,2019-04-18,2185,4463,Minor,15,Fire,0,1,NY,VND0037,0
TXN0001752,POL001752,CUST01752,2020-07-09,2022-11-17,3970,1475,Moderate,2,Ambulance,1,1,MI,VND0045,0
TXN0001753,POL001753,CUST01753,2022-03-18,2020-07-17,5594,1037,Moderate,2,Police,0,0,FL,VND0037,0
TXN0001754,POL001754,CUST01754,2019-12-12,2024-02-11,1708,1735,Major,1,Police,0,0,MI,VND0005,0
TXN0001755,POL001755,CUST01755,2024-04-11,2022-08-18,4107,1148,Moderate,14,Police,0,0,GA,VND0014,0
TXN0001756,POL001756,CUST01756,2020-06-29,2021-09-24,4826,2305,Moderate,22,Police,0,1,MI,VND0024,0
TXN0001757,POL001757,CUST01757,2019-11-21,2020-01-24,14031,1987,Minor,11,Police,1,0,NC,VND0016,1
TXN0001758,POL001758,CUST01758,2023-04-16,2019-08-02,2835,2880,Moderate,3,Fire,0,1,GA,VND0046,0
TXN0001759,POL001759,CUST01759,2019-06-30,2022-09-26,6244,2916,Moderate,12,Ambulance,0,1,TX,VND0025,0
TXN0001760,POL001760,CUST01760,2020-10-13,2023-04-02,2671,504,Major,11,Fire,0,0,WA,VND0012,0
TXN0001761,POL001761,CUST01761,2020-02-03,2020-07-02,4267,1061,Major,14,Police,0,1,GA,VND0030,0
TXN0001762,POL001762,CUST01762,2022-10-25,2019-02-05,1218,1228,Major,10,Fire,1,1,NY,VND0019,0
TXN0001763,POL001763,CUST01763,2023-08-20,2020-10-18,6496,1376,Moderate,12,Police,0,1,FL,VND0007,0
TXN0001764,POL001764,CUST01764,2020-01-27,2023-03-30,46413,921,Minor,7,Ambulance,1,1,TX,VND0048,1
TXN0001765,POL001765,CUST01765,2021-04-14,2022-03-25,27639,1915,Severe,21,Police,0,0,NY,VND0048,1
TXN0001766,POL001766,CUST01766,2021-08-18,2019-07-04,37941,2973,Severe,12,Fire,1,1,TX,VND0039,1
TXN0001767,POL001767,CUST01767,2022-10-18,2019-09-02,2617,1890,Minor,7,None,1,1,MI,VND0016,0
TXN0001768,POL001768,CUST01768,2020-12-07,2019-08-17,27472,1980,Major,0,Ambulance,0,1,IL,VND0042,1
TXN0001769,POL001769,CUST01769,2021-11-15,2023-03-17,19939,2612,Moderate,16,None,0,1,GA,VND0015,1
TXN0001770,POL001770,CUST01770,2021-10-07,2023-05-03,6046,2967,Minor,9,Fire,1,1,MI,VND0044,0
TXN0001771,POL001771,CUST01771,2019-01-23,2021-04-13,1067,1989,Severe,5,None,0,0,WA,VND0045,0
TXN0001772,POL001772,CUST01772,2022-02-17,2022-10-30,5949,1498,Severe,11,Ambulance,0,0,IL,VND0009,0
TXN0001773,POL001773,CUST01773,2022-02-13,2019-02-26,5844,2342,Severe,11,Ambulance,1,0,CA,VND0016,0
TXN0001774,POL001774,CUST01774,2024-06-11,2022-02-16,941,609,Minor,19,Ambulance,1,0,GA,VND0035,0
TXN0001775,POL001775,CUST01775,2021-10-20,2020-07-14,935,2716,Moderate,13,Ambulance,1,1,WA,VND0012,0
TXN0001776,POL001776,CUST01776,2023-12-12,2023-07-20,4926,4736,Major,16,Police,1,0,NY,VND0041,0
TXN0001777,POL001777,CUST01777,2020-12-01,2021-09-22,5931,2290,Major,15,Fire,0,1,TX,VND0034,0
TXN0001778,POL001778,CUST01778,2022-10-28,2023-09-20,2878,987,Moderate,20,Ambulance,1,1,NC,VND0012,0
TXN0001779,POL001779,CUST01779,2023-12-15,2022-02-18,4556,3681,Moderate,0,Fire,0,0,GA,VND0039,0
TXN0001780,POL001780,CUST01780,2019-11-05,2021-07-21,6998,1070,Minor,9,None,1,1,TX,VND0003,0
TXN0001781,POL001781,CUST01781,2022-02-12,2024-03-30,2395,1371,Moderate,17,Ambulance,0,0,CA,VND0020,0
TXN0001782,POL001782,CUST01782,2024-01-19,2024-07-07,1730,1159,Major,3,Police,0,0,OH,VND0009,0
TXN0001783,POL001783,CUST01783,2022-01-20,2021-07-17,6943,4476,Minor,10,Ambulance,1,1,TX,VND0001,0
TXN0001784,POL001784,CUST01784,2023-11-27,2021-01-02,2107,4915,Minor,9,Ambulance,0,0,TX,VND0038,0
TXN0001785,POL001785,CUST01785,2021-04-22,2022-08-04,3413,3063,Moderate,19,Fire,0,0,NY,VND0008,0
TXN0001786,POL001786,CUST01786,2023-11-15,2019-12-25,3206,3279,Moderate,23,None,0,1,IL,VND0035,0
TXN0001787,POL001787,CUST01787,2022-06-16,2021-02-28,3757,3404,Moderate,2,Fire,0,0,MI,VND0004,0
TXN0001788,POL001788,CUST01788,2021-08-19,2023-09-09,2027,3246,Minor,5,Police,0,0,IL,VND0045,0
TXN0001789,POL001789,CUST01789,2020-03-07,2023-12-20,4817,2948,Major,18,Police,1,1,MI,VND0049,0
TXN0001790,POL001790,CUST01790,2019-12-09,2021-04-28,46834,4940,Minor,4,None,0,1,GA,VND0016,1
TXN0001791,POL001791,CUST01791,2020-08-02,2021-03-08,1563,3799,Moderate,11,Fire,0,1,NY,VND0025,0
TXN0001792,POL001792,CUST01792,2023-02-23,2023-11-05,3470,897,Moderate,22,Fire,0,1,OH,VND0032,0
TXN0001793,POL001793,CUST01793,2021-07-28,2020-02-24,590,2263,Moderate,23,Fire,1,0,TX,VND0030,0
TXN0001794,POL001794,CUST01794,2021-02-18,2019-05-17,1701,4885,Moderate,22,Ambulance,1,1,WA,VND0002,0
TXN0001795,POL001795,CUST01795,2021-07-25,2019-06-10,6913,2316,Major,3,Ambulance,0,0,NY,VND0049,0
TXN0001796,POL001796,CUST01796,2020-11-22,2019-08-25,3643,1418,Moderate,3,None,0,0,WA,VND0047,0
TXN0001797,POL001797,CUST01797,2023-06-08,2023-11-16,4434,4408,Moderate,4,None,1,1,GA,VND0025,0
TXN0001798,POL001798,CUST01798,2021-02-23,2019-04-05,6243,3303,Moderate,18,None,0,1,FL,VND0028,0
TXN0001799,POL001799,CUST01799,2021-08-05,2020-11-12,5053,3031,Moderate,4,Fire,0,0,IL,VND0009,0
TXN0001800,POL001800,CUST01800,2022-01-27,2022-05-07,5588,2390,Moderate,10,Ambulance,0,0,TX,VND0038,0
TXN0001801,POL001801,CUST01801,2022-07-21,2022-05-22,5041,1059,Moderate,19,Fire,0,0,GA,VND0026,0
TXN0001802,POL001802,CUST01802,2020-10-31,2023-08-12,3592,2227,Moderate,11,Ambulance,1,1,CA,VND0015,0
TXN0001803,POL001803,CUST01803,2019-05-28,2024-06-06,38859,2468,Minor,22,Ambulance,1,0,GA,VND0016,1
TXN0001804,POL001804,CUST01804,2022-10-16,2021-04-02,2161,4690,Major,11,Fire,1,1,TX,VND0005,0
TXN0001805,POL001805,CUST01805,2022-01-28,2020-04-26,6254,1882,Minor,9,None,0,0,TX,VND0040,0
TXN0001806,POL001806,CUST01806,2022-07-23,2019-07-16,1423,1171,Severe,23,Fire,1,0,FL,VND0004,0
TXN0001807,POL001807,CUST01807,2021-12-27,2023-12-09,17876,2423,Moderate,13,None,0,1,CA,VND0029,1
TXN0001808,POL001808,CUST01808,2021-10-18,2021-02-02,6173,4986,Minor,4,None,1,1,MI,VND0041,0
TXN0001809,POL001809,CUST01809,2024-03-18,2023-12-24,1167,2669,Major,15,Police,0,0,WA,VND0003,0
TXN0001810,POL001810,CUST01810,2019-04-19,2020-12-13,23723,2206,Moderate,18,Fire,0,1,WA,VND0008,1
TXN0001811,POL001811,CUST01811,2019-07-05,2023-03-13,6929,3500,Severe,20,Fire,0,1,NC,VND0039,0
TXN0001812,POL001812,CUST01812,2024-02-23,2022-07-30,4090,3419,Severe,0,None,1,1,FL,VND0042,0
TXN0001813,POL001813,CUST01813,2023-11-15,2022-12-17,2514,1846,Major,2,Ambulance,0,1,NC,VND0005,0
TXN0001814,POL001814,CUST01814,2021-04-06,2022-08-16,6180,4855,Moderate,15,Police,0,1,NC,VND0014,0
TXN0001815,POL001815,CUST01815,2021-12-21,2020-09-22,3685,3168,Severe,17,None,0,1,FL,VND0031,0
TXN0001816,POL001816,CUST01816,2021-06-21,2019-08-09,1027,759,Moderate,15,Police,1,1,MI,VND0028,0
TXN0001817,POL001817,CUST01817,2024-06-24,2019-02-05,1895,2334,Major,9,Fire,1,0,WA,VND0026,0
TXN0001818,POL001818,CUST01818,2021-07-04,2021-05-07,4840,4652,Minor,18,Police,1,1,NY,VND0014,0
TXN0001819,POL001819,CUST01819,2023-03-06,2023-12-10,3296,2270,Severe,13,Police,0,1,OH,VND0027,0
TXN0001820,POL001820,CUST01820,2021-01-02,2022-07-28,1673,3055,Major,22,Ambulance,1,1,MI,VND0003,0
TXN0001821,POL001821,CUST01821,2021-02-04,2022-09-29,5633,3256,Moderate,8,Police,0,0,FL,VND0044,0
TXN0001822,POL001822,CUST01822,2022-09-15,2020-06-17,1019,3669,Severe,18,Police,0,1,WA,VND0028,0
TXN0001823,POL001823,CUST01823,2021-03-12,2021-09-17,1689,4425,Major,3,None,1,1,NY,VND0019,0
TXN0001824,POL001824,CUST01824,2019-01-28,2021-04-11,3366,1171,Severe,17,Fire,0,1,WA,VND0019,0
TXN0001825,POL001825,CUST01825,2019-12-14,2019-10-15,468,2825,Minor,17,Ambulance,0,0,FL,VND0019,0
TXN0001826,POL001826,CUST01826,2023-10-20,2022-05-31,44348,2900,Moderate,6,None,0,1,NC,VND0022,1
TXN0001827,POL001827,CUST01827,2021-01-06,2021-01-13,6387,1185,Major,1,Police,1,1,OH,VND0010,0
TXN0001828,POL001828,CUST01828,2019-07-25,2021-04-02,6599,3530,Minor,23,None,1,0,NY,VND0031,0
TXN0001829,POL001829,CUST01829,2024-02-28,2022-04-27,6129,1031,Major,1,Police,0,1,IL,VND0010,0
TXN0001830,POL001830,CUST01830,2024-06-29,2019-03-17,2403,2553,Major,11,None,1,0,FL,VND0016,0
TXN0001831,POL001831,CUST01831,2021-09-29,2024-03-08,641,1986,Minor,0,Fire,0,1,GA,VND0044,0
TXN0001832,POL001832,CUST01832,2022-06-14,2020-04-06,5741,1197,Major,10,Police,0,1,WA,VND0029,0
TXN0001833,POL001833,CUST01833,2023-02-24,2022-10-09,2738,4200,Minor,19,Police,0,0,OH,VND0046,0
TXN0001834,POL001834,CUST01834,2019-05-13,2023-04-22,5292,1598,Major,12,Fire,0,1,FL,VND0033,0
TXN0001835,POL001835,CUST01835,2020-08-18,2019-11-20,1010,1648,Major,5,Ambulance,0,1,GA,VND0040,0
TXN0001836,POL001836,CUST01836,2022-02-02,2020-05-27,30883,4344,Moderate,9,Ambulance,1,0,IL,VND0005,1
TXN0001837,POL001837,CUST01837,2022-01-08,2021-04-22,24258,4448,Moderate,2,Ambulance,1,1,WA,VND0026,1
TXN0001838,POL001838,CUST01838,2020-10-26,2023-07-14,6458,655,Moderate,14,Police,0,0,FL,VND0018,0
TXN0001839,POL001839,CUST01839,2019-01-04,2022-07-14,893,1750,Moderate,0,None,1,0,OH,VND0001,0
TXN0001840,POL001840,CUST01840,2024-03-27,2021-08-09,2973,3689,Major,8,Fire,1,1,IL,VND0005,0
TXN0001841,POL001841,CUST01841,2022-05-18,2023-09-16,28549,4001,Moderate,1,Police,0,0,MI,VND0010,1
TXN0001842,POL001842,CUST01842,2023-02-25,2021-08-21,2849,4997,Moderate,5,None,0,1,TX,VND0001,0
TXN0001843,POL001843,CUST01843,2021-05-27,2023-11-29,4674,2995,Minor,1,None,0,1,GA,VND0022,0
TXN0001844,POL001844,CUST01844,2021-10-14,2023-04-11,1294,533,Major,22,Police,0,1,MI,VND0003,0
TXN0001845,POL001845,CUST01845,2021-06-11,2019-12-26,5153,4431,Major,18,Fire,0,1,NY,VND0042,0
TXN0001846,POL001846,CUST01846,2021-05-12,2021-02-22,2075,1224,Minor,22,None,0,1,OH,VND0030,0
TXN0001847,POL001847,CUST01847,2022-09-08,2019-03-06,4091,1043,Minor,16,Ambulance,0,1,FL,VND0049,0
TXN0001848,POL001848,CUST01848,2024-06-21,2020-05-07,6182,3533,Minor,11,Police,0,1,IL,VND0005,0
TXN0001849,POL001849,CUST01849,2023-04-10,2019-03-01,4695,3217,Minor,4,Ambulance,0,1,WA,VND0004,0
TXN0001850,POL001850,CUST01850,2022-09-01,2019-08-13,3425,769,Moderate,23,Police,0,1,NY,VND0044,0
TXN0001851,POL001851,CUST01851,2019-01-25,2019-01-23,1492,1261,Major,22,Fire,0,0,FL,VND0020,0
TXN0001852,POL001852,CUST01852,2021-10-28,2022-09-25,2521,3154,Moderate,9,Police,1,1,OH,VND0038,0
TXN0001853,POL001853,CUST01853,2024-04-02,2021-04-16,5975,1649,Minor,5,Ambulance,0,0,IL,VND0010,0
TXN0001854,POL001854,CUST01854,2021-03-09,2021-08-15,1669,3578,Moderate,9,None,0,0,NC,VND0001,0
TXN0001855,POL001855,CUST01855,2022-01-07,2023-03-29,4662,2352,Major,9,Police,0,0,CA,VND0025,0
TXN0001856,POL001856,CUST01856,2020-10-13,2023-06-28,3497,3146,Moderate,22,Ambulance,0,0,WA,VND0029,0
TXN0001857,POL001857,CUST01857,2020-01-19,2021-12-20,2381,2637,Minor,1,Police,0,0,NC,VND0006,0
TXN0001858,POL001858,CUST01858,2022-11-16,2021-07-22,5073,2143,Major,15,None,0,1,MI,VND0001,0
TXN0001859,POL001859,CUST01859,2020-09-21,2022-08-12,2662,2040,Minor,18,Police,0,1,IL,VND0011,0
TXN0001860,POL001860,CUST01860,2022-03-25,2021-04-26,2149,3637,Major,18,Fire,0,0,IL,VND0006,0
TXN0001861,POL001861,CUST01861,2022-04-06,2021-06-21,3798,2814,Major,4,Police,0,1,NY,VND0050,0
TXN0001862,POL001862,CUST01862,2023-08-30,2020-09-06,5352,3174,Major,9,None,1,1,MI,VND0050,0
TXN0001863,POL001863,CUST01863,2024-02-26,2020-01-30,6076,3097,Minor,8,Police,0,1,CA,VND0001,0
TXN0001864,POL001864,CUST01864,2022-01-15,2020-02-19,4482,1434,Minor,9,Ambulance,0,0,OH,VND0023,0
TXN0001865,POL001865,CUST01865,2019-04-12,2022-08-22,4701,4609,Major,2,Police,0,0,FL,VND0020,0
TXN0001866,POL001866,CUST01866,2022-03-14,2023-08-09,5555,3034,Moderate,1,Ambulance,0,1,GA,VND0002,0
TXN0001867,POL001867,CUST01867,2023-11-11,2021-05-14,2030,3731,Moderate,0,None,0,1,WA,VND0034,0
TXN0001868,POL001868,CUST01868,2021-08-16,2019-07-25,1906,4468,Moderate,23,None,0,1,GA,VND0043,0
TXN0001869,POL001869,CUST01869,2022-02-07,2022-05-24,3491,4661,Minor,10,Police,0,1,CA,VND0031,0
TXN0001870,POL001870,CUST01870,2023-03-11,2023-12-31,4490,3500,Moderate,5,None,1,1,NY,VND0046,0
TXN0001871,POL001871,CUST01871,2021-05-31,2021-12-09,4592,4042,Severe,19,Fire,0,1,CA,VND0032,0
TXN0001872,POL001872,CUST01872,2021-04-12,2019-03-10,1245,2623,Major,11,Ambulance,0,1,IL,VND0028,0
TXN0001873,POL001873,CUST01873,2021-08-25,2019-06-28,5508,3820,Moderate,8,None,0,1,TX,VND0048,0
TXN0001874,POL001874,CUST01874,2023-09-06,2021-11-28,2673,1947,Severe,2,Police,0,1,GA,VND0036,0
TXN0001875,POL001875,CUST01875,2021-09-06,2023-10-11,6165,3703,Major,9,Fire,0,0,OH,VND0039,0
TXN0001876,POL001876,CUST01876,2020-10-18,2019-05-12,5125,886,Minor,15,None,0,1,NY,VND0040,0
TXN0001877,POL001877,CUST01877,2022-04-12,2023-03-08,6884,4614,Major,14,Police,1,0,MI,VND0002,0
TXN0001878,POL001878,CUST01878,2022-10-22,2023-04-29,4495,1600,Minor,9,Fire,1,0,NC,VND0037,0
TXN0001879,POL001879,CUST01879,2024-01-06,2019-04-28,3786,3454,Moderate,14,Ambulance,1,1,GA,VND0038,0
TXN0001880,POL001880,CUST01880,2023-11-28,2020-03-14,1477,550,Moderate,18,None,0,0,NY,VND0025,0
TXN0001881,POL001881,CUST01881,2023-04-21,2019-01-23,2910,1200,Minor,22,Fire,0,1,FL,VND0029,0
TXN0001882,POL001882,CUST01882,2023-03-24,2022-02-24,6036,4939,Minor,12,Fire,0,1,OH,VND0042,0
TXN0001883,POL001883,CUST01883,2021-06-20,2019-12-31,2797,4250,Moderate,5,None,1,0,NC,VND0008,0
TXN0001884,POL001884,CUST01884,2020-11-18,2024-01-29,562,1501,Minor,3,Police,0,0,MI,VND0027,0
TXN0001885,POL001885,CUST01885,2022-02-03,2019-07-17,1866,1088,Moderate,3,Fire,0,0,NC,VND0039,0
TXN0001886,POL001886,CUST01886,2022-11-18,2022-08-10,4247,4166,Minor,0,Fire,0,1,CA,VND0013,0
TXN0001887,POL001887,CUST01887,2021-11-06,2023-05-13,21610,4955,Major,13,Fire,0,0,WA,VND0014,1
TXN0001888,POL001888,CUST01888,2020-02-20,2020-01-08,6889,1258,Major,5,Ambulance,0,0,FL,VND0001,0
TXN0001889,POL001889,CUST01889,2019-01-30,2020-06-05,6550,3487,Minor,5,Police,0,1,CA,VND0016,0
TXN0001890,POL001890,CUST01890,2019-04-27,2023-06-02,3814,1776,Major,17,Fire,0,0,OH,VND0018,0
TXN0001891,POL001891,CUST01891,2021-05-05,2019-07-20,3970,3849,Minor,7,None,0,1,IL,VND0048,0
TXN0001892,POL001892,CUST01892,2023-05-08,2021-06-19,5644,2382,Moderate,19,None,0,0,TX,VND0005,0
TXN0001893,POL001893,CUST01893,2023-05-05,2020-05-31,530,1064,Moderate,3,None,0,1,FL,VND0033,0
TXN0001894,POL001894,CUST01894,2023-06-10,2019-02-10,16809,1959,Minor,8,Ambulance,1,1,FL,VND0004,1
TXN0001895,POL001895,CUST01895,2022-11-24,2021-07-09,3423,2923,Minor,1,Ambulance,0,0,IL,VND0040,0
TXN0001896,POL001896,CUST01896,2019-02-16,2021-09-18,5525,4092,Major,12,Police,0,0,NC,VND0024,0
TXN0001897,POL001897,CUST01897,2023-11-08,2020-12-12,5642,594,Major,2,Police,0,0,GA,VND0022,0
TXN0001898,POL001898,CUST01898,2024-03-17,2023-07-04,4658,4809,Severe,5,Ambulance,0,0,CA,VND0048,0
TXN0001899,POL001899,CUST01899,2023-09-02,2019-07-26,43973,3423,Severe,17,Fire,0,0,TX,VND0038,1
TXN0001900,POL001900,CUST01900,2021-06-13,2021-05-27,20403,4438,Moderate,21,None,0,1,GA,VND0006,1
TXN0001901,POL001901,CUST01901,2020-03-06,2020-01-12,4144,4685,Minor,13,Police,0,0,MI,VND0014,0
TXN0001902,POL001902,CUST01902,2023-12-22,2023-03-17,25867,1191,Minor,23,None,0,0,CA,VND0014,1
TXN0001903,POL001903,CUST01903,2020-01-07,2022-02-05,2134,921,Moderate,18,Police,0,0,NY,VND0031,0
TXN0001904,POL001904,CUST01904,2023-05-01,2022-12-01,5244,3995,Major,18,Fire,1,1,TX,VND0042,0
TXN0001905,POL001905,CUST01905,2024-04-21,2019-08-18,4404,1345,Minor,23,Fire,0,0,IL,VND0032,0
TXN0001906,POL001906,CUST01906,2023-12-13,2021-07-20,1817,1165,Minor,2,None,0,1,NY,VND0021,0
TXN0001907,POL001907,CUST01907,2021-11-11,2019-04-26,6169,2608,Moderate,5,Ambulance,1,1,TX,VND0038,0
TXN0001908,POL001908,CUST01908,2023-07-31,2020-10-25,38026,4610,Major,10,Police,1,0,WA,VND0038,1
TXN0001909,POL001909,CUST01909,2023-07-26,2024-03-27,4457,4080,Moderate,14,None,0,0,NC,VND0005,0
TXN0001910,POL001910,CUST01910,2024-05-08,2023-01-12,1748,2830,Major,23,Ambulance,0,0,OH,VND0028,0
TXN0001911,POL001911,CUST01911,2020-12-24,2019-06-21,9952,1384,Moderate,2,Police,0,1,NC,VND0036,1
TXN0001912,POL001912,CUST01912,2022-06-16,2021-01-24,1809,2013,Moderate,5,None,1,0,NY,VND0031,0
TXN0001913,POL001913,CUST01913,2023-06-29,2023-10-29,3140,3598,Moderate,7,Police,0,0,WA,VND0013,0
TXN0001914,POL001914,CUST01914,2020-04-01,2019-12-22,6038,1206,Major,16,Fire,1,1,IL,VND0009,0
TXN0001915,POL001915,CUST01915,2020-03-28,2023-03-15,3740,2859,Major,22,Police,0,1,NY,VND0015,0
TXN0001916,POL001916,CUST01916,2021-02-20,2020-10-20,1852,553,Moderate,22,Police,0,0,OH,VND0018,0
TXN0001917,POL001917,CUST01917,2020-12-23,2021-08-29,744,1962,Minor,17,Ambulance,1,1,OH,VND0047,0
TXN0001918,POL001918,CUST01918,2023-02-18,2023-11-10,2654,1615,Minor,18,Ambulance,0,0,GA,VND0032,0
TXN0001919,POL001919,CUST01919,2024-02-22,2022-09-26,4770,3564,Minor,9,Fire,0,0,MI,VND0042,0
TXN0001920,POL001920,CUST01920,2019-11-12,2020-08-06,5059,4613,Minor,14,Fire,0,0,FL,VND0002,0
TXN0001921,POL001921,CUST01921,2020-10-14,2019-02-01,1716,1159,Minor,4,Ambulance,0,1,NC,VND0040,0
TXN0001922,POL001922,CUST01922,2024-02-10,2020-04-30,1279,4087,Major,12,Police,0,0,TX,VND0010,0
TXN0001923,POL001923,CUST01923,2022-04-08,2021-05-02,4969,3451,Major,7,Police,0,1,FL,VND0029,0
TXN0001924,POL001924,CUST01924,2020-02-16,2019-10-09,1281,4864,Major,22,Police,0,1,IL,VND0020,0
TXN0001925,POL001925,CUST01925,2022-04-26,2023-11-21,636,4601,Major,8,Police,0,1,OH,VND0044,0
TXN0001926,POL001926,CUST01926,2023-10-25,2019-05-05,37181,953,Severe,9,None,1,0,GA,VND0034,1
TXN0001927,POL001927,CUST01927,2021-01-20,2022-01-04,4082,3844,Severe,9,Ambulance,0,0,TX,VND0024,0
TXN0001928,POL001928,CUST01928,2021-08-28,2024-05-29,1857,3164,Minor,21,Police,0,1,MI,VND0026,0
TXN0001929,POL001929,CUST01929,2022-05-16,2020-11-17,47141,1008,Minor,22,Ambulance,0,0,OH,VND0036,1
TXN0001930,POL001930,CUST01930,2023-08-15,2021-12-27,1802,1657,Minor,10,Fire,0,1,OH,VND0036,0
TXN0001931,POL001931,CUST01931,2022-02-07,2019-06-11,2531,4671,Major,23,Police,1,0,NC,VND0029,0
TXN0001932,POL001932,CUST01932,2024-04-07,2023-01-19,262,2943,Minor,18,None,1,1,GA,VND0037,0
TXN0001933,POL001933,CUST01933,2023-02-24,2024-05-30,279,2023,Moderate,20,None,1,1,IL,VND0040,0
TXN0001934,POL001934,CUST01934,2021-04-27,2023-04-16,2719,1942,Moderate,21,None,1,1,IL,VND0002,0
TXN0001935,POL001935,CUST01935,2021-09-05,2019-11-11,335,4270,Moderate,7,None,0,1,FL,VND0019,0
TXN0001936,POL001936,CUST01936,2022-10-30,2020-12-22,14643,1775,Moderate,13,Ambulance,0,0,OH,VND0046,1
TXN0001937,POL001937,CUST01937,2019-05-22,2023-01-06,4150,1215,Major,6,None,0,0,FL,VND0017,0
TXN0001938,POL001938,CUST01938,2020-03-31,2023-06-07,411,3082,Moderate,7,Ambulance,1,0,GA,VND0042,0
TXN0001939,POL001939,CUST01939,2020-04-23,2021-04-03,4401,4966,Major,11,Police,0,1,IL,VND0028,0
TXN0001940,POL001940,CUST01940,2023-05-27,2024-04-28,14020,1324,Minor,1,Police,0,0,FL,VND0014,1
TXN0001941,POL001941,CUST01941,2023-07-09,2020-02-27,4098,1648,Major,5,None,1,0,IL,VND0018,0
TXN0001942,POL001942,CUST01942,2023-07-04,2023-02-12,4461,2611,Moderate,19,Fire,0,0,WA,VND0025,0
TXN0001943,POL001943,CUST01943,2019-07-31,2021-10-07,5702,1399,Minor,3,Ambulance,1,0,OH,VND0007,0
TXN0001944,POL001944,CUST01944,2020-08-15,2022-12-14,681,3428,Severe,14,Police,1,1,NY,VND0016,0
TXN0001945,POL001945,CUST01945,2020-09-18,2022-04-25,1348,1641,Severe,18,Fire,1,1,IL,VND0035,0
TXN0001946,POL001946,CUST01946,2019-02-18,2021-05-31,2355,1076,Major,6,Police,0,0,GA,VND0046,0
TXN0001947,POL001947,CUST01947,2020-06-01,2023-07-10,4879,1675,Severe,10,Police,0,0,TX,VND0048,0
TXN0001948,POL001948,CUST01948,2021-05-15,2023-08-31,6135,4687,Moderate,21,Police,1,1,OH,VND0020,0
TXN0001949,POL001949,CUST01949,2023-11-13,2023-07-14,32294,4707,Minor,20,Police,0,1,CA,VND0040,1
TXN0001950,POL001950,CUST01950,2019-12-08,2019-07-12,4158,2775,Minor,22,Ambulance,0,1,MI,VND0020,0
TXN0001951,POL001951,CUST01951,2023-09-23,2021-05-13,2988,2302,Major,15,Police,1,1,GA,VND0041,0
TXN0001952,POL001952,CUST01952,2023-07-01,2023-02-28,16496,4187,Major,21,Police,1,1,TX,VND0046,1
TXN0001953,POL001953,CUST01953,2019-11-14,2023-10-21,606,1374,Severe,9,Ambulance,1,1,IL,VND0023,0
TXN0001954,POL001954,CUST01954,2020-06-08,2021-01-10,3362,3442,Major,14,Police,0,1,MI,VND0031,0
TXN0001955,POL001955,CUST01955,2021-07-08,2023-02-10,3687,3560,Moderate,16,Ambulance,0,1,WA,VND0044,0
TXN0001956,POL001956,CUST01956,2024-03-08,2022-02-24,1616,3695,Minor,23,None,1,1,TX,VND0007,0
TXN0001957,POL001957,CUST01957,2023-04-25,2020-04-01,5422,1480,Minor,8,None,0,1,FL,VND0013,0
TXN0001958,POL001958,CUST01958,2024-05-04,2023-12-13,28726,3722,Moderate,20,Police,0,0,TX,VND0032,1
TXN0001959,POL001959,CUST01959,2020-09-19,2021-06-26,2253,3253,Major,12,Police,0,0,NY,VND0009,0
TXN0001960,POL001960,CUST01960,2023-12-30,2022-05-13,6415,4437,Minor,2,Ambulance,1,1,MI,VND0040,0
TXN0001961,POL001961,CUST01961,2024-04-02,2020-08-16,928,1284,Severe,15,Fire,0,1,NC,VND0014,0
TXN0001962,POL001962,CUST01962,2022-04-18,2019-03-07,6392,3261,Major,23,Fire,0,0,FL,VND0017,0
TXN0001963,POL001963,CUST01963,2019-11-06,2021-07-12,5422,4233,Moderate,10,Fire,0,0,NY,VND0041,0
TXN0001964,POL001964,CUST01964,2020-06-20,2023-01-04,1722,1751,Major,13,Ambulance,0,0,GA,VND0027,0
TXN0001965,POL001965,CUST01965,2019-09-16,2020-11-01,4621,3847,Moderate,22,Fire,1,0,OH,VND0040,0
TXN0001966,POL001966,CUST01966,2023-06-09,2024-02-23,32412,947,Major,22,Police,0,1,IL,VND0032,1
TXN0001967,POL001967,CUST01967,2020-09-20,2023-03-01,5638,3731,Moderate,9,Police,0,1,IL,VND0026,0
TXN0001968,POL001968,CUST01968,2022-11-09,2022-07-27,1292,3228,Moderate,18,Police,0,1,WA,VND0026,0
TXN0001969,POL001969,CUST01969,2020-06-20,2023-06-22,1865,1366,Minor,15,Fire,0,0,OH,VND0041,0
TXN0001970,POL001970,CUST01970,2024-05-15,2023-10-10,2288,798,Moderate,15,None,0,0,NC,VND0050,0
TXN0001971,POL001971,CUST01971,2023-04-02,2023-01-02,1557,3854,Major,17,None,1,0,WA,VND0002,0
TXN0001972,POL001972,CUST01972,2021-01-27,2023-07-30,2463,1585,Severe,7,Fire,0,0,NY,VND0026,0
TXN0001973,POL001973,CUST01973,2021-08-14,2022-12-17,4297,2738,Major,7,Police,0,1,NC,VND0040,0
TXN0001974,POL001974,CUST01974,2019-04-28,2023-10-10,4505,773,Minor,0,Police,0,0,MI,VND0033,0
TXN0001975,POL001975,CUST01975,2019-10-02,2019-08-11,3966,4835,Severe,20,None,1,1,FL,VND0025,0
TXN0001976,POL001976,CUST01976,2024-06-26,2020-12-05,1489,2969,Minor,6,Fire,1,1,FL,VND0040,0
TXN0001977,POL001977,CUST01977,2023-06-26,2023-12-02,1576,4692,Minor,16,None,0,0,TX,VND0024,0
TXN0001978,POL001978,CUST01978,2023-08-10,2021-08-24,6451,1221,Major,16,Ambulance,0,0,GA,VND0007,0
TXN0001979,POL001979,CUST01979,2022-07-15,2019-02-14,1909,1426,Severe,16,None,0,0,NC,VND0014,0
TXN0001980,POL001980,CUST01980,2020-03-20,2023-09-13,901,3246,Severe,20,Police,1,0,NC,VND0003,0
TXN0001981,POL001981,CUST01981,2019-07-31,2022-08-23,3287,3220,Major,20,None,1,1,NY,VND0036,0
TXN0001982,POL001982,CUST01982,2022-12-27,2024-01-17,246,4058,Minor,0,Ambulance,1,1,NC,VND0049,0
TXN0001983,POL001983,CUST01983,2020-10-27,2019-02-16,2530,4676,Minor,20,Fire,1,1,CA,VND0019,0
TXN0001984,POL001984,CUST01984,2019-01-02,2019-11-05,6013,4198,Minor,4,Ambulance,0,1,GA,VND0037,0
TXN0001985,POL001985,CUST01985,2019-02-15,2021-11-05,2018,1130,Moderate,15,Fire,0,1,IL,VND0050,0
TXN0001986,POL001986,CUST01986,2022-01-24,2020-01-14,4985,1892,Moderate,16,Ambulance,0,1,MI,VND0020,0
TXN0001987,POL001987,CUST01987,2023-08-14,2021-11-25,3530,4612,Minor,1,None,1,0,WA,VND0045,0
TXN0001988,POL001988,CUST01988,2020-12-29,2020-12-11,2616,2970,Moderate,6,None,0,0,OH,VND0001,0
TXN0001989,POL001989,CUST01989,2024-06-29,2020-03-12,4698,4401,Moderate,21,None,0,0,GA,VND0034,0
TXN0001990,POL001990,CUST01990,2021-02-04,2023-04-10,4249,3033,Major,3,Fire,0,0,WA,VND0009,0
TXN0001991,POL001991,CUST01991,2023-01-11,2019-04-03,18177,723,Moderate,5,None,0,1,NY,VND0040,1
TXN0001992,POL001992,CUST01992,2020-05-05,2023-11-06,1720,2627,Moderate,1,None,1,0,TX,VND0001,0
TXN0001993,POL001993,CUST01993,2022-05-03,2019-11-19,6434,4210,Major,4,Police,0,1,OH,VND0042,0
TXN0001994,POL001994,CUST01994,2020-07-05,2022-03-25,11999,3448,Major,15,Fire,1,0,NY,VND0020,1
TXN0001995,POL001995,CUST01995,2023-04-11,2024-06-27,6724,1097,Minor,20,Ambulance,0,1,GA,VND0012,0
TXN0001996,POL001996,CUST01996,2021-07-01,2019-08-30,3403,1445,Minor,14,Fire,0,0,NC,VND0028,0
TXN0001997,POL001997,CUST01997,2019-03-25,2024-02-19,6977,4344,Severe,6,Police,1,0,OH,VND0050,0
TXN0001998,POL001998,CUST01998,2020-05-13,2020-09-15,2601,4906,Major,20,Ambulance,1,1,NY,VND0009,0
TXN0001999,POL001999,CUST01999,2020-12-07,2023-02-10,4045,3888,Minor,8,Fire,1,0,OH,VND0016,0
TXN0002000,POL002000,CUST02000,2021-07-25,2023-10-01,4383,941,Moderate,7,Ambulance,0,1,IL,VND0032,0
