CUSTOMER_ID,CUSTOMER_NAME,AGE,MARITAL_STATUS,EMPLOYMENT_STATUS,NO_OF_FAMILY_MEMBERS,HOUSE_TYPE,SOCIAL_CLASS,CUSTOMER_EDUCATION_LEVEL,TENURE,SSN,STATE,IS_FRAUD
CUST00001,Customer_1,23,Divorced,Employed,4,Rented,Lower,None,5,627-60-5949,OH,0
CUST00002,Customer_2,77,Divorced,Unemployed,6,Owned,Middle,High School,5,819-97-3135,IL,0
CUST00003,Customer_3,50,Married,Unemployed,3,Leased,Lower,Master,13,115-67-1994,WA,0
CUST00004,Customer_4,79,Married,Retired,6,Owned,Middle,Bachelor,19,484-92-6963,MI,0
CUST00005,Customer_5,43,Single,Unemployed,1,Rented,Middle,PhD,18,942-12-7358,GA,1
CUST00006,Customer_6,69,Married,Unemployed,3,Leased,Lower,PhD,3,381-16-3765,MI,0
CUST00007,Customer_7,38,Single,Self-Employed,2,Rented,Lower,High School,13,939-47-9257,NY,0
CUST00008,Customer_8,45,Married,Self-Employed,1,Rented,Lower,Master,15,202-68-4929,TX,0
CUST00009,Customer_9,39,Widowed,Self-Employed,4,Owned,Lower,Bachelor,1,369-58-6526,OH,1
CUST00010,Customer_10,51,Single,Retired,7,Rented,Middle,None,13,123-68-3707,CA,0
CUST00011,Customer_11,31,Divorced,Self-Employed,2,Owned,Lower,Bachelor,9,822-25-3572,WA,0
CUST00012,Customer_12,49,Single,Retired,7,Owned,Middle,High School,4,973-31-2171,TX,0
CUST00013,Customer_13,70,Divorced,Self-Employed,6,Leased,Upper,PhD,16,594-65-6099,MI,0
CUST00014,Customer_14,27,Married,Unemployed,7,Rented,Middle,None,18,461-19-3585,GA,0
CUST00015,Customer_15,67,Divorced,Self-Employed,1,Rented,Middle,None,12,150-86-3336,FL,0
CUST00016,Customer_16,70,Married,Self-Employed,7,Leased,Upper,High School,4,697-33-6582,OH,0
CUST00017,Customer_17,20,Widowed,Retired,3,Leased,Middle,PhD,9,182-18-3844,OH,0
CUST00018,Customer_18,59,Divorced,Unemployed,5,Owned,Middle,Bachelor,10,332-38-3488,NC,1
CUST00019,Customer_19,48,Divorced,Self-Employed,3,Leased,Middle,High School,18,724-48-2386,IL,0
CUST00020,Customer_20,57,Divorced,Self-Employed,4,Leased,Middle,Master,16,928-66-4632,OH,0
CUST00021,Customer_21,36,Widowed,Retired,4,Owned,Middle,None,13,558-39-4536,IL,0
CUST00022,Customer_22,31,Divorced,Employed,6,Leased,Middle,None,15,163-83-4464,CA,0
CUST00023,Customer_23,35,Single,Retired,3,Owned,Lower,PhD,14,725-14-1824,NC,0
CUST00024,Customer_24,27,Single,Unemployed,1,Owned,Middle,Master,7,428-13-9709,FL,0
CUST00025,Customer_25,43,Divorced,Self-Employed,5,Owned,Middle,Master,3,135-59-4157,FL,0
CUST00026,Customer_26,72,Married,Unemployed,6,Leased,Lower,Bachelor,16,287-22-3692,NY,0
CUST00027,Customer_27,66,Divorced,Retired,1,Rented,Lower,High School,11,146-60-3112,OH,0
CUST00028,Customer_28,29,Divorced,Self-Employed,6,Rented,Middle,Master,19,117-20-9095,NC,1
CUST00029,Customer_29,52,Single,Self-Employed,6,Owned,Upper,High School,13,315-61-4686,MI,0
CUST00030,Customer_30,22,Divorced,Retired,5,Owned,Middle,High School,10,542-86-7445,OH,0
CUST00031,Customer_31,21,Widowed,Self-Employed,7,Rented,Lower,PhD,13,595-27-8647,NY,0
CUST00032,Customer_32,56,Married,Retired,3,Owned,Lower,None,13,119-59-6536,WA,0
CUST00033,Customer_33,36,Widowed,Retired,1,Rented,Lower,PhD,19,950-24-3599,IL,0
CUST00034,Customer_34,61,Widowed,Unemployed,5,Rented,Lower,None,7,111-31-9359,TX,0
CUST00035,Customer_35,27,Married,Employed,5,Owned,Middle,Master,8,107-80-9413,MI,0
CUST00036,Customer_36,25,Widowed,Employed,7,Rented,Middle,PhD,7,202-42-9066,WA,0
CUST00037,Customer_37,62,Widowed,Self-Employed,2,Owned,Upper,Bachelor,3,747-16-8790,FL,1
CUST00038,Customer_38,30,Widowed,Employed,2,Owned,Middle,Master,9,821-37-4729,FL,0
CUST00039,Customer_39,21,Married,Retired,5,Owned,Middle,High School,9,374-56-8014,NY,0
CUST00040,Customer_40,66,Divorced,Unemployed,3,Owned,Upper,PhD,4,700-96-1888,NY,0
CUST00041,Customer_41,61,Divorced,Self-Employed,2,Leased,Middle,Master,16,930-90-4439,TX,0
CUST00042,Customer_42,75,Married,Retired,5,Owned,Lower,Master,14,229-30-9473,CA,0
CUST00043,Customer_43,55,Divorced,Employed,2,Owned,Upper,None,5,108-18-1651,TX,0
CUST00044,Customer_44,47,Widowed,Unemployed,6,Rented,Lower,High School,4,254-80-1517,FL,0
CUST00045,Customer_45,59,Single,Self-Employed,3,Leased,Lower,Master,12,967-45-5785,TX,0
CUST00046,Customer_46,67,Widowed,Employed,5,Rented,Middle,Bachelor,1,631-82-6625,TX,0
CUST00047,Customer_47,57,Married,Self-Employed,5,Rented,Upper,PhD,3,154-83-1793,WA,0
CUST00048,Customer_48,37,Widowed,Employed,5,Leased,Middle,PhD,9,575-87-5590,FL,0
CUST00049,Customer_49,73,Single,Employed,3,Rented,Lower,PhD,19,476-39-8066,MI,0
CUST00050,Customer_50,61,Widowed,Employed,1,Rented,Middle,None,2,685-82-9175,OH,1
CUST00051,Customer_51,72,Married,Employed,5,Rented,Upper,Bachelor,11,632-41-6339,IL,0
CUST00052,Customer_52,52,Widowed,Unemployed,4,Leased,Middle,Bachelor,11,420-28-4089,NC,1
CUST00053,Customer_53,45,Married,Retired,7,Leased,Lower,Bachelor,5,530-30-3837,CA,0
CUST00054,Customer_54,70,Divorced,Self-Employed,7,Leased,Middle,None,10,609-22-1950,NC,0
CUST00055,Customer_55,55,Divorced,Unemployed,1,Rented,Middle,Master,13,796-84-3820,IL,0
CUST00056,Customer_56,66,Single,Employed,3,Owned,Middle,PhD,3,223-51-2565,MI,0
CUST00057,Customer_57,73,Single,Retired,3,Leased,Middle,Bachelor,19,888-16-5531,WA,0
CUST00058,Customer_58,35,Divorced,Unemployed,3,Owned,Lower,None,5,442-51-7818,NC,0
CUST00059,Customer_59,29,Married,Self-Employed,6,Rented,Middle,Master,8,335-90-9801,TX,1
CUST00060,Customer_60,27,Divorced,Retired,3,Leased,Lower,None,1,490-44-3115,WA,1
CUST00061,Customer_61,55,Widowed,Self-Employed,2,Rented,Middle,Master,12,831-74-5047,NC,0
CUST00062,Customer_62,68,Widowed,Self-Employed,3,Leased,Middle,High School,12,718-42-7134,CA,0
CUST00063,Customer_63,78,Single,Retired,6,Owned,Middle,Bachelor,3,837-49-6995,TX,0
CUST00064,Customer_64,20,Married,Employed,3,Leased,Upper,Master,6,608-16-1557,WA,0
CUST00065,Customer_65,18,Single,Unemployed,2,Owned,Middle,High School,15,336-32-2708,MI,0
CUST00066,Customer_66,60,Divorced,Unemployed,6,Leased,Middle,PhD,14,933-63-1375,IL,0
CUST00067,Customer_67,34,Divorced,Unemployed,1,Leased,Lower,Bachelor,6,912-36-9891,WA,0
CUST00068,Customer_68,47,Widowed,Retired,4,Owned,Lower,None,12,303-17-2172,IL,0
CUST00069,Customer_69,22,Married,Self-Employed,1,Rented,Middle,None,15,447-92-5970,MI,1
CUST00070,Customer_70,22,Married,Employed,5,Rented,Middle,High School,8,213-38-5403,OH,0
CUST00071,Customer_71,50,Divorced,Self-Employed,7,Leased,Lower,Bachelor,4,589-84-1410,GA,0
CUST00072,Customer_72,60,Single,Employed,4,Leased,Middle,PhD,1,103-74-1976,CA,0
CUST00073,Customer_73,72,Single,Unemployed,7,Owned,Upper,None,19,714-40-4492,WA,0
CUST00074,Customer_74,47,Divorced,Unemployed,7,Rented,Middle,None,7,232-78-2643,TX,0
CUST00075,Customer_75,58,Married,Retired,6,Leased,Middle,High School,16,107-62-2364,FL,1
CUST00076,Customer_76,71,Married,Self-Employed,2,Owned,Middle,Bachelor,7,253-29-6748,IL,0
CUST00077,Customer_77,44,Widowed,Retired,1,Rented,Middle,High School,14,776-91-9837,NC,0
CUST00078,Customer_78,30,Single,Retired,1,Owned,Middle,Bachelor,7,306-29-2910,NC,0
CUST00079,Customer_79,69,Widowed,Retired,3,Leased,Middle,PhD,12,268-11-6288,GA,0
CUST00080,Customer_80,18,Divorced,Unemployed,3,Leased,Middle,Bachelor,19,113-13-4569,MI,0
CUST00081,Customer_81,35,Married,Employed,2,Owned,Middle,PhD,15,828-53-4577,GA,0
CUST00082,Customer_82,26,Widowed,Employed,7,Leased,Middle,Bachelor,4,264-70-3906,TX,0
CUST00083,Customer_83,57,Divorced,Retired,6,Leased,Lower,Master,10,995-22-8068,NC,0
CUST00084,Customer_84,34,Married,Retired,5,Owned,Upper,Master,6,712-42-4536,FL,0
CUST00085,Customer_85,39,Married,Retired,5,Rented,Middle,Bachelor,5,964-75-1387,OH,1
CUST00086,Customer_86,58,Married,Unemployed,5,Rented,Middle,High School,16,594-75-4395,GA,1
CUST00087,Customer_87,36,Widowed,Retired,7,Rented,Middle,Bachelor,19,720-65-3952,NY,0
CUST00088,Customer_88,40,Married,Self-Employed,3,Rented,Middle,PhD,18,106-13-7212,NY,0
CUST00089,Customer_89,48,Single,Employed,1,Leased,Middle,PhD,16,797-43-5282,FL,0
CUST00090,Customer_90,25,Divorced,Self-Employed,3,Rented,Middle,High School,9,561-88-5710,FL,0
CUST00091,Customer_91,75,Widowed,Retired,2,Rented,Middle,Bachelor,10,613-59-2171,WA,0
CUST00092,Customer_92,78,Married,Unemployed,7,Leased,Middle,None,11,731-90-1995,NY,0
CUST00093,Customer_93,62,Widowed,Retired,4,Owned,Middle,None,14,164-53-7882,IL,0
CUST00094,Customer_94,24,Married,Retired,3,Rented,Lower,High School,2,174-76-3107,NC,0
CUST00095,Customer_95,47,Married,Retired,1,Leased,Lower,PhD,16,264-26-5734,FL,0
CUST00096,Customer_96,40,Divorced,Employed,5,Leased,Middle,PhD,16,638-51-6454,TX,0
CUST00097,Customer_97,28,Single,Employed,5,Owned,Middle,High School,19,823-83-7561,FL,0
CUST00098,Customer_98,72,Widowed,Self-Employed,6,Rented,Lower,Bachelor,12,569-29-7701,CA,1
CUST00099,Customer_99,43,Divorced,Employed,1,Owned,Middle,High School,9,705-89-7410,IL,1
CUST00100,Customer_100,58,Married,Retired,5,Leased,Middle,PhD,10,220-60-7488,CA,0
CUST00101,Customer_101,60,Single,Employed,3,Leased,Lower,None,12,996-39-8740,NY,0
CUST00102,Customer_102,37,Divorced,Self-Employed,2,Owned,Middle,High School,6,349-43-9665,OH,0
CUST00103,Customer_103,39,Divorced,Unemployed,2,Leased,Middle,Bachelor,15,247-28-8517,FL,0
CUST00104,Customer_104,78,Widowed,Employed,3,Leased,Middle,Master,9,922-19-8412,FL,0
CUST00105,Customer_105,69,Married,Unemployed,6,Rented,Lower,High School,6,629-88-5471,GA,0
CUST00106,Customer_106,49,Single,Employed,1,Owned,Middle,Bachelor,14,626-30-6261,OH,0
CUST00107,Customer_107,51,Married,Retired,7,Owned,Lower,Bachelor,7,476-45-3517,NC,0
CUST00108,Customer_108,18,Widowed,Unemployed,7,Leased,Upper,High School,2,460-24-8655,MI,0
CUST00109,Customer_109,30,Widowed,Self-Employed,7,Owned,Middle,PhD,10,464-44-9814,FL,1
CUST00110,Customer_110,18,Married,Unemployed,6,Leased,Upper,PhD,10,537-72-9966,FL,0
CUST00111,Customer_111,67,Single,Self-Employed,3,Owned,Lower,High School,6,875-41-5792,OH,0
CUST00112,Customer_112,76,Single,Employed,3,Rented,Upper,High School,1,839-54-3494,TX,0
CUST00113,Customer_113,28,Divorced,Employed,1,Owned,Lower,High School,10,575-12-8927,NC,0
CUST00114,Customer_114,35,Single,Employed,7,Leased,Middle,None,15,633-32-5313,CA,0
CUST00115,Customer_115,39,Divorced,Unemployed,6,Leased,Lower,Master,16,128-80-5777,NY,0
CUST00116,Customer_116,68,Single,Unemployed,2,Owned,Middle,Master,5,103-50-1634,WA,0
CUST00117,Customer_117,43,Married,Self-Employed,7,Rented,Middle,High School,9,448-86-6884,NC,0
CUST00118,Customer_118,20,Widowed,Unemployed,1,Rented,Upper,High School,18,532-55-5556,OH,0
CUST00119,Customer_119,54,Married,Self-Employed,6,Rented,Middle,None,7,187-30-8347,CA,0
CUST00120,Customer_120,27,Divorced,Employed,1,Rented,Middle,None,10,932-22-9228,MI,0
CUST00121,Customer_121,58,Married,Unemployed,6,Leased,Upper,Master,13,127-55-8446,IL,0
CUST00122,Customer_122,71,Widowed,Self-Employed,7,Owned,Lower,High School,9,295-94-9844,MI,0
CUST00123,Customer_123,22,Married,Unemployed,7,Owned,Upper,High School,16,481-89-1712,NC,1
CUST00124,Customer_124,79,Widowed,Unemployed,2,Leased,Middle,None,7,568-36-6636,WA,0
CUST00125,Customer_125,59,Widowed,Employed,2,Owned,Middle,Master,10,325-49-7585,TX,1
CUST00126,Customer_126,21,Married,Employed,1,Leased,Middle,Bachelor,10,285-84-7132,MI,0
CUST00127,Customer_127,31,Single,Employed,6,Owned,Middle,High School,15,325-69-3860,NC,0
CUST00128,Customer_128,28,Widowed,Employed,2,Rented,Lower,Master,7,592-64-8329,FL,1
CUST00129,Customer_129,72,Divorced,Employed,3,Leased,Middle,None,6,413-50-4982,MI,1
CUST00130,Customer_130,62,Widowed,Retired,3,Leased,Middle,None,7,873-84-2952,OH,0
CUST00131,Customer_131,41,Married,Retired,3,Leased,Upper,PhD,5,194-95-2503,GA,0
CUST00132,Customer_132,50,Married,Retired,4,Rented,Upper,High School,4,284-20-2440,WA,0
CUST00133,Customer_133,39,Single,Self-Employed,3,Rented,Middle,PhD,16,156-63-5588,OH,0
CUST00134,Customer_134,43,Widowed,Self-Employed,2,Rented,Lower,PhD,7,183-68-2511,GA,0
CUST00135,Customer_135,57,Widowed,Self-Employed,3,Leased,Middle,None,6,583-74-4833,MI,0
CUST00136,Customer_136,30,Widowed,Retired,6,Leased,Middle,High School,16,377-89-8200,NC,1
CUST00137,Customer_137,65,Married,Self-Employed,1,Rented,Upper,None,15,859-23-3458,GA,0
CUST00138,Customer_138,76,Married,Unemployed,7,Rented,Lower,PhD,5,446-24-4476,WA,0
CUST00139,Customer_139,78,Married,Employed,3,Leased,Middle,PhD,6,322-52-7365,WA,0
CUST00140,Customer_140,28,Single,Retired,3,Owned,Middle,High School,16,468-74-4480,GA,1
CUST00141,Customer_141,43,Single,Unemployed,4,Leased,Upper,None,6,544-39-1762,CA,0
CUST00142,Customer_142,34,Married,Retired,7,Rented,Upper,High School,17,113-26-6548,GA,0
CUST00143,Customer_143,57,Divorced,Self-Employed,6,Owned,Middle,Bachelor,12,189-52-2194,NY,0
CUST00144,Customer_144,38,Widowed,Unemployed,6,Rented,Upper,High School,13,435-34-2902,OH,0
CUST00145,Customer_145,42,Widowed,Self-Employed,2,Leased,Middle,Bachelor,11,563-89-6876,NY,0
CUST00146,Customer_146,26,Divorced,Self-Employed,7,Rented,Middle,PhD,1,313-85-9287,NY,0
CUST00147,Customer_147,52,Widowed,Self-Employed,5,Rented,Lower,None,16,780-29-2508,WA,0
CUST00148,Customer_148,51,Widowed,Employed,1,Rented,Upper,None,11,973-89-4778,FL,0
CUST00149,Customer_149,52,Divorced,Self-Employed,3,Rented,Middle,High School,4,510-57-8996,TX,0
CUST00150,Customer_150,39,Widowed,Unemployed,6,Owned,Middle,None,16,368-70-9451,GA,1
CUST00151,Customer_151,64,Widowed,Employed,4,Owned,Middle,High School,6,369-35-2209,GA,0
CUST00152,Customer_152,55,Single,Self-Employed,5,Leased,Upper,PhD,7,756-34-1184,WA,0
CUST00153,Customer_153,28,Married,Employed,3,Leased,Upper,High School,13,551-59-1157,CA,1
CUST00154,Customer_154,40,Widowed,Unemployed,1,Rented,Upper,None,6,766-59-5237,WA,0
CUST00155,Customer_155,58,Single,Self-Employed,7,Owned,Middle,Bachelor,1,408-67-7756,MI,1
CUST00156,Customer_156,25,Divorced,Employed,6,Leased,Upper,None,7,790-44-5501,FL,0
CUST00157,Customer_157,39,Married,Unemployed,2,Rented,Middle,Master,13,328-29-8760,MI,0
CUST00158,Customer_158,72,Divorced,Retired,2,Leased,Middle,Master,9,456-34-7576,MI,0
CUST00159,Customer_159,45,Widowed,Retired,4,Owned,Middle,Master,14,726-34-2571,TX,0
CUST00160,Customer_160,49,Married,Retired,6,Rented,Middle,Bachelor,2,668-91-2334,CA,0
CUST00161,Customer_161,60,Single,Employed,1,Rented,Middle,Master,5,315-92-7593,GA,1
CUST00162,Customer_162,37,Married,Employed,5,Rented,Middle,PhD,5,642-39-5213,OH,0
CUST00163,Customer_163,69,Divorced,Retired,6,Rented,Lower,High School,2,270-82-5512,MI,0
CUST00164,Customer_164,19,Married,Unemployed,4,Rented,Upper,High School,13,816-88-1875,WA,1
CUST00165,Customer_165,47,Divorced,Unemployed,1,Owned,Upper,Master,4,875-37-3949,TX,0
CUST00166,Customer_166,55,Married,Retired,1,Leased,Lower,None,9,512-36-4064,WA,0
CUST00167,Customer_167,32,Divorced,Employed,2,Owned,Middle,Bachelor,19,723-38-6470,MI,0
CUST00168,Customer_168,66,Single,Unemployed,7,Leased,Middle,Master,5,416-38-2278,GA,0
CUST00169,Customer_169,22,Married,Unemployed,4,Rented,Lower,None,4,876-20-5982,NY,0
CUST00170,Customer_170,58,Married,Retired,2,Rented,Middle,Bachelor,18,334-97-1630,GA,0
CUST00171,Customer_171,57,Divorced,Self-Employed,7,Owned,Middle,Bachelor,7,482-55-9879,OH,0
CUST00172,Customer_172,66,Divorced,Unemployed,6,Rented,Upper,None,6,237-84-1608,NY,0
CUST00173,Customer_173,30,Divorced,Retired,2,Owned,Middle,Master,14,360-84-4391,CA,0
CUST00174,Customer_174,27,Widowed,Self-Employed,5,Rented,Middle,High School,3,628-44-9084,NC,0
CUST00175,Customer_175,53,Widowed,Employed,3,Owned,Lower,Bachelor,8,182-97-3105,NY,0
CUST00176,Customer_176,78,Single,Self-Employed,1,Owned,Middle,None,4,633-33-8162,FL,1
CUST00177,Customer_177,66,Divorced,Unemployed,1,Leased,Middle,None,17,733-24-3217,NY,0
CUST00178,Customer_178,31,Single,Self-Employed,4,Rented,Lower,None,6,727-54-5945,CA,0
CUST00179,Customer_179,43,Married,Unemployed,6,Owned,Lower,Master,11,429-70-9361,NY,0
CUST00180,Customer_180,34,Divorced,Self-Employed,7,Owned,Upper,PhD,10,194-71-9421,MI,0
CUST00181,Customer_181,66,Married,Employed,5,Rented,Middle,High School,10,299-47-6099,NC,0
CUST00182,Customer_182,49,Divorced,Retired,7,Owned,Middle,PhD,2,797-71-9914,CA,0
CUST00183,Customer_183,45,Widowed,Retired,2,Rented,Lower,Master,5,600-87-5679,NY,0
CUST00184,Customer_184,18,Divorced,Unemployed,2,Leased,Lower,High School,17,380-70-4617,GA,0
CUST00185,Customer_185,57,Divorced,Self-Employed,1,Rented,Middle,None,11,691-67-1663,WA,0
CUST00186,Customer_186,45,Widowed,Self-Employed,2,Rented,Middle,Master,17,583-11-4692,IL,0
CUST00187,Customer_187,20,Divorced,Self-Employed,6,Rented,Upper,None,11,690-68-1929,WA,0
CUST00188,Customer_188,30,Single,Self-Employed,2,Owned,Middle,None,7,917-75-3785,CA,1
CUST00189,Customer_189,63,Divorced,Employed,4,Rented,Middle,Master,7,504-21-4263,WA,0
CUST00190,Customer_190,64,Married,Self-Employed,6,Owned,Middle,High School,15,707-88-6305,TX,0
CUST00191,Customer_191,48,Single,Self-Employed,7,Leased,Middle,High School,5,354-90-5898,NC,0
CUST00192,Customer_192,64,Widowed,Self-Employed,2,Leased,Middle,Bachelor,12,767-73-4573,TX,0
CUST00193,Customer_193,63,Widowed,Self-Employed,2,Leased,Middle,Bachelor,18,118-66-9027,WA,1
CUST00194,Customer_194,56,Divorced,Unemployed,1,Owned,Lower,Bachelor,17,875-86-4126,FL,0
CUST00195,Customer_195,30,Divorced,Retired,1,Rented,Middle,None,8,914-11-3848,NY,0
CUST00196,Customer_196,44,Divorced,Self-Employed,3,Owned,Lower,PhD,6,663-37-1233,GA,0
CUST00197,Customer_197,68,Married,Employed,3,Rented,Middle,High School,12,256-93-4852,CA,0
CUST00198,Customer_198,37,Widowed,Retired,7,Rented,Middle,PhD,12,251-65-4367,OH,0
CUST00199,Customer_199,58,Divorced,Employed,4,Rented,Middle,High School,14,453-94-5884,FL,0
CUST00200,Customer_200,69,Married,Retired,3,Leased,Middle,High School,2,171-93-1039,IL,0
CUST00201,Customer_201,51,Divorced,Unemployed,4,Leased,Lower,PhD,11,717-19-3446,NY,0
CUST00202,Customer_202,49,Single,Unemployed,6,Owned,Upper,Bachelor,1,986-25-9744,MI,0
CUST00203,Customer_203,29,Married,Self-Employed,3,Rented,Lower,Master,19,363-44-9435,IL,0
CUST00204,Customer_204,48,Single,Unemployed,2,Leased,Lower,None,17,767-36-7622,NC,1
CUST00205,Customer_205,20,Single,Unemployed,3,Leased,Middle,Bachelor,15,528-18-3268,CA,1
CUST00206,Customer_206,25,Widowed,Retired,5,Owned,Upper,High School,6,311-52-8999,GA,0
CUST00207,Customer_207,51,Married,Employed,3,Leased,Upper,None,15,611-24-6465,NY,1
CUST00208,Customer_208,31,Widowed,Employed,5,Leased,Upper,Bachelor,9,568-44-3197,OH,0
CUST00209,Customer_209,39,Divorced,Self-Employed,3,Leased,Upper,PhD,13,740-59-4865,MI,1
CUST00210,Customer_210,40,Single,Employed,7,Leased,Upper,High School,5,276-20-2941,GA,0
CUST00211,Customer_211,47,Single,Retired,7,Rented,Lower,High School,10,657-14-1645,NY,0
CUST00212,Customer_212,61,Married,Employed,6,Rented,Middle,PhD,17,990-33-2017,FL,0
CUST00213,Customer_213,45,Single,Employed,6,Rented,Lower,None,4,967-46-1009,MI,0
CUST00214,Customer_214,70,Divorced,Self-Employed,1,Rented,Middle,High School,8,475-11-3732,FL,0
CUST00215,Customer_215,47,Married,Self-Employed,5,Owned,Middle,None,6,949-80-4761,CA,0
CUST00216,Customer_216,79,Single,Self-Employed,3,Leased,Lower,Bachelor,4,403-61-6628,FL,0
CUST00217,Customer_217,79,Divorced,Unemployed,6,Rented,Middle,None,8,782-58-1695,CA,1
CUST00218,Customer_218,44,Widowed,Unemployed,1,Leased,Middle,Master,12,876-39-8374,NC,1
CUST00219,Customer_219,65,Widowed,Retired,2,Rented,Lower,PhD,2,828-29-5632,MI,0
CUST00220,Customer_220,46,Married,Self-Employed,2,Leased,Lower,High School,4,774-41-8132,IL,0
CUST00221,Customer_221,72,Single,Retired,4,Owned,Middle,High School,16,570-91-9068,GA,0
CUST00222,Customer_222,65,Widowed,Employed,7,Owned,Lower,None,5,965-29-7631,WA,0
CUST00223,Customer_223,38,Divorced,Employed,7,Owned,Middle,High School,7,775-50-2514,WA,0
CUST00224,Customer_224,37,Widowed,Self-Employed,4,Leased,Middle,None,13,363-55-8781,CA,0
CUST00225,Customer_225,72,Single,Employed,1,Owned,Middle,High School,15,923-91-9516,CA,0
CUST00226,Customer_226,51,Married,Employed,7,Rented,Middle,PhD,19,187-98-5988,NY,0
CUST00227,Customer_227,61,Married,Self-Employed,5,Owned,Middle,Bachelor,4,189-21-3295,FL,1
CUST00228,Customer_228,59,Divorced,Unemployed,1,Owned,Upper,Master,15,326-19-4448,TX,0
CUST00229,Customer_229,28,Divorced,Self-Employed,5,Leased,Upper,PhD,14,591-37-7010,TX,0
CUST00230,Customer_230,32,Divorced,Self-Employed,7,Owned,Lower,High School,3,743-45-1710,MI,1
CUST00231,Customer_231,73,Married,Employed,7,Rented,Lower,Bachelor,17,380-64-4529,TX,1
CUST00232,Customer_232,35,Married,Employed,7,Rented,Lower,Master,6,622-84-8083,IL,0
CUST00233,Customer_233,71,Single,Retired,7,Leased,Middle,Bachelor,9,660-18-7719,CA,0
CUST00234,Customer_234,40,Married,Employed,5,Rented,Lower,Bachelor,16,399-46-7273,GA,0
CUST00235,Customer_235,70,Single,Unemployed,5,Owned,Middle,High School,10,848-73-3710,NC,0
CUST00236,Customer_236,53,Widowed,Unemployed,1,Rented,Middle,PhD,6,504-42-5155,OH,0
CUST00237,Customer_237,24,Divorced,Employed,5,Rented,Middle,High School,7,780-95-4517,FL,0
CUST00238,Customer_238,34,Divorced,Employed,7,Rented,Middle,High School,15,393-88-2350,CA,0
CUST00239,Customer_239,77,Widowed,Self-Employed,6,Owned,Middle,Bachelor,4,451-94-8936,IL,1
CUST00240,Customer_240,30,Divorced,Unemployed,7,Leased,Middle,PhD,9,827-89-3133,NC,1
CUST00241,Customer_241,32,Married,Employed,2,Rented,Lower,High School,15,152-86-5425,TX,0
CUST00242,Customer_242,27,Married,Retired,2,Leased,Middle,Bachelor,17,326-52-8446,MI,0
CUST00243,Customer_243,55,Single,Self-Employed,7,Owned,Upper,High School,16,542-65-5619,WA,0
CUST00244,Customer_244,68,Divorced,Self-Employed,7,Leased,Middle,Master,7,533-94-9351,GA,0
CUST00245,Customer_245,76,Widowed,Retired,4,Owned,Middle,High School,4,481-82-7504,MI,0
CUST00246,Customer_246,72,Divorced,Employed,7,Leased,Lower,High School,18,216-85-7349,FL,0
CUST00247,Customer_247,72,Married,Retired,5,Owned,Middle,Bachelor,12,869-80-9410,GA,0
CUST00248,Customer_248,74,Married,Unemployed,2,Leased,Middle,Bachelor,8,586-15-3484,NC,0
CUST00249,Customer_249,53,Married,Self-Employed,4,Rented,Middle,High School,18,231-30-6151,NC,0
CUST00250,Customer_250,68,Married,Employed,3,Leased,Middle,Master,14,975-77-4930,NC,0
CUST00251,Customer_251,57,Single,Employed,6,Rented,Middle,Master,10,540-56-4695,TX,0
CUST00252,Customer_252,26,Married,Retired,3,Rented,Middle,Master,4,637-93-1905,WA,0
CUST00253,Customer_253,19,Single,Self-Employed,2,Leased,Middle,Master,2,420-17-8656,GA,0
CUST00254,Customer_254,24,Divorced,Retired,4,Rented,Middle,None,11,278-68-1587,TX,0
CUST00255,Customer_255,39,Widowed,Retired,4,Rented,Lower,Bachelor,3,528-89-9570,GA,0
CUST00256,Customer_256,48,Single,Self-Employed,7,Leased,Middle,Bachelor,6,233-68-3038,WA,0
CUST00257,Customer_257,57,Single,Self-Employed,1,Owned,Middle,Master,13,755-57-8183,CA,0
CUST00258,Customer_258,50,Widowed,Self-Employed,7,Owned,Middle,High School,1,905-41-1441,MI,1
CUST00259,Customer_259,40,Married,Unemployed,2,Rented,Middle,None,19,385-29-2120,NY,1
CUST00260,Customer_260,63,Married,Unemployed,2,Leased,Middle,Master,9,744-90-5672,FL,0
CUST00261,Customer_261,71,Widowed,Self-Employed,3,Rented,Middle,PhD,17,578-62-9084,IL,1
CUST00262,Customer_262,31,Widowed,Unemployed,4,Owned,Middle,Bachelor,4,115-56-8800,NC,0
CUST00263,Customer_263,34,Divorced,Unemployed,7,Rented,Middle,PhD,9,245-61-1067,TX,0
CUST00264,Customer_264,75,Single,Employed,4,Rented,Middle,None,19,850-68-9672,FL,1
CUST00265,Customer_265,78,Divorced,Unemployed,2,Rented,Middle,Master,13,369-75-7922,MI,0
CUST00266,Customer_266,37,Divorced,Retired,4,Rented,Lower,Bachelor,16,127-77-7403,FL,0
CUST00267,Customer_267,49,Married,Retired,7,Owned,Middle,PhD,14,652-60-8201,NY,0
CUST00268,Customer_268,53,Divorced,Self-Employed,6,Leased,Lower,None,15,193-44-3433,GA,0
CUST00269,Customer_269,57,Divorced,Employed,2,Leased,Middle,PhD,7,860-25-1545,FL,1
CUST00270,Customer_270,71,Divorced,Retired,5,Owned,Middle,PhD,9,931-45-8156,CA,1
CUST00271,Customer_271,24,Divorced,Retired,6,Leased,Middle,Master,1,309-72-9329,OH,1
CUST00272,Customer_272,50,Widowed,Retired,2,Owned,Middle,High School,5,786-36-6410,CA,0
CUST00273,Customer_273,31,Single,Self-Employed,4,Owned,Lower,PhD,2,847-86-3694,NY,1
CUST00274,Customer_274,64,Single,Self-Employed,3,Owned,Middle,Master,7,305-48-3254,GA,0
CUST00275,Customer_275,54,Single,Unemployed,2,Rented,Middle,Bachelor,14,747-62-5315,NC,0
CUST00276,Customer_276,64,Single,Self-Employed,7,Owned,Middle,Master,4,828-29-8521,WA,0
CUST00277,Customer_277,74,Married,Retired,3,Leased,Middle,High School,10,606-96-6396,MI,0
CUST00278,Customer_278,66,Single,Self-Employed,3,Owned,Lower,Master,11,785-26-3094,CA,0
CUST00279,Customer_279,70,Single,Self-Employed,1,Leased,Lower,Master,4,600-30-1397,IL,0
CUST00280,Customer_280,68,Divorced,Retired,4,Leased,Upper,Bachelor,16,500-33-6850,CA,0
CUST00281,Customer_281,56,Widowed,Self-Employed,5,Rented,Lower,PhD,15,618-55-8481,MI,1
CUST00282,Customer_282,42,Widowed,Employed,7,Owned,Middle,Master,4,160-79-5336,CA,0
CUST00283,Customer_283,38,Single,Retired,6,Owned,Middle,Bachelor,1,726-82-3718,NC,0
CUST00284,Customer_284,40,Single,Self-Employed,7,Leased,Middle,PhD,1,316-77-6714,CA,0
CUST00285,Customer_285,55,Divorced,Unemployed,7,Owned,Lower,High School,6,267-34-8685,TX,0
CUST00286,Customer_286,67,Widowed,Unemployed,5,Owned,Middle,Master,3,599-91-7308,WA,0
CUST00287,Customer_287,40,Widowed,Employed,7,Leased,Middle,High School,1,285-28-9685,TX,1
CUST00288,Customer_288,53,Married,Employed,3,Leased,Middle,PhD,9,764-62-7087,IL,0
CUST00289,Customer_289,43,Single,Retired,6,Owned,Middle,High School,10,472-37-8412,OH,0
CUST00290,Customer_290,55,Widowed,Employed,5,Leased,Lower,None,1,904-90-8023,GA,1
CUST00291,Customer_291,68,Married,Self-Employed,4,Rented,Middle,High School,12,883-56-3801,WA,0
CUST00292,Customer_292,43,Married,Retired,5,Leased,Lower,Master,8,174-37-4965,IL,1
CUST00293,Customer_293,42,Married,Employed,6,Rented,Middle,PhD,4,175-39-9356,GA,0
CUST00294,Customer_294,30,Widowed,Unemployed,3,Leased,Middle,Master,3,335-44-6791,WA,1
CUST00295,Customer_295,48,Married,Employed,6,Owned,Middle,Bachelor,15,895-92-8309,TX,0
CUST00296,Customer_296,46,Divorced,Unemployed,1,Owned,Upper,Bachelor,3,231-19-7673,IL,0
CUST00297,Customer_297,27,Divorced,Unemployed,3,Rented,Upper,None,4,896-65-9228,NY,0
CUST00298,Customer_298,78,Widowed,Employed,3,Owned,Middle,High School,14,699-41-8605,WA,0
CUST00299,Customer_299,71,Widowed,Self-Employed,6,Rented,Middle,PhD,12,780-43-6304,GA,0
CUST00300,Customer_300,36,Divorced,Unemployed,4,Owned,Middle,Bachelor,19,621-18-3491,GA,0
CUST00301,Customer_301,76,Single,Retired,7,Owned,Upper,High School,1,304-35-5730,TX,0
CUST00302,Customer_302,34,Married,Unemployed,7,Rented,Middle,Master,4,561-86-1065,WA,1
CUST00303,Customer_303,43,Divorced,Unemployed,4,Owned,Middle,High School,13,841-32-4160,CA,0
CUST00304,Customer_304,26,Widowed,Self-Employed,6,Rented,Middle,PhD,5,236-11-2078,IL,0
CUST00305,Customer_305,55,Widowed,Employed,2,Rented,Lower,PhD,8,301-44-3804,GA,0
CUST00306,Customer_306,47,Married,Retired,1,Rented,Middle,Bachelor,6,193-40-2388,MI,0
CUST00307,Customer_307,34,Divorced,Retired,4,Owned,Middle,PhD,16,714-69-1564,FL,0
CUST00308,Customer_308,35,Married,Employed,3,Leased,Upper,PhD,15,685-90-9504,NY,0
CUST00309,Customer_309,75,Divorced,Self-Employed,6,Owned,Middle,PhD,16,150-91-4662,CA,0
CUST00310,Customer_310,60,Married,Self-Employed,4,Rented,Lower,High School,10,885-28-7217,GA,1
CUST00311,Customer_311,27,Divorced,Employed,1,Owned,Middle,High School,10,821-33-7636,TX,0
CUST00312,Customer_312,26,Widowed,Retired,4,Owned,Lower,High School,11,260-73-9543,GA,0
CUST00313,Customer_313,22,Widowed,Employed,3,Rented,Middle,None,2,369-95-7003,CA,0
CUST00314,Customer_314,33,Divorced,Employed,1,Rented,Middle,Bachelor,11,553-39-5935,IL,0
CUST00315,Customer_315,63,Widowed,Self-Employed,4,Rented,Middle,Master,6,984-10-8795,IL,0
CUST00316,Customer_316,21,Single,Retired,7,Rented,Middle,Master,18,233-87-5913,OH,0
CUST00317,Customer_317,33,Single,Employed,7,Rented,Lower,None,4,908-26-1429,NY,0
CUST00318,Customer_318,20,Widowed,Self-Employed,7,Owned,Middle,High School,1,530-79-8153,TX,0
CUST00319,Customer_319,58,Divorced,Unemployed,7,Leased,Middle,PhD,19,787-81-7978,NC,0
CUST00320,Customer_320,68,Married,Employed,7,Leased,Upper,High School,4,874-25-3121,WA,0
CUST00321,Customer_321,50,Divorced,Employed,1,Leased,Middle,None,10,103-48-3365,FL,0
CUST00322,Customer_322,74,Single,Employed,3,Owned,Lower,Master,8,663-59-6229,IL,0
CUST00323,Customer_323,60,Single,Employed,4,Leased,Middle,Bachelor,6,692-98-1958,TX,0
CUST00324,Customer_324,65,Single,Self-Employed,6,Leased,Lower,Master,10,348-47-1641,TX,0
CUST00325,Customer_325,37,Divorced,Retired,3,Owned,Middle,PhD,14,835-44-2500,NY,0
CUST00326,Customer_326,71,Single,Retired,5,Rented,Lower,Master,3,565-27-4484,NC,0
CUST00327,Customer_327,57,Single,Unemployed,6,Owned,Middle,High School,13,679-38-8493,GA,0
CUST00328,Customer_328,23,Divorced,Retired,4,Owned,Lower,Bachelor,17,331-20-4846,NC,0
CUST00329,Customer_329,23,Divorced,Employed,2,Leased,Middle,None,6,272-71-5713,CA,0
CUST00330,Customer_330,73,Married,Unemployed,1,Rented,Middle,Bachelor,13,233-39-8788,CA,0
CUST00331,Customer_331,35,Divorced,Self-Employed,4,Owned,Middle,Master,18,836-67-9126,FL,0
CUST00332,Customer_332,46,Single,Employed,2,Rented,Lower,High School,18,196-75-1211,NY,0
CUST00333,Customer_333,65,Married,Unemployed,5,Owned,Lower,High School,13,639-14-4076,OH,0
CUST00334,Customer_334,65,Married,Self-Employed,2,Rented,Middle,Bachelor,18,181-32-6791,OH,0
CUST00335,Customer_335,19,Married,Retired,7,Owned,Middle,None,15,803-93-9892,TX,1
CUST00336,Customer_336,56,Widowed,Self-Employed,7,Rented,Middle,Master,10,219-91-3558,MI,0
CUST00337,Customer_337,74,Single,Self-Employed,6,Leased,Middle,Bachelor,3,895-87-9271,NC,1
CUST00338,Customer_338,39,Divorced,Employed,5,Leased,Upper,Master,17,554-76-4843,NY,0
CUST00339,Customer_339,51,Married,Self-Employed,1,Leased,Middle,None,6,170-52-2809,GA,1
CUST00340,Customer_340,34,Married,Employed,7,Owned,Middle,None,14,190-21-2976,FL,0
CUST00341,Customer_341,62,Single,Unemployed,1,Leased,Middle,Bachelor,13,815-95-8652,CA,1
CUST00342,Customer_342,25,Divorced,Self-Employed,4,Rented,Middle,None,7,678-88-3576,NC,0
CUST00343,Customer_343,50,Single,Self-Employed,6,Rented,Middle,None,15,916-94-2337,CA,0
CUST00344,Customer_344,43,Single,Self-Employed,1,Leased,Middle,High School,13,457-34-2267,FL,0
CUST00345,Customer_345,57,Married,Retired,4,Owned,Upper,None,15,255-95-2633,NY,0
CUST00346,Customer_346,48,Widowed,Unemployed,4,Leased,Upper,Bachelor,19,698-87-7774,MI,0
CUST00347,Customer_347,78,Single,Retired,2,Rented,Middle,PhD,6,507-12-4763,OH,0
CUST00348,Customer_348,78,Single,Self-Employed,1,Owned,Lower,None,15,354-86-9507,NC,0
CUST00349,Customer_349,35,Married,Self-Employed,7,Leased,Lower,Master,1,308-23-8379,WA,0
CUST00350,Customer_350,20,Single,Employed,7,Owned,Upper,Bachelor,14,885-97-7933,MI,1
CUST00351,Customer_351,48,Divorced,Unemployed,1,Rented,Lower,None,3,516-43-1539,GA,0
CUST00352,Customer_352,54,Married,Employed,2,Rented,Middle,Master,5,897-98-9303,NY,0
CUST00353,Customer_353,64,Divorced,Retired,3,Owned,Middle,PhD,4,615-87-1022,IL,0
CUST00354,Customer_354,50,Single,Unemployed,2,Leased,Middle,PhD,16,466-19-6283,TX,0
CUST00355,Customer_355,54,Single,Self-Employed,1,Owned,Lower,Bachelor,8,102-37-4774,OH,0
CUST00356,Customer_356,19,Single,Unemployed,4,Owned,Middle,Master,8,216-17-9118,OH,0
CUST00357,Customer_357,65,Divorced,Retired,4,Owned,Middle,Bachelor,7,344-97-4335,WA,0
CUST00358,Customer_358,38,Divorced,Employed,6,Rented,Middle,High School,12,152-19-7188,TX,0
CUST00359,Customer_359,41,Single,Unemployed,3,Owned,Middle,PhD,18,111-94-3299,NC,0
CUST00360,Customer_360,44,Married,Retired,4,Rented,Upper,Bachelor,13,646-49-1423,FL,0
CUST00361,Customer_361,22,Divorced,Unemployed,3,Leased,Upper,Master,2,731-11-8170,CA,0
CUST00362,Customer_362,48,Single,Unemployed,1,Rented,Middle,High School,10,553-36-9458,IL,1
CUST00363,Customer_363,41,Single,Unemployed,6,Rented,Upper,PhD,3,282-34-6811,WA,1
CUST00364,Customer_364,32,Divorced,Employed,6,Owned,Middle,High School,4,414-53-8163,IL,1
CUST00365,Customer_365,33,Divorced,Retired,5,Owned,Lower,Bachelor,4,921-81-1723,TX,0
CUST00366,Customer_366,20,Divorced,Self-Employed,1,Owned,Lower,High School,14,948-47-8547,NY,0
CUST00367,Customer_367,73,Married,Self-Employed,5,Leased,Middle,None,17,356-62-9679,GA,0
CUST00368,Customer_368,36,Widowed,Retired,5,Leased,Upper,PhD,5,943-68-6529,FL,0
CUST00369,Customer_369,72,Single,Employed,4,Leased,Middle,PhD,18,126-63-4783,FL,0
CUST00370,Customer_370,69,Single,Self-Employed,5,Rented,Middle,Master,6,113-94-5098,FL,0
CUST00371,Customer_371,46,Divorced,Unemployed,1,Owned,Middle,None,6,791-13-3205,CA,0
CUST00372,Customer_372,68,Widowed,Employed,2,Rented,Middle,High School,3,907-93-1094,GA,0
CUST00373,Customer_373,31,Single,Unemployed,1,Leased,Middle,Master,1,902-37-2944,NY,0
CUST00374,Customer_374,29,Divorced,Unemployed,4,Rented,Middle,High School,12,994-57-8154,NY,0
CUST00375,Customer_375,73,Widowed,Self-Employed,7,Leased,Middle,PhD,8,223-77-4296,NY,0
CUST00376,Customer_376,58,Divorced,Employed,1,Owned,Lower,None,3,740-68-1461,GA,1
CUST00377,Customer_377,60,Widowed,Self-Employed,4,Leased,Lower,PhD,11,886-35-4282,MI,0
CUST00378,Customer_378,75,Married,Retired,2,Leased,Middle,High School,7,817-88-9059,NC,0
CUST00379,Customer_379,18,Widowed,Unemployed,7,Owned,Middle,PhD,8,508-41-8374,OH,0
CUST00380,Customer_380,28,Married,Retired,5,Leased,Middle,Bachelor,17,333-67-3122,NC,0
CUST00381,Customer_381,77,Married,Unemployed,2,Rented,Upper,Bachelor,8,288-58-8783,FL,0
CUST00382,Customer_382,25,Single,Retired,2,Leased,Lower,Master,9,362-74-1192,WA,0
CUST00383,Customer_383,45,Widowed,Retired,5,Leased,Middle,Master,14,727-44-1673,GA,0
CUST00384,Customer_384,19,Divorced,Unemployed,1,Rented,Middle,High School,17,597-31-6707,WA,0
CUST00385,Customer_385,38,Widowed,Self-Employed,1,Leased,Middle,Master,15,138-40-3123,FL,0
CUST00386,Customer_386,28,Divorced,Unemployed,5,Leased,Middle,High School,10,382-10-3554,TX,0
CUST00387,Customer_387,33,Married,Retired,6,Owned,Lower,PhD,6,179-65-5134,NC,0
CUST00388,Customer_388,68,Single,Self-Employed,6,Leased,Middle,High School,4,354-64-9250,NY,0
CUST00389,Customer_389,35,Divorced,Self-Employed,2,Rented,Middle,None,3,587-35-4628,FL,1
CUST00390,Customer_390,68,Married,Retired,7,Rented,Middle,None,15,811-18-3877,NC,0
CUST00391,Customer_391,73,Divorced,Unemployed,2,Leased,Middle,PhD,15,522-66-6188,OH,0
CUST00392,Customer_392,51,Widowed,Employed,7,Leased,Middle,PhD,7,728-93-2569,NC,1
CUST00393,Customer_393,51,Divorced,Self-Employed,3,Rented,Middle,Master,18,531-43-1793,FL,0
CUST00394,Customer_394,38,Married,Self-Employed,4,Leased,Middle,Master,19,214-65-5595,CA,0
CUST00395,Customer_395,59,Widowed,Self-Employed,7,Rented,Middle,Master,12,363-90-3798,IL,1
CUST00396,Customer_396,68,Divorced,Retired,3,Leased,Middle,None,5,636-97-7314,WA,0
CUST00397,Customer_397,71,Married,Retired,5,Leased,Middle,High School,10,754-35-9231,OH,0
CUST00398,Customer_398,30,Widowed,Retired,5,Owned,Upper,Master,16,520-36-7666,MI,0
CUST00399,Customer_399,60,Married,Unemployed,1,Rented,Middle,Master,10,576-21-1178,MI,0
CUST00400,Customer_400,26,Single,Unemployed,6,Rented,Middle,Bachelor,10,209-24-3019,MI,0
CUST00401,Customer_401,48,Single,Unemployed,3,Owned,Lower,Master,11,410-31-9127,IL,0
CUST00402,Customer_402,23,Divorced,Self-Employed,4,Leased,Upper,Master,17,965-96-2427,FL,0
CUST00403,Customer_403,52,Divorced,Employed,3,Owned,Middle,High School,8,580-19-7380,MI,0
CUST00404,Customer_404,70,Widowed,Employed,7,Owned,Middle,Master,4,223-35-2825,OH,1
CUST00405,Customer_405,68,Single,Unemployed,4,Owned,Lower,High School,10,532-42-5865,NY,0
CUST00406,Customer_406,62,Married,Unemployed,5,Leased,Upper,Bachelor,13,277-55-1790,IL,0
CUST00407,Customer_407,53,Single,Self-Employed,4,Leased,Middle,Bachelor,18,137-22-3399,NC,0
CUST00408,Customer_408,56,Married,Employed,3,Rented,Upper,PhD,3,809-39-5680,NY,0
CUST00409,Customer_409,24,Widowed,Employed,5,Rented,Lower,None,18,709-76-6253,MI,1
CUST00410,Customer_410,63,Widowed,Self-Employed,6,Owned,Middle,High School,16,258-68-3746,FL,0
CUST00411,Customer_411,60,Married,Retired,1,Rented,Middle,Bachelor,14,631-97-1654,NY,0
CUST00412,Customer_412,26,Single,Self-Employed,2,Leased,Middle,High School,5,177-32-4947,TX,0
CUST00413,Customer_413,57,Widowed,Retired,2,Leased,Middle,Master,4,530-36-9106,MI,1
CUST00414,Customer_414,41,Single,Retired,7,Owned,Upper,Bachelor,9,106-58-5971,MI,0
CUST00415,Customer_415,49,Single,Retired,5,Leased,Middle,Master,4,792-58-2219,FL,1
CUST00416,Customer_416,68,Married,Retired,3,Owned,Upper,High School,13,388-25-5249,OH,0
CUST00417,Customer_417,37,Widowed,Employed,2,Leased,Lower,None,15,922-44-4281,NC,1
CUST00418,Customer_418,74,Widowed,Retired,5,Leased,Middle,None,10,517-24-8631,GA,0
CUST00419,Customer_419,43,Married,Retired,4,Rented,Middle,None,14,697-73-4147,GA,0
CUST00420,Customer_420,49,Married,Retired,5,Leased,Middle,Master,15,351-52-3155,FL,0
CUST00421,Customer_421,19,Single,Employed,6,Owned,Middle,PhD,18,119-74-8738,CA,0
CUST00422,Customer_422,25,Married,Self-Employed,1,Owned,Lower,High School,14,301-65-9167,WA,1
CUST00423,Customer_423,35,Divorced,Unemployed,5,Rented,Lower,PhD,5,765-84-9023,WA,1
CUST00424,Customer_424,78,Married,Employed,6,Rented,Middle,PhD,3,327-16-8212,WA,1
CUST00425,Customer_425,34,Widowed,Retired,2,Leased,Lower,PhD,18,811-27-9131,CA,0
CUST00426,Customer_426,42,Married,Self-Employed,3,Owned,Middle,PhD,15,122-43-9649,GA,0
CUST00427,Customer_427,70,Widowed,Employed,5,Rented,Lower,High School,17,417-77-1342,FL,0
CUST00428,Customer_428,37,Divorced,Self-Employed,3,Owned,Middle,Master,9,539-79-8588,NY,0
CUST00429,Customer_429,68,Divorced,Self-Employed,7,Owned,Lower,Master,3,492-16-5791,IL,1
CUST00430,Customer_430,25,Widowed,Unemployed,1,Leased,Middle,Master,12,764-50-9605,FL,0
CUST00431,Customer_431,26,Widowed,Unemployed,2,Leased,Middle,Master,13,382-82-7792,OH,0
CUST00432,Customer_432,18,Married,Self-Employed,6,Owned,Middle,PhD,5,488-18-4116,OH,0
CUST00433,Customer_433,25,Married,Unemployed,5,Rented,Lower,Master,9,789-89-5112,WA,0
CUST00434,Customer_434,55,Divorced,Retired,7,Owned,Upper,Bachelor,9,362-78-9436,MI,0
CUST00435,Customer_435,23,Single,Self-Employed,1,Rented,Middle,PhD,5,227-38-8151,NC,1
CUST00436,Customer_436,55,Divorced,Self-Employed,1,Rented,Middle,Master,16,212-96-3122,WA,0
CUST00437,Customer_437,55,Married,Employed,6,Leased,Middle,High School,10,537-56-4368,IL,1
CUST00438,Customer_438,32,Widowed,Self-Employed,6,Rented,Middle,PhD,18,217-12-4419,CA,0
CUST00439,Customer_439,20,Single,Self-Employed,6,Rented,Middle,Master,1,342-90-6980,MI,0
CUST00440,Customer_440,28,Divorced,Retired,7,Owned,Lower,None,18,184-77-6530,NY,0
CUST00441,Customer_441,26,Divorced,Employed,2,Owned,Middle,Bachelor,13,212-45-7636,IL,0
CUST00442,Customer_442,50,Single,Unemployed,1,Owned,Lower,None,14,682-61-5405,NY,0
CUST00443,Customer_443,75,Divorced,Retired,3,Rented,Upper,Master,6,720-88-2544,WA,0
CUST00444,Customer_444,44,Divorced,Self-Employed,7,Leased,Middle,None,2,461-85-5575,NY,0
CUST00445,Customer_445,57,Married,Employed,4,Rented,Upper,High School,5,258-21-7545,GA,0
CUST00446,Customer_446,36,Divorced,Unemployed,1,Leased,Middle,High School,9,540-80-2032,GA,0
CUST00447,Customer_447,23,Married,Unemployed,6,Leased,Middle,Bachelor,7,645-61-5134,OH,0
CUST00448,Customer_448,31,Divorced,Unemployed,6,Owned,Middle,None,4,484-34-8049,OH,0
CUST00449,Customer_449,47,Single,Retired,1,Rented,Middle,Master,1,397-47-8732,CA,1
CUST00450,Customer_450,71,Married,Employed,4,Leased,Middle,PhD,14,666-13-1530,MI,0
CUST00451,Customer_451,33,Single,Employed,6,Leased,Middle,High School,13,583-73-5239,NY,1
CUST00452,Customer_452,78,Single,Self-Employed,7,Owned,Middle,Bachelor,4,960-85-5029,FL,0
CUST00453,Customer_453,57,Single,Unemployed,5,Rented,Middle,Bachelor,15,311-10-1302,FL,0
CUST00454,Customer_454,40,Single,Retired,3,Owned,Lower,None,19,642-39-2306,NY,0
CUST00455,Customer_455,56,Divorced,Unemployed,7,Owned,Middle,High School,19,166-51-6263,GA,1
CUST00456,Customer_456,61,Single,Employed,3,Owned,Lower,None,4,129-47-4984,OH,0
CUST00457,Customer_457,60,Married,Retired,5,Rented,Lower,Bachelor,9,150-87-3069,MI,0
CUST00458,Customer_458,71,Single,Self-Employed,6,Owned,Lower,PhD,2,221-21-5484,MI,0
CUST00459,Customer_459,59,Married,Retired,4,Leased,Upper,Bachelor,1,736-32-7893,NY,0
CUST00460,Customer_460,19,Single,Self-Employed,5,Owned,Middle,High School,17,334-26-6789,MI,0
CUST00461,Customer_461,41,Married,Retired,6,Owned,Middle,PhD,19,795-76-6016,GA,0
CUST00462,Customer_462,74,Single,Unemployed,5,Leased,Upper,High School,4,885-85-3503,MI,1
CUST00463,Customer_463,30,Divorced,Unemployed,3,Leased,Middle,High School,9,663-16-1717,CA,0
CUST00464,Customer_464,48,Married,Retired,5,Owned,Middle,None,1,497-72-6260,OH,0
CUST00465,Customer_465,49,Divorced,Employed,3,Rented,Middle,Bachelor,16,247-75-6461,GA,0
CUST00466,Customer_466,52,Widowed,Self-Employed,5,Rented,Lower,None,11,779-64-8771,FL,0
CUST00467,Customer_467,71,Married,Employed,1,Leased,Middle,Bachelor,6,425-12-6388,GA,0
CUST00468,Customer_468,51,Divorced,Retired,1,Owned,Lower,Bachelor,19,981-18-9700,NC,0
CUST00469,Customer_469,18,Widowed,Retired,4,Owned,Lower,Master,3,792-13-5884,TX,1
CUST00470,Customer_470,33,Married,Retired,1,Leased,Lower,Bachelor,6,381-68-7889,WA,0
CUST00471,Customer_471,57,Single,Employed,6,Owned,Upper,None,15,436-52-1359,WA,0
CUST00472,Customer_472,66,Divorced,Self-Employed,2,Rented,Lower,PhD,8,104-77-4192,FL,0
CUST00473,Customer_473,58,Divorced,Self-Employed,4,Leased,Upper,PhD,14,889-61-4567,TX,1
CUST00474,Customer_474,63,Married,Retired,2,Leased,Lower,High School,5,890-15-8462,TX,1
CUST00475,Customer_475,32,Married,Retired,7,Rented,Upper,Bachelor,13,166-94-6089,CA,0
CUST00476,Customer_476,23,Single,Retired,6,Leased,Middle,Master,11,520-68-8183,CA,0
CUST00477,Customer_477,76,Divorced,Retired,1,Owned,Middle,Master,1,356-18-9705,NY,0
CUST00478,Customer_478,52,Divorced,Retired,3,Owned,Middle,None,7,566-35-9248,GA,0
CUST00479,Customer_479,63,Divorced,Self-Employed,7,Leased,Lower,PhD,6,135-84-1167,GA,0
CUST00480,Customer_480,77,Married,Unemployed,4,Rented,Middle,Bachelor,12,689-13-2342,OH,0
CUST00481,Customer_481,29,Single,Unemployed,6,Leased,Middle,Master,9,393-26-1401,GA,0
CUST00482,Customer_482,72,Divorced,Employed,1,Rented,Middle,PhD,10,710-77-3929,TX,0
CUST00483,Customer_483,40,Divorced,Retired,4,Leased,Lower,Master,4,727-39-2937,WA,0
CUST00484,Customer_484,56,Single,Employed,7,Rented,Middle,Master,18,862-56-1184,TX,0
CUST00485,Customer_485,41,Single,Retired,2,Rented,Lower,PhD,15,728-44-1657,NY,1
CUST00486,Customer_486,30,Married,Self-Employed,1,Owned,Lower,Bachelor,13,314-38-1243,GA,0
CUST00487,Customer_487,72,Single,Employed,6,Owned,Middle,High School,6,754-29-2409,TX,0
CUST00488,Customer_488,39,Single,Unemployed,1,Leased,Middle,Master,13,265-73-5539,IL,0
CUST00489,Customer_489,19,Divorced,Self-Employed,3,Leased,Middle,Bachelor,5,831-48-7141,WA,0
CUST00490,Customer_490,27,Married,Self-Employed,6,Leased,Lower,Master,10,524-62-8900,FL,0
CUST00491,Customer_491,77,Married,Retired,7,Owned,Middle,None,6,651-54-8789,GA,0
CUST00492,Customer_492,68,Divorced,Unemployed,1,Rented,Lower,PhD,6,674-93-6826,GA,0
CUST00493,Customer_493,59,Single,Unemployed,4,Leased,Lower,PhD,13,717-56-8648,CA,0
CUST00494,Customer_494,66,Single,Retired,6,Owned,Middle,Master,6,373-58-9127,CA,0
CUST00495,Customer_495,58,Married,Retired,3,Owned,Middle,None,14,291-48-1231,TX,0
CUST00496,Customer_496,74,Married,Employed,3,Owned,Middle,None,10,613-40-6031,CA,0
CUST00497,Customer_497,24,Divorced,Self-Employed,4,Leased,Middle,PhD,19,312-83-9865,OH,0
CUST00498,Customer_498,21,Single,Retired,6,Owned,Lower,High School,4,580-64-5111,FL,0
CUST00499,Customer_499,61,Married,Retired,1,Leased,Middle,Bachelor,18,368-50-5445,OH,0
CUST00500,Customer_500,77,Divorced,Employed,1,Owned,Middle,None,3,801-71-3969,FL,0
CUST00501,Customer_501,54,Widowed,Employed,1,Leased,Middle,High School,11,654-93-4758,NY,0
CUST00502,Customer_502,77,Divorced,Self-Employed,3,Leased,Lower,Master,8,861-52-2244,TX,0
CUST00503,Customer_503,42,Divorced,Unemployed,2,Leased,Middle,PhD,15,263-38-6239,NC,0
CUST00504,Customer_504,59,Widowed,Retired,4,Owned,Middle,Bachelor,3,914-45-3505,TX,0
CUST00505,Customer_505,49,Divorced,Self-Employed,3,Rented,Middle,PhD,5,688-38-4921,WA,0
CUST00506,Customer_506,72,Divorced,Employed,5,Rented,Lower,High School,5,295-36-1489,TX,0
CUST00507,Customer_507,58,Divorced,Unemployed,3,Owned,Middle,Bachelor,18,610-52-2547,WA,0
CUST00508,Customer_508,45,Widowed,Employed,6,Owned,Middle,Bachelor,11,778-27-6939,NC,0
CUST00509,Customer_509,33,Widowed,Unemployed,3,Leased,Lower,High School,4,200-12-2111,MI,0
CUST00510,Customer_510,37,Single,Retired,2,Rented,Middle,Master,16,570-25-3972,MI,1
CUST00511,Customer_511,22,Married,Unemployed,7,Owned,Middle,Master,6,583-67-8058,IL,1
CUST00512,Customer_512,27,Divorced,Retired,5,Leased,Middle,None,5,464-19-9823,TX,0
CUST00513,Customer_513,49,Divorced,Unemployed,1,Leased,Middle,Master,10,799-83-9304,GA,1
CUST00514,Customer_514,19,Married,Retired,2,Leased,Middle,PhD,16,729-98-5640,GA,0
CUST00515,Customer_515,47,Divorced,Retired,1,Leased,Middle,High School,16,603-62-5573,MI,0
CUST00516,Customer_516,20,Married,Employed,6,Rented,Middle,High School,1,497-39-8151,FL,0
CUST00517,Customer_517,28,Divorced,Unemployed,5,Leased,Middle,Bachelor,18,395-90-7747,MI,0
CUST00518,Customer_518,60,Divorced,Self-Employed,7,Owned,Middle,Bachelor,19,998-67-6388,MI,0
CUST00519,Customer_519,19,Widowed,Employed,3,Owned,Middle,None,7,400-70-6223,NC,1
CUST00520,Customer_520,38,Widowed,Employed,1,Leased,Middle,Master,10,459-16-1076,FL,0
CUST00521,Customer_521,29,Divorced,Employed,4,Leased,Middle,Master,8,307-72-9267,FL,0
CUST00522,Customer_522,21,Widowed,Employed,1,Owned,Middle,None,10,939-56-8735,TX,0
CUST00523,Customer_523,30,Widowed,Employed,2,Owned,Lower,None,13,103-88-9673,MI,0
CUST00524,Customer_524,24,Married,Retired,6,Owned,Middle,PhD,13,461-14-7421,IL,0
CUST00525,Customer_525,22,Widowed,Self-Employed,3,Owned,Lower,Master,10,112-66-3892,NY,1
CUST00526,Customer_526,59,Divorced,Employed,7,Leased,Middle,Bachelor,10,586-91-2364,TX,0
CUST00527,Customer_527,25,Widowed,Self-Employed,4,Leased,Middle,High School,10,130-61-7266,IL,0
CUST00528,Customer_528,76,Single,Unemployed,5,Rented,Middle,High School,8,368-24-7331,TX,0
CUST00529,Customer_529,48,Married,Unemployed,6,Leased,Middle,None,3,719-94-8777,MI,0
CUST00530,Customer_530,43,Divorced,Employed,4,Owned,Lower,High School,8,754-11-3335,NY,0
CUST00531,Customer_531,72,Divorced,Employed,3,Owned,Middle,Master,14,688-51-1467,IL,0
CUST00532,Customer_532,66,Married,Unemployed,6,Rented,Upper,Master,19,607-77-7534,GA,0
CUST00533,Customer_533,44,Single,Retired,6,Owned,Middle,Master,16,929-23-9587,GA,0
CUST00534,Customer_534,78,Single,Employed,3,Rented,Middle,High School,17,572-37-8740,TX,0
CUST00535,Customer_535,50,Divorced,Retired,6,Rented,Upper,Master,15,192-12-7573,CA,1
CUST00536,Customer_536,61,Single,Employed,7,Leased,Middle,Bachelor,10,754-18-8923,FL,0
CUST00537,Customer_537,78,Single,Self-Employed,2,Rented,Lower,Bachelor,13,855-80-4524,NC,0
CUST00538,Customer_538,62,Widowed,Employed,6,Leased,Middle,None,16,937-21-8043,MI,0
CUST00539,Customer_539,54,Widowed,Self-Employed,1,Leased,Middle,Master,5,856-56-4111,WA,0
CUST00540,Customer_540,56,Single,Retired,7,Owned,Upper,Master,3,528-14-1286,FL,0
CUST00541,Customer_541,58,Single,Employed,7,Leased,Middle,High School,6,403-11-6718,NC,0
CUST00542,Customer_542,78,Married,Unemployed,6,Rented,Middle,None,11,674-86-3478,TX,0
CUST00543,Customer_543,61,Divorced,Self-Employed,3,Rented,Middle,Master,15,832-37-5882,TX,0
CUST00544,Customer_544,36,Single,Unemployed,7,Leased,Lower,PhD,9,825-41-2001,OH,0
CUST00545,Customer_545,19,Widowed,Employed,4,Rented,Upper,Master,19,832-35-2951,CA,1
CUST00546,Customer_546,66,Married,Self-Employed,1,Rented,Middle,Bachelor,7,715-57-1275,CA,0
CUST00547,Customer_547,48,Divorced,Retired,6,Leased,Middle,Bachelor,9,922-56-3432,WA,0
CUST00548,Customer_548,43,Single,Unemployed,7,Owned,Middle,High School,18,176-70-7854,MI,1
CUST00549,Customer_549,75,Married,Retired,3,Rented,Upper,None,4,773-66-8881,GA,0
CUST00550,Customer_550,27,Divorced,Unemployed,2,Rented,Middle,Master,16,647-31-2991,FL,0
CUST00551,Customer_551,20,Divorced,Employed,4,Leased,Lower,Bachelor,3,445-74-1200,CA,0
CUST00552,Customer_552,63,Single,Self-Employed,3,Owned,Middle,PhD,18,371-48-6136,TX,0
CUST00553,Customer_553,75,Married,Retired,5,Leased,Lower,High School,7,232-18-9190,IL,0
CUST00554,Customer_554,69,Single,Unemployed,3,Owned,Lower,Master,13,186-17-2745,MI,0
CUST00555,Customer_555,72,Married,Unemployed,2,Owned,Middle,Master,14,408-29-8329,OH,1
CUST00556,Customer_556,71,Single,Retired,2,Owned,Lower,None,8,213-22-2064,MI,0
CUST00557,Customer_557,60,Widowed,Employed,5,Rented,Middle,PhD,11,686-88-2465,WA,0
CUST00558,Customer_558,75,Married,Retired,4,Owned,Middle,PhD,15,598-43-6598,NC,0
CUST00559,Customer_559,39,Married,Employed,1,Leased,Middle,Bachelor,17,684-35-6440,CA,0
CUST00560,Customer_560,64,Divorced,Retired,4,Owned,Upper,Master,3,149-53-9713,FL,0
CUST00561,Customer_561,23,Single,Retired,6,Leased,Middle,None,10,908-14-1514,NY,1
CUST00562,Customer_562,50,Single,Self-Employed,2,Leased,Lower,High School,17,839-28-6985,OH,0
CUST00563,Customer_563,36,Widowed,Self-Employed,2,Owned,Middle,PhD,11,588-46-3774,NC,0
CUST00564,Customer_564,76,Divorced,Employed,3,Owned,Middle,Bachelor,1,771-32-7881,WA,0
CUST00565,Customer_565,45,Single,Self-Employed,7,Rented,Middle,PhD,3,309-88-7307,WA,0
CUST00566,Customer_566,30,Married,Employed,3,Leased,Lower,Master,16,589-18-2923,IL,0
CUST00567,Customer_567,53,Widowed,Unemployed,6,Rented,Upper,PhD,9,668-60-1924,WA,0
CUST00568,Customer_568,22,Single,Employed,5,Rented,Middle,Bachelor,14,189-63-4385,WA,1
CUST00569,Customer_569,25,Married,Retired,7,Leased,Middle,None,17,525-64-8644,TX,0
CUST00570,Customer_570,44,Single,Self-Employed,5,Rented,Lower,None,2,326-71-8784,GA,0
CUST00571,Customer_571,57,Divorced,Retired,3,Owned,Middle,PhD,9,921-96-1041,IL,0
CUST00572,Customer_572,54,Divorced,Self-Employed,6,Rented,Upper,Master,3,168-87-2852,MI,0
CUST00573,Customer_573,21,Divorced,Retired,1,Leased,Middle,High School,17,360-52-6901,MI,0
CUST00574,Customer_574,60,Married,Unemployed,6,Rented,Middle,Bachelor,9,134-67-1836,TX,0
CUST00575,Customer_575,21,Married,Retired,2,Rented,Upper,Bachelor,17,432-90-2130,GA,0
CUST00576,Customer_576,68,Divorced,Unemployed,5,Owned,Lower,PhD,6,140-52-3227,WA,0
CUST00577,Customer_577,20,Widowed,Self-Employed,5,Owned,Middle,None,3,320-47-2534,GA,0
CUST00578,Customer_578,19,Widowed,Unemployed,2,Rented,Upper,PhD,17,118-92-8294,MI,0
CUST00579,Customer_579,50,Widowed,Employed,4,Rented,Lower,None,12,470-83-9962,NC,0
CUST00580,Customer_580,67,Single,Retired,4,Rented,Middle,High School,4,454-23-2815,NC,0
CUST00581,Customer_581,65,Married,Unemployed,6,Rented,Upper,PhD,14,963-89-7299,MI,0
CUST00582,Customer_582,55,Married,Employed,4,Rented,Middle,Master,8,710-37-5714,WA,0
CUST00583,Customer_583,29,Widowed,Employed,1,Rented,Upper,High School,1,431-44-7542,TX,1
CUST00584,Customer_584,77,Married,Employed,1,Owned,Middle,PhD,5,584-48-3245,NC,0
CUST00585,Customer_585,19,Single,Unemployed,5,Leased,Middle,None,15,689-50-1450,NY,0
CUST00586,Customer_586,39,Married,Unemployed,7,Leased,Middle,Master,3,716-39-4701,OH,0
CUST00587,Customer_587,64,Single,Employed,4,Rented,Lower,Bachelor,7,988-70-1604,GA,0
CUST00588,Customer_588,56,Married,Unemployed,1,Owned,Middle,Bachelor,5,764-35-7782,GA,0
CUST00589,Customer_589,67,Married,Self-Employed,2,Leased,Middle,PhD,14,414-60-7250,TX,0
CUST00590,Customer_590,65,Divorced,Self-Employed,7,Leased,Middle,PhD,17,265-22-7304,MI,1
CUST00591,Customer_591,76,Single,Unemployed,5,Owned,Lower,Bachelor,15,164-82-4898,NC,0
CUST00592,Customer_592,50,Divorced,Retired,1,Rented,Middle,PhD,14,184-77-9062,NC,0
CUST00593,Customer_593,68,Divorced,Retired,2,Leased,Upper,PhD,2,160-93-4728,GA,0
CUST00594,Customer_594,27,Divorced,Employed,6,Owned,Lower,High School,18,700-33-1999,OH,0
CUST00595,Customer_595,28,Widowed,Retired,5,Rented,Middle,Bachelor,4,987-68-3294,FL,1
CUST00596,Customer_596,21,Single,Unemployed,3,Rented,Lower,Bachelor,8,420-77-3732,OH,0
CUST00597,Customer_597,30,Single,Employed,5,Owned,Middle,PhD,16,718-13-9883,FL,0
CUST00598,Customer_598,24,Married,Retired,7,Leased,Lower,PhD,5,751-39-6099,MI,0
CUST00599,Customer_599,69,Divorced,Self-Employed,7,Leased,Upper,Master,5,256-50-4180,CA,0
CUST00600,Customer_600,48,Widowed,Self-Employed,6,Rented,Lower,Bachelor,1,449-82-4706,CA,0
CUST00601,Customer_601,45,Single,Retired,3,Leased,Middle,Master,7,105-50-1467,NC,0
CUST00602,Customer_602,57,Married,Unemployed,1,Leased,Upper,None,10,529-70-1879,NC,0
CUST00603,Customer_603,40,Divorced,Employed,3,Leased,Lower,None,9,156-43-5341,OH,0
CUST00604,Customer_604,53,Divorced,Employed,1,Leased,Middle,High School,1,157-38-7982,OH,0
CUST00605,Customer_605,18,Divorced,Retired,4,Leased,Middle,Master,4,613-56-1941,CA,0
CUST00606,Customer_606,62,Divorced,Self-Employed,5,Owned,Middle,PhD,1,818-62-4863,MI,0
CUST00607,Customer_607,72,Single,Employed,3,Owned,Upper,Bachelor,5,652-23-7096,MI,0
CUST00608,Customer_608,20,Married,Employed,2,Owned,Middle,None,12,369-13-3104,FL,1
CUST00609,Customer_609,22,Divorced,Retired,4,Leased,Middle,Master,1,428-49-3059,CA,0
CUST00610,Customer_610,26,Single,Unemployed,1,Owned,Middle,Bachelor,4,809-33-2049,OH,0
CUST00611,Customer_611,55,Widowed,Unemployed,2,Leased,Middle,None,11,300-45-1403,FL,0
CUST00612,Customer_612,65,Divorced,Unemployed,7,Rented,Middle,PhD,11,182-23-4522,TX,0
CUST00613,Customer_613,69,Divorced,Self-Employed,7,Owned,Middle,High School,18,955-61-1736,TX,0
CUST00614,Customer_614,66,Divorced,Retired,5,Leased,Middle,High School,11,162-19-1599,GA,0
CUST00615,Customer_615,53,Widowed,Unemployed,3,Rented,Middle,None,18,554-75-4909,NY,0
CUST00616,Customer_616,61,Single,Unemployed,1,Leased,Middle,PhD,14,466-62-4162,NC,0
CUST00617,Customer_617,35,Widowed,Retired,5,Owned,Upper,None,11,827-71-9849,NY,0
CUST00618,Customer_618,64,Single,Employed,4,Rented,Middle,None,8,176-48-8736,GA,0
CUST00619,Customer_619,29,Widowed,Self-Employed,5,Rented,Middle,PhD,3,704-79-5214,FL,1
CUST00620,Customer_620,77,Single,Retired,2,Rented,Middle,None,14,450-77-5217,OH,1
CUST00621,Customer_621,20,Married,Employed,6,Owned,Upper,None,18,466-45-2111,GA,0
CUST00622,Customer_622,76,Divorced,Self-Employed,6,Rented,Upper,Master,7,805-85-1260,NY,0
CUST00623,Customer_623,46,Divorced,Employed,3,Leased,Middle,PhD,7,461-69-2350,MI,0
CUST00624,Customer_624,57,Single,Unemployed,1,Leased,Middle,None,2,371-95-8015,GA,0
CUST00625,Customer_625,27,Married,Retired,4,Rented,Middle,None,12,888-97-7131,FL,0
CUST00626,Customer_626,37,Widowed,Self-Employed,3,Owned,Middle,None,6,350-94-5012,MI,0
CUST00627,Customer_627,71,Single,Unemployed,6,Leased,Lower,None,1,584-58-5936,IL,0
CUST00628,Customer_628,18,Widowed,Retired,2,Owned,Middle,Bachelor,1,595-79-2408,NC,1
CUST00629,Customer_629,29,Divorced,Retired,1,Rented,Upper,Master,7,496-61-6014,NY,0
CUST00630,Customer_630,57,Widowed,Retired,7,Rented,Lower,None,9,750-39-9495,CA,0
CUST00631,Customer_631,67,Widowed,Self-Employed,2,Owned,Middle,High School,9,113-74-2525,OH,0
CUST00632,Customer_632,44,Single,Employed,1,Leased,Upper,High School,15,642-12-3099,OH,0
CUST00633,Customer_633,23,Widowed,Unemployed,6,Rented,Upper,PhD,11,451-18-3952,NC,1
CUST00634,Customer_634,27,Married,Unemployed,6,Rented,Middle,None,15,670-24-6626,NC,0
CUST00635,Customer_635,73,Married,Self-Employed,2,Rented,Middle,Master,6,520-84-6739,GA,1
CUST00636,Customer_636,31,Widowed,Unemployed,4,Rented,Middle,None,5,501-83-2548,OH,1
CUST00637,Customer_637,53,Married,Unemployed,5,Leased,Middle,Bachelor,11,609-30-5055,CA,0
CUST00638,Customer_638,76,Divorced,Self-Employed,6,Leased,Lower,Master,3,528-63-3808,OH,0
CUST00639,Customer_639,41,Divorced,Self-Employed,3,Rented,Middle,None,15,695-26-2503,WA,0
CUST00640,Customer_640,22,Married,Self-Employed,2,Leased,Lower,Bachelor,4,196-52-4710,WA,0
CUST00641,Customer_641,68,Widowed,Self-Employed,1,Rented,Upper,None,18,842-40-6227,CA,0
CUST00642,Customer_642,66,Widowed,Unemployed,6,Owned,Middle,None,19,967-64-8706,MI,0
CUST00643,Customer_643,58,Divorced,Employed,6,Owned,Lower,PhD,11,558-26-5044,TX,1
CUST00644,Customer_644,73,Divorced,Self-Employed,7,Leased,Upper,High School,6,777-20-5321,CA,0
CUST00645,Customer_645,66,Single,Unemployed,6,Leased,Middle,None,7,565-92-9794,CA,0
CUST00646,Customer_646,60,Divorced,Employed,2,Rented,Middle,Master,9,646-28-2835,OH,0
CUST00647,Customer_647,38,Widowed,Retired,2,Owned,Middle,Bachelor,10,638-27-7061,TX,1
CUST00648,Customer_648,21,Widowed,Retired,2,Rented,Lower,Master,2,969-26-9263,GA,0
CUST00649,Customer_649,63,Divorced,Self-Employed,4,Rented,Middle,Master,4,134-52-4471,IL,0
CUST00650,Customer_650,70,Widowed,Unemployed,7,Rented,Lower,Bachelor,15,606-53-5923,MI,1
CUST00651,Customer_651,61,Widowed,Self-Employed,5,Leased,Middle,PhD,2,208-77-9494,FL,0
CUST00652,Customer_652,58,Divorced,Self-Employed,4,Rented,Lower,High School,9,526-86-2103,FL,0
CUST00653,Customer_653,62,Widowed,Employed,6,Leased,Middle,PhD,17,758-38-7025,OH,0
CUST00654,Customer_654,35,Single,Retired,6,Leased,Upper,Bachelor,2,610-13-4159,TX,0
CUST00655,Customer_655,25,Divorced,Retired,3,Leased,Lower,PhD,18,490-82-1989,IL,0
CUST00656,Customer_656,57,Divorced,Retired,6,Owned,Upper,None,9,952-14-3177,OH,0
CUST00657,Customer_657,76,Married,Employed,1,Leased,Upper,Master,9,228-89-6106,GA,0
CUST00658,Customer_658,26,Divorced,Retired,3,Owned,Lower,None,14,743-71-6282,IL,0
CUST00659,Customer_659,22,Widowed,Unemployed,2,Leased,Upper,Bachelor,15,369-21-4922,TX,0
CUST00660,Customer_660,61,Divorced,Unemployed,2,Leased,Upper,None,9,469-48-9957,FL,0
CUST00661,Customer_661,44,Married,Self-Employed,2,Owned,Upper,Master,2,215-67-2405,CA,0
CUST00662,Customer_662,73,Married,Employed,3,Rented,Lower,Master,19,631-70-1320,WA,0
CUST00663,Customer_663,47,Divorced,Self-Employed,6,Rented,Upper,High School,1,514-38-5388,OH,0
CUST00664,Customer_664,50,Divorced,Employed,5,Rented,Middle,PhD,17,538-52-6774,NY,1
CUST00665,Customer_665,21,Married,Retired,4,Owned,Middle,PhD,9,280-86-8570,NY,0
CUST00666,Customer_666,77,Divorced,Retired,4,Owned,Middle,Master,10,511-90-3469,CA,0
CUST00667,Customer_667,38,Married,Retired,2,Rented,Middle,High School,15,284-35-8027,IL,0
CUST00668,Customer_668,45,Widowed,Retired,6,Leased,Lower,PhD,18,223-37-2309,CA,0
CUST00669,Customer_669,57,Divorced,Employed,6,Rented,Lower,PhD,3,499-37-8353,NC,0
CUST00670,Customer_670,71,Widowed,Unemployed,4,Owned,Lower,None,16,789-88-4718,FL,0
CUST00671,Customer_671,67,Married,Retired,6,Owned,Middle,None,13,577-86-7415,TX,1
CUST00672,Customer_672,65,Married,Unemployed,6,Leased,Middle,Bachelor,7,953-97-1678,TX,0
CUST00673,Customer_673,24,Married,Unemployed,6,Rented,Middle,Bachelor,9,311-73-1885,CA,0
CUST00674,Customer_674,23,Divorced,Self-Employed,1,Leased,Middle,None,15,176-22-1645,NY,0
CUST00675,Customer_675,69,Divorced,Retired,1,Leased,Middle,High School,3,698-34-9482,CA,0
CUST00676,Customer_676,74,Divorced,Unemployed,4,Leased,Middle,None,10,191-50-6966,CA,0
CUST00677,Customer_677,56,Widowed,Unemployed,1,Leased,Upper,High School,14,423-73-8562,FL,0
CUST00678,Customer_678,74,Divorced,Employed,1,Leased,Middle,Master,11,674-63-6177,OH,0
CUST00679,Customer_679,37,Widowed,Retired,1,Owned,Middle,High School,9,993-79-1541,FL,1
CUST00680,Customer_680,39,Single,Unemployed,1,Owned,Middle,None,10,794-24-8831,IL,0
CUST00681,Customer_681,28,Married,Retired,3,Owned,Lower,Master,10,391-71-7648,IL,1
CUST00682,Customer_682,67,Divorced,Unemployed,3,Leased,Middle,None,16,419-95-5721,OH,0
CUST00683,Customer_683,59,Married,Unemployed,6,Rented,Upper,High School,16,480-53-3770,CA,1
CUST00684,Customer_684,31,Divorced,Retired,7,Owned,Middle,High School,18,196-97-8304,WA,0
CUST00685,Customer_685,79,Divorced,Employed,2,Rented,Middle,Master,2,832-91-6507,CA,0
CUST00686,Customer_686,19,Married,Self-Employed,3,Owned,Middle,High School,7,984-97-3231,WA,0
CUST00687,Customer_687,65,Divorced,Employed,4,Leased,Lower,Master,17,496-18-7319,FL,0
CUST00688,Customer_688,30,Widowed,Unemployed,2,Rented,Lower,PhD,13,199-77-8237,IL,0
CUST00689,Customer_689,66,Divorced,Self-Employed,3,Leased,Middle,Master,8,469-66-9541,CA,0
CUST00690,Customer_690,48,Widowed,Employed,5,Leased,Middle,PhD,12,779-49-9145,NY,0
CUST00691,Customer_691,32,Single,Retired,3,Owned,Middle,High School,9,135-30-3947,MI,0
CUST00692,Customer_692,21,Widowed,Employed,5,Owned,Lower,Bachelor,17,427-69-8130,GA,0
CUST00693,Customer_693,56,Widowed,Employed,1,Rented,Middle,High School,11,147-33-8360,GA,0
CUST00694,Customer_694,27,Widowed,Employed,4,Leased,Middle,Master,9,554-37-4990,NY,0
CUST00695,Customer_695,45,Divorced,Unemployed,3,Owned,Lower,Bachelor,12,644-62-8462,WA,0
CUST00696,Customer_696,76,Married,Self-Employed,3,Leased,Middle,Master,4,988-81-1933,NC,0
CUST00697,Customer_697,73,Divorced,Unemployed,4,Rented,Middle,High School,15,479-53-6664,FL,0
CUST00698,Customer_698,48,Widowed,Self-Employed,3,Owned,Middle,Master,4,962-49-4130,GA,0
CUST00699,Customer_699,63,Widowed,Retired,6,Leased,Middle,PhD,1,909-75-5127,NY,0
CUST00700,Customer_700,69,Widowed,Self-Employed,2,Owned,Middle,High School,1,935-36-3165,TX,0
CUST00701,Customer_701,55,Widowed,Retired,7,Rented,Middle,PhD,2,119-17-8779,GA,0
CUST00702,Customer_702,30,Divorced,Self-Employed,3,Rented,Middle,Bachelor,2,168-78-1656,IL,0
CUST00703,Customer_703,68,Married,Employed,4,Leased,Middle,None,1,307-41-2932,CA,0
CUST00704,Customer_704,23,Single,Self-Employed,2,Owned,Upper,None,6,213-97-4644,MI,0
CUST00705,Customer_705,50,Widowed,Employed,7,Leased,Middle,Master,19,480-77-9225,GA,0
CUST00706,Customer_706,66,Single,Self-Employed,5,Owned,Middle,High School,2,368-50-5314,OH,0
CUST00707,Customer_707,53,Single,Employed,6,Owned,Middle,Bachelor,13,334-21-9288,WA,0
CUST00708,Customer_708,39,Married,Retired,7,Rented,Middle,PhD,17,727-70-3858,NC,0
CUST00709,Customer_709,43,Divorced,Unemployed,7,Rented,Upper,Bachelor,16,693-22-2062,WA,0
CUST00710,Customer_710,46,Divorced,Employed,2,Owned,Middle,PhD,7,958-30-7925,NC,0
CUST00711,Customer_711,64,Married,Retired,3,Rented,Middle,None,2,350-68-6507,TX,0
CUST00712,Customer_712,79,Divorced,Self-Employed,2,Owned,Middle,None,8,749-94-4829,IL,0
CUST00713,Customer_713,66,Widowed,Employed,4,Rented,Lower,Bachelor,12,878-36-9672,OH,0
CUST00714,Customer_714,37,Widowed,Employed,7,Rented,Middle,None,15,549-85-8426,FL,0
CUST00715,Customer_715,24,Widowed,Employed,6,Owned,Middle,Bachelor,3,670-95-7077,NY,0
CUST00716,Customer_716,47,Widowed,Employed,4,Rented,Upper,None,6,644-32-4386,OH,0
CUST00717,Customer_717,71,Single,Self-Employed,4,Rented,Middle,High School,12,105-73-6460,IL,0
CUST00718,Customer_718,57,Single,Unemployed,6,Rented,Middle,Master,14,726-65-3226,TX,1
CUST00719,Customer_719,37,Single,Self-Employed,4,Leased,Middle,PhD,6,998-48-7294,OH,0
CUST00720,Customer_720,23,Single,Retired,7,Leased,Middle,High School,16,220-63-4620,OH,0
CUST00721,Customer_721,33,Widowed,Retired,4,Rented,Upper,Master,16,934-77-9410,MI,0
CUST00722,Customer_722,62,Divorced,Self-Employed,5,Rented,Middle,Bachelor,7,382-68-6696,TX,0
CUST00723,Customer_723,59,Widowed,Unemployed,5,Rented,Lower,None,11,325-39-7073,IL,1
CUST00724,Customer_724,46,Married,Self-Employed,6,Rented,Middle,Master,10,232-45-7671,WA,0
CUST00725,Customer_725,38,Widowed,Self-Employed,4,Leased,Middle,High School,13,856-62-7023,FL,1
CUST00726,Customer_726,28,Widowed,Employed,3,Owned,Middle,High School,7,842-30-7109,NC,1
CUST00727,Customer_727,78,Single,Unemployed,3,Leased,Middle,High School,7,761-82-6473,NY,0
CUST00728,Customer_728,44,Widowed,Employed,7,Leased,Lower,High School,9,239-14-6530,TX,1
CUST00729,Customer_729,65,Single,Unemployed,1,Owned,Upper,Master,5,348-42-5156,NC,0
CUST00730,Customer_730,46,Married,Retired,5,Leased,Middle,Bachelor,12,771-41-6220,NC,0
CUST00731,Customer_731,53,Single,Self-Employed,7,Rented,Middle,Bachelor,19,547-14-7221,WA,0
CUST00732,Customer_732,57,Divorced,Unemployed,1,Owned,Lower,Bachelor,7,579-29-7697,NC,1
CUST00733,Customer_733,40,Single,Retired,5,Owned,Upper,Master,17,189-33-3150,NY,1
CUST00734,Customer_734,76,Widowed,Unemployed,5,Owned,Middle,Master,9,688-98-8567,NC,0
CUST00735,Customer_735,46,Married,Self-Employed,3,Rented,Upper,Master,4,224-15-8100,CA,1
CUST00736,Customer_736,65,Widowed,Retired,1,Leased,Middle,None,10,619-41-8987,NY,0
CUST00737,Customer_737,74,Married,Employed,5,Leased,Middle,Bachelor,10,260-21-5497,FL,0
CUST00738,Customer_738,41,Divorced,Unemployed,4,Leased,Middle,Bachelor,1,342-30-6632,OH,0
CUST00739,Customer_739,32,Divorced,Self-Employed,6,Leased,Lower,Master,10,374-62-6101,GA,0
CUST00740,Customer_740,78,Widowed,Employed,1,Owned,Middle,High School,4,813-96-6660,OH,0
CUST00741,Customer_741,66,Married,Unemployed,7,Leased,Middle,PhD,16,357-61-5340,TX,1
CUST00742,Customer_742,67,Divorced,Unemployed,5,Leased,Lower,Master,11,506-40-1704,NY,1
CUST00743,Customer_743,76,Married,Unemployed,4,Leased,Middle,Bachelor,6,321-62-1635,CA,0
CUST00744,Customer_744,19,Single,Unemployed,4,Rented,Middle,Bachelor,1,240-60-9961,OH,1
CUST00745,Customer_745,76,Widowed,Self-Employed,7,Rented,Middle,Master,11,250-16-4146,NC,0
CUST00746,Customer_746,25,Divorced,Self-Employed,4,Owned,Lower,None,14,168-89-8085,FL,0
CUST00747,Customer_747,27,Married,Employed,5,Owned,Middle,Bachelor,9,204-19-5868,OH,0
CUST00748,Customer_748,31,Widowed,Unemployed,5,Leased,Middle,Master,18,464-71-9346,MI,0
CUST00749,Customer_749,25,Widowed,Retired,3,Rented,Middle,High School,4,400-80-3996,TX,0
CUST00750,Customer_750,23,Widowed,Self-Employed,2,Rented,Middle,Bachelor,15,309-96-3259,WA,0
CUST00751,Customer_751,25,Married,Self-Employed,6,Leased,Lower,PhD,10,228-62-6360,NY,0
CUST00752,Customer_752,48,Single,Self-Employed,3,Rented,Middle,PhD,6,537-17-2050,NY,0
CUST00753,Customer_753,41,Married,Unemployed,1,Rented,Middle,None,6,781-24-3483,NC,0
CUST00754,Customer_754,39,Married,Unemployed,4,Leased,Middle,Master,9,821-40-4102,NY,0
CUST00755,Customer_755,28,Single,Self-Employed,1,Leased,Middle,None,2,923-81-7374,IL,0
CUST00756,Customer_756,78,Divorced,Employed,4,Leased,Lower,Master,13,270-35-6394,FL,0
CUST00757,Customer_757,38,Married,Self-Employed,5,Leased,Middle,High School,8,854-54-7692,TX,0
CUST00758,Customer_758,47,Widowed,Self-Employed,7,Rented,Middle,High School,13,393-42-6476,MI,0
CUST00759,Customer_759,26,Single,Employed,5,Rented,Middle,Master,10,609-21-4496,CA,1
CUST00760,Customer_760,31,Divorced,Self-Employed,3,Leased,Lower,Bachelor,19,869-57-7689,TX,0
CUST00761,Customer_761,32,Divorced,Retired,5,Leased,Middle,High School,2,843-35-3113,MI,0
CUST00762,Customer_762,78,Single,Unemployed,5,Rented,Upper,High School,10,621-52-9118,NC,0
CUST00763,Customer_763,28,Married,Employed,6,Owned,Middle,PhD,11,264-47-1437,FL,1
CUST00764,Customer_764,49,Widowed,Retired,7,Leased,Lower,PhD,5,426-62-8189,MI,1
CUST00765,Customer_765,51,Married,Employed,1,Leased,Lower,Bachelor,13,858-10-8848,NC,0
CUST00766,Customer_766,22,Divorced,Unemployed,6,Leased,Middle,Bachelor,7,717-27-2942,NY,1
CUST00767,Customer_767,39,Divorced,Unemployed,6,Owned,Middle,Master,15,798-71-2853,CA,0
CUST00768,Customer_768,23,Widowed,Unemployed,3,Leased,Middle,High School,18,493-86-1182,NC,1
CUST00769,Customer_769,28,Divorced,Retired,3,Rented,Middle,None,17,559-87-1035,GA,1
CUST00770,Customer_770,59,Widowed,Self-Employed,3,Leased,Middle,Master,13,591-59-3822,IL,0
CUST00771,Customer_771,53,Widowed,Retired,3,Rented,Upper,Bachelor,14,584-72-3552,FL,0
CUST00772,Customer_772,48,Single,Unemployed,7,Leased,Upper,Master,17,545-57-1314,NY,0
CUST00773,Customer_773,31,Widowed,Self-Employed,3,Rented,Middle,High School,19,291-67-5400,FL,0
CUST00774,Customer_774,56,Widowed,Employed,4,Leased,Middle,Bachelor,14,971-85-2997,MI,0
CUST00775,Customer_775,74,Single,Unemployed,5,Owned,Middle,Master,18,996-86-4784,FL,1
CUST00776,Customer_776,70,Married,Self-Employed,2,Owned,Lower,None,19,658-34-1701,IL,0
CUST00777,Customer_777,28,Married,Self-Employed,5,Leased,Middle,None,4,313-74-6137,GA,0
CUST00778,Customer_778,60,Widowed,Unemployed,4,Owned,Middle,PhD,10,496-52-8142,CA,0
CUST00779,Customer_779,33,Married,Unemployed,2,Leased,Lower,Bachelor,7,725-66-5511,OH,0
CUST00780,Customer_780,71,Single,Employed,2,Rented,Lower,None,19,102-39-2136,GA,0
CUST00781,Customer_781,47,Single,Self-Employed,1,Owned,Lower,High School,15,796-41-3204,OH,0
CUST00782,Customer_782,64,Widowed,Retired,5,Rented,Lower,Bachelor,17,533-52-9388,GA,0
CUST00783,Customer_783,51,Single,Unemployed,6,Rented,Middle,Master,7,260-83-2942,IL,0
CUST00784,Customer_784,59,Married,Self-Employed,7,Owned,Middle,Master,17,820-57-5855,GA,0
CUST00785,Customer_785,75,Divorced,Retired,5,Leased,Lower,PhD,2,733-18-8173,WA,0
CUST00786,Customer_786,26,Single,Unemployed,7,Rented,Middle,Master,18,770-27-1778,NY,0
CUST00787,Customer_787,74,Single,Retired,7,Leased,Middle,None,5,750-18-6218,NY,0
CUST00788,Customer_788,47,Widowed,Self-Employed,5,Leased,Middle,Master,10,329-73-9302,GA,0
CUST00789,Customer_789,26,Married,Employed,3,Leased,Middle,PhD,14,856-76-6783,CA,0
CUST00790,Customer_790,44,Married,Unemployed,7,Rented,Upper,High School,15,168-94-9269,FL,0
CUST00791,Customer_791,21,Widowed,Retired,5,Rented,Middle,High School,5,156-79-1962,TX,0
CUST00792,Customer_792,51,Single,Unemployed,6,Rented,Middle,Bachelor,11,642-32-2142,IL,0
CUST00793,Customer_793,47,Married,Self-Employed,2,Owned,Middle,High School,11,307-38-4142,TX,0
CUST00794,Customer_794,42,Widowed,Employed,7,Rented,Middle,None,15,370-51-6759,FL,1
CUST00795,Customer_795,45,Widowed,Employed,4,Owned,Middle,PhD,7,517-62-4464,IL,1
CUST00796,Customer_796,56,Married,Retired,7,Rented,Lower,None,15,349-23-3799,GA,0
CUST00797,Customer_797,69,Widowed,Employed,3,Owned,Upper,Bachelor,12,272-56-6890,IL,1
CUST00798,Customer_798,42,Divorced,Unemployed,7,Rented,Middle,High School,15,860-36-2135,MI,0
CUST00799,Customer_799,19,Divorced,Unemployed,5,Owned,Middle,Bachelor,17,833-74-3849,NC,0
CUST00800,Customer_800,52,Widowed,Self-Employed,2,Owned,Middle,High School,9,995-67-7746,CA,0
CUST00801,Customer_801,76,Divorced,Retired,2,Leased,Middle,Bachelor,9,415-49-4141,GA,0
CUST00802,Customer_802,42,Married,Unemployed,2,Rented,Middle,High School,16,757-82-8745,CA,0
CUST00803,Customer_803,25,Divorced,Retired,3,Rented,Lower,Bachelor,15,398-78-7150,TX,0
CUST00804,Customer_804,73,Single,Self-Employed,1,Leased,Middle,PhD,17,111-80-2183,NC,0
CUST00805,Customer_805,43,Married,Unemployed,4,Leased,Middle,None,11,215-19-5941,OH,1
CUST00806,Customer_806,41,Divorced,Retired,5,Owned,Upper,Bachelor,13,128-54-7429,NY,1
CUST00807,Customer_807,36,Married,Retired,6,Owned,Lower,None,2,581-33-4005,TX,0
CUST00808,Customer_808,63,Divorced,Self-Employed,7,Leased,Lower,PhD,9,749-40-6994,NY,0
CUST00809,Customer_809,27,Married,Self-Employed,6,Leased,Middle,High School,5,718-56-4347,NC,0
CUST00810,Customer_810,56,Single,Retired,7,Leased,Lower,High School,17,153-76-3747,OH,0
CUST00811,Customer_811,39,Single,Unemployed,5,Owned,Middle,High School,3,508-12-7678,TX,1
CUST00812,Customer_812,41,Divorced,Self-Employed,6,Rented,Middle,PhD,15,918-88-3777,IL,1
CUST00813,Customer_813,31,Single,Self-Employed,6,Rented,Lower,PhD,16,180-18-4420,FL,0
CUST00814,Customer_814,68,Married,Retired,6,Rented,Lower,None,9,102-25-6503,TX,0
CUST00815,Customer_815,46,Divorced,Unemployed,3,Owned,Middle,Master,13,137-65-8809,CA,1
CUST00816,Customer_816,75,Single,Retired,4,Leased,Middle,High School,12,994-96-3597,NC,0
CUST00817,Customer_817,69,Married,Unemployed,7,Rented,Upper,None,14,680-14-3145,TX,0
CUST00818,Customer_818,65,Married,Retired,4,Leased,Middle,None,14,800-28-3740,TX,0
CUST00819,Customer_819,45,Married,Self-Employed,5,Owned,Lower,PhD,5,468-39-7654,MI,0
CUST00820,Customer_820,76,Widowed,Retired,5,Rented,Middle,None,14,916-57-6177,MI,0
CUST00821,Customer_821,54,Widowed,Employed,2,Rented,Middle,Bachelor,18,757-45-5090,OH,1
CUST00822,Customer_822,45,Married,Unemployed,1,Leased,Upper,Master,6,954-44-3387,NC,0
CUST00823,Customer_823,39,Widowed,Self-Employed,5,Leased,Middle,Master,6,118-11-7918,CA,0
CUST00824,Customer_824,74,Single,Unemployed,6,Rented,Middle,Bachelor,6,307-75-1397,TX,0
CUST00825,Customer_825,33,Married,Retired,5,Leased,Middle,None,18,814-46-8342,NY,0
CUST00826,Customer_826,72,Widowed,Employed,5,Rented,Middle,Master,17,847-60-9775,NC,1
CUST00827,Customer_827,32,Single,Employed,1,Owned,Upper,None,7,950-72-5428,CA,0
CUST00828,Customer_828,65,Married,Unemployed,2,Rented,Upper,Bachelor,18,932-96-4676,GA,0
CUST00829,Customer_829,35,Widowed,Self-Employed,6,Leased,Lower,Master,15,391-36-9416,CA,0
CUST00830,Customer_830,69,Widowed,Unemployed,5,Leased,Middle,None,8,238-10-5507,WA,0
CUST00831,Customer_831,69,Widowed,Self-Employed,2,Rented,Middle,High School,16,955-39-5540,FL,0
CUST00832,Customer_832,63,Widowed,Employed,5,Owned,Lower,Master,18,196-83-9386,NC,0
CUST00833,Customer_833,79,Widowed,Retired,1,Leased,Middle,PhD,17,670-21-1880,GA,0
CUST00834,Customer_834,49,Married,Unemployed,6,Owned,Middle,PhD,9,765-21-1612,NY,0
CUST00835,Customer_835,70,Married,Unemployed,1,Owned,Middle,PhD,5,900-56-6354,NC,0
CUST00836,Customer_836,52,Married,Employed,6,Rented,Middle,PhD,4,706-40-3110,GA,0
CUST00837,Customer_837,20,Single,Employed,2,Owned,Middle,High School,16,566-16-3656,IL,0
CUST00838,Customer_838,43,Single,Unemployed,2,Rented,Lower,Bachelor,14,633-93-6425,GA,0
CUST00839,Customer_839,20,Widowed,Employed,7,Rented,Middle,PhD,14,775-37-1513,FL,0
CUST00840,Customer_840,59,Single,Self-Employed,6,Rented,Middle,Master,1,438-71-1410,NC,0
CUST00841,Customer_841,27,Divorced,Retired,3,Owned,Lower,Bachelor,19,878-36-7188,NC,1
CUST00842,Customer_842,38,Single,Retired,2,Owned,Upper,None,3,893-64-2541,IL,0
CUST00843,Customer_843,72,Divorced,Unemployed,1,Owned,Middle,Bachelor,12,329-51-9810,GA,0
CUST00844,Customer_844,63,Married,Employed,3,Leased,Middle,Bachelor,18,708-64-8225,MI,0
CUST00845,Customer_845,38,Single,Employed,5,Owned,Middle,Master,5,227-17-6249,GA,1
CUST00846,Customer_846,49,Married,Employed,4,Leased,Middle,Bachelor,10,632-32-6644,FL,0
CUST00847,Customer_847,54,Divorced,Self-Employed,7,Leased,Middle,Master,16,237-27-9044,FL,0
CUST00848,Customer_848,39,Widowed,Unemployed,6,Rented,Lower,None,6,127-59-8598,WA,0
CUST00849,Customer_849,64,Married,Unemployed,2,Leased,Lower,None,2,740-49-3829,MI,1
CUST00850,Customer_850,27,Married,Self-Employed,7,Rented,Lower,Bachelor,10,154-21-6201,NY,0
CUST00851,Customer_851,44,Divorced,Retired,4,Owned,Upper,Bachelor,16,575-43-3631,NC,0
CUST00852,Customer_852,33,Married,Employed,1,Rented,Middle,None,11,172-20-3583,CA,0
CUST00853,Customer_853,60,Single,Self-Employed,6,Rented,Middle,Master,9,930-39-2041,GA,0
CUST00854,Customer_854,57,Single,Unemployed,6,Leased,Middle,High School,13,616-21-4629,FL,0
CUST00855,Customer_855,68,Married,Employed,3,Rented,Upper,Master,1,754-19-9304,NY,0
CUST00856,Customer_856,40,Married,Retired,7,Owned,Upper,PhD,7,671-91-7558,WA,0
CUST00857,Customer_857,32,Single,Retired,7,Leased,Upper,Master,17,968-55-1146,TX,0
CUST00858,Customer_858,20,Widowed,Unemployed,7,Leased,Middle,PhD,8,156-26-1928,NC,0
CUST00859,Customer_859,71,Married,Unemployed,7,Rented,Middle,PhD,19,826-94-6594,IL,0
CUST00860,Customer_860,38,Divorced,Employed,2,Owned,Lower,High School,11,270-97-3767,IL,0
CUST00861,Customer_861,64,Single,Employed,4,Owned,Upper,None,18,893-71-4940,IL,0
CUST00862,Customer_862,40,Married,Employed,2,Owned,Middle,High School,12,811-69-9198,WA,0
CUST00863,Customer_863,38,Married,Employed,5,Rented,Middle,High School,8,646-45-1852,OH,0
CUST00864,Customer_864,32,Divorced,Unemployed,4,Owned,Middle,Bachelor,18,992-79-1934,FL,0
CUST00865,Customer_865,66,Widowed,Retired,7,Rented,Upper,High School,6,645-83-7298,CA,1
CUST00866,Customer_866,35,Married,Unemployed,7,Owned,Middle,PhD,8,344-22-9432,FL,0
CUST00867,Customer_867,36,Married,Retired,3,Leased,Middle,Master,14,432-87-5189,TX,0
CUST00868,Customer_868,61,Widowed,Retired,3,Owned,Middle,Bachelor,17,785-31-6433,TX,0
CUST00869,Customer_869,50,Married,Unemployed,1,Rented,Middle,None,4,603-29-7128,WA,1
CUST00870,Customer_870,64,Married,Employed,4,Rented,Middle,Bachelor,19,515-68-1313,IL,0
CUST00871,Customer_871,24,Single,Retired,3,Leased,Middle,None,9,210-73-9962,WA,0
CUST00872,Customer_872,77,Divorced,Unemployed,7,Owned,Middle,Master,7,204-12-3324,OH,1
CUST00873,Customer_873,32,Single,Unemployed,6,Leased,Middle,PhD,3,138-31-7227,FL,0
CUST00874,Customer_874,25,Single,Retired,4,Leased,Upper,None,1,808-66-4605,TX,0
CUST00875,Customer_875,24,Married,Unemployed,4,Owned,Upper,Bachelor,11,239-57-9683,NC,0
CUST00876,Customer_876,37,Married,Employed,5,Rented,Middle,High School,12,287-58-4006,TX,0
CUST00877,Customer_877,44,Single,Retired,7,Leased,Lower,PhD,2,421-55-2522,CA,0
CUST00878,Customer_878,22,Divorced,Retired,7,Leased,Lower,PhD,18,274-13-7207,NY,0
CUST00879,Customer_879,56,Widowed,Employed,3,Rented,Lower,High School,11,917-49-6581,NY,0
CUST00880,Customer_880,56,Single,Self-Employed,3,Leased,Middle,None,2,984-77-3218,FL,0
CUST00881,Customer_881,66,Married,Employed,5,Rented,Middle,PhD,16,797-45-9631,OH,0
CUST00882,Customer_882,19,Divorced,Unemployed,2,Owned,Middle,Master,4,931-13-8973,OH,0
CUST00883,Customer_883,23,Married,Employed,1,Rented,Middle,High School,13,315-53-7741,IL,0
CUST00884,Customer_884,30,Divorced,Self-Employed,2,Owned,Middle,None,13,211-11-4678,OH,0
CUST00885,Customer_885,45,Married,Unemployed,3,Owned,Lower,Master,16,622-62-9569,GA,0
CUST00886,Customer_886,54,Single,Retired,5,Rented,Lower,Master,16,328-73-2720,TX,0
CUST00887,Customer_887,30,Widowed,Self-Employed,6,Rented,Middle,High School,19,504-57-4864,NY,0
CUST00888,Customer_888,40,Widowed,Retired,2,Leased,Middle,PhD,2,258-26-8869,CA,1
CUST00889,Customer_889,49,Married,Employed,1,Leased,Lower,None,7,954-16-3092,WA,0
CUST00890,Customer_890,51,Single,Employed,2,Leased,Lower,PhD,7,987-20-5840,GA,0
CUST00891,Customer_891,50,Single,Employed,7,Leased,Middle,Bachelor,8,360-97-7702,MI,0
CUST00892,Customer_892,57,Widowed,Unemployed,2,Leased,Middle,High School,5,775-15-2375,NC,0
CUST00893,Customer_893,64,Widowed,Self-Employed,4,Rented,Middle,Master,5,814-30-4908,CA,0
CUST00894,Customer_894,70,Married,Employed,4,Rented,Middle,Master,19,196-11-7561,IL,1
CUST00895,Customer_895,77,Widowed,Retired,2,Owned,Middle,Bachelor,18,259-25-8587,MI,0
CUST00896,Customer_896,42,Single,Self-Employed,6,Leased,Upper,PhD,13,742-29-8734,OH,0
CUST00897,Customer_897,38,Married,Unemployed,1,Leased,Middle,None,11,972-46-5088,OH,0
CUST00898,Customer_898,35,Single,Unemployed,4,Owned,Middle,High School,10,694-23-9055,WA,0
CUST00899,Customer_899,39,Divorced,Employed,3,Rented,Lower,Bachelor,13,212-77-6192,NC,0
CUST00900,Customer_900,51,Divorced,Unemployed,6,Owned,Middle,Master,17,217-49-3632,NC,0
CUST00901,Customer_901,55,Widowed,Retired,2,Rented,Middle,High School,9,942-57-4310,NC,0
CUST00902,Customer_902,22,Widowed,Self-Employed,7,Rented,Middle,PhD,11,337-22-5552,NY,0
CUST00903,Customer_903,79,Divorced,Retired,6,Rented,Lower,High School,18,558-94-6832,WA,1
CUST00904,Customer_904,20,Divorced,Self-Employed,6,Rented,Middle,High School,18,507-43-3354,MI,0
CUST00905,Customer_905,42,Divorced,Self-Employed,4,Rented,Middle,Bachelor,5,681-23-1054,CA,0
CUST00906,Customer_906,46,Married,Employed,5,Owned,Middle,Master,5,910-12-3067,OH,0
CUST00907,Customer_907,39,Divorced,Employed,2,Rented,Upper,PhD,4,602-27-7030,FL,0
CUST00908,Customer_908,31,Single,Employed,1,Owned,Lower,High School,1,595-16-5154,OH,1
CUST00909,Customer_909,50,Single,Unemployed,6,Leased,Middle,PhD,14,846-44-7096,MI,0
CUST00910,Customer_910,18,Widowed,Employed,4,Leased,Middle,High School,9,620-50-6124,GA,0
CUST00911,Customer_911,64,Married,Unemployed,3,Leased,Upper,None,1,537-16-4926,NC,0
CUST00912,Customer_912,60,Widowed,Self-Employed,2,Rented,Middle,Master,4,473-79-7488,IL,0
CUST00913,Customer_913,65,Single,Employed,5,Rented,Middle,PhD,11,615-43-6669,CA,0
CUST00914,Customer_914,68,Married,Retired,4,Leased,Middle,High School,16,996-84-3118,MI,0
CUST00915,Customer_915,73,Married,Unemployed,5,Owned,Lower,PhD,13,352-54-6943,CA,0
CUST00916,Customer_916,27,Widowed,Self-Employed,7,Owned,Middle,Master,11,705-79-5930,TX,0
CUST00917,Customer_917,69,Married,Unemployed,6,Owned,Middle,Master,4,841-13-2955,NC,1
CUST00918,Customer_918,52,Divorced,Retired,3,Rented,Lower,High School,6,561-56-9696,IL,1
CUST00919,Customer_919,25,Single,Self-Employed,2,Leased,Middle,PhD,15,692-46-6278,IL,0
CUST00920,Customer_920,79,Divorced,Employed,2,Rented,Lower,None,15,204-44-1191,CA,0
CUST00921,Customer_921,68,Married,Unemployed,4,Rented,Middle,None,17,234-46-1045,TX,1
CUST00922,Customer_922,34,Divorced,Self-Employed,6,Leased,Middle,None,11,266-89-8511,NC,0
CUST00923,Customer_923,73,Divorced,Unemployed,2,Leased,Lower,PhD,6,611-94-1277,OH,0
CUST00924,Customer_924,63,Single,Employed,7,Leased,Middle,Bachelor,10,945-54-4370,FL,0
CUST00925,Customer_925,45,Single,Retired,4,Leased,Middle,Bachelor,18,810-50-6411,IL,0
CUST00926,Customer_926,28,Single,Employed,6,Rented,Middle,High School,4,383-56-2161,IL,0
CUST00927,Customer_927,63,Single,Self-Employed,3,Owned,Middle,Bachelor,17,293-59-9492,WA,0
CUST00928,Customer_928,75,Divorced,Unemployed,1,Owned,Middle,Bachelor,19,267-61-1534,MI,0
CUST00929,Customer_929,29,Married,Unemployed,4,Rented,Middle,PhD,16,555-85-4053,IL,0
CUST00930,Customer_930,18,Widowed,Self-Employed,4,Owned,Lower,High School,13,817-44-9335,TX,0
CUST00931,Customer_931,32,Single,Retired,4,Owned,Upper,None,8,665-39-3386,OH,0
CUST00932,Customer_932,36,Divorced,Self-Employed,3,Owned,Middle,PhD,17,882-52-4585,CA,0
CUST00933,Customer_933,41,Divorced,Unemployed,5,Leased,Upper,PhD,4,627-16-2654,GA,0
CUST00934,Customer_934,78,Single,Self-Employed,5,Owned,Middle,Master,15,511-35-5983,OH,0
CUST00935,Customer_935,77,Divorced,Self-Employed,2,Leased,Middle,Bachelor,8,413-48-8012,MI,0
CUST00936,Customer_936,59,Single,Retired,5,Leased,Middle,Master,10,806-36-4166,IL,0
CUST00937,Customer_937,31,Widowed,Self-Employed,3,Leased,Middle,PhD,9,675-91-5899,OH,0
CUST00938,Customer_938,31,Married,Self-Employed,6,Rented,Lower,None,1,166-63-7482,CA,1
CUST00939,Customer_939,23,Widowed,Retired,4,Owned,Lower,PhD,19,942-92-7214,MI,0
CUST00940,Customer_940,67,Divorced,Employed,2,Rented,Lower,None,13,597-24-8907,FL,1
CUST00941,Customer_941,31,Married,Self-Employed,2,Leased,Middle,Master,12,528-71-7615,NC,0
CUST00942,Customer_942,73,Single,Self-Employed,7,Rented,Middle,Master,2,113-43-7040,FL,0
CUST00943,Customer_943,55,Single,Self-Employed,6,Rented,Upper,PhD,15,525-68-6060,NY,0
CUST00944,Customer_944,48,Single,Unemployed,2,Leased,Upper,PhD,19,100-37-4682,FL,0
CUST00945,Customer_945,75,Married,Self-Employed,4,Rented,Middle,Bachelor,16,445-13-1167,MI,0
CUST00946,Customer_946,27,Divorced,Retired,1,Owned,Middle,Master,5,363-85-9878,NC,0
CUST00947,Customer_947,46,Married,Retired,6,Owned,Middle,Master,4,852-93-9334,NC,0
CUST00948,Customer_948,34,Single,Employed,6,Rented,Middle,PhD,7,715-20-4301,NY,0
CUST00949,Customer_949,29,Single,Unemployed,6,Owned,Middle,Bachelor,1,761-45-3419,NC,0
CUST00950,Customer_950,76,Married,Self-Employed,4,Leased,Lower,High School,11,134-40-4044,IL,0
CUST00951,Customer_951,55,Single,Unemployed,2,Leased,Middle,None,9,831-79-2017,NC,0
CUST00952,Customer_952,27,Divorced,Self-Employed,4,Owned,Middle,Bachelor,10,566-90-5289,FL,0
CUST00953,Customer_953,24,Married,Retired,4,Owned,Upper,High School,19,959-18-3898,OH,0
CUST00954,Customer_954,37,Single,Retired,3,Owned,Middle,Bachelor,13,926-73-3547,WA,0
CUST00955,Customer_955,69,Married,Employed,3,Owned,Lower,None,8,901-44-8132,CA,0
CUST00956,Customer_956,27,Married,Employed,1,Rented,Upper,High School,15,397-40-3958,NC,0
CUST00957,Customer_957,63,Single,Employed,4,Rented,Middle,PhD,8,428-63-8282,GA,0
CUST00958,Customer_958,24,Single,Retired,2,Leased,Middle,Master,15,663-12-6386,IL,0
CUST00959,Customer_959,38,Widowed,Employed,6,Rented,Middle,PhD,18,487-16-3973,WA,0
CUST00960,Customer_960,50,Married,Unemployed,6,Leased,Middle,PhD,18,971-41-7425,NC,0
CUST00961,Customer_961,25,Divorced,Self-Employed,5,Rented,Lower,Bachelor,10,279-88-8325,OH,0
CUST00962,Customer_962,42,Widowed,Self-Employed,2,Rented,Middle,Bachelor,9,243-71-9388,NY,0
CUST00963,Customer_963,34,Single,Unemployed,5,Leased,Middle,PhD,8,913-74-7566,GA,1
CUST00964,Customer_964,20,Divorced,Retired,7,Rented,Middle,None,11,550-23-1208,CA,1
CUST00965,Customer_965,18,Widowed,Unemployed,5,Leased,Lower,None,18,363-32-9223,FL,0
CUST00966,Customer_966,27,Single,Unemployed,6,Rented,Middle,Bachelor,17,854-38-4412,IL,0
CUST00967,Customer_967,64,Married,Unemployed,7,Owned,Middle,Bachelor,12,768-70-8977,FL,0
CUST00968,Customer_968,20,Single,Employed,6,Leased,Middle,None,6,756-71-7980,OH,0
CUST00969,Customer_969,49,Single,Unemployed,2,Owned,Middle,PhD,8,903-44-3262,MI,0
CUST00970,Customer_970,19,Married,Self-Employed,7,Rented,Upper,High School,5,917-24-3629,NY,0
CUST00971,Customer_971,31,Single,Employed,6,Leased,Middle,PhD,4,222-84-9252,IL,0
CUST00972,Customer_972,29,Widowed,Self-Employed,6,Rented,Lower,Bachelor,1,481-18-3107,IL,1
CUST00973,Customer_973,39,Single,Employed,2,Leased,Middle,High School,15,620-40-7750,NC,1
CUST00974,Customer_974,64,Divorced,Self-Employed,4,Owned,Middle,High School,15,818-48-6533,NC,0
CUST00975,Customer_975,44,Single,Employed,7,Leased,Middle,Bachelor,4,157-22-4023,FL,0
CUST00976,Customer_976,18,Divorced,Unemployed,7,Leased,Middle,Bachelor,14,211-11-7184,MI,0
CUST00977,Customer_977,26,Divorced,Self-Employed,1,Leased,Middle,PhD,4,121-31-7491,GA,0
CUST00978,Customer_978,36,Single,Unemployed,3,Owned,Lower,High School,6,287-30-7744,MI,0
CUST00979,Customer_979,35,Married,Unemployed,5,Owned,Middle,High School,5,119-38-5823,MI,0
CUST00980,Customer_980,53,Widowed,Retired,1,Owned,Middle,PhD,3,161-68-4823,OH,0
CUST00981,Customer_981,39,Divorced,Employed,2,Owned,Lower,Master,14,379-60-1348,NC,0
CUST00982,Customer_982,64,Widowed,Unemployed,5,Owned,Middle,Bachelor,1,640-51-1526,GA,0
CUST00983,Customer_983,33,Married,Self-Employed,5,Owned,Middle,High School,8,806-50-1617,GA,0
CUST00984,Customer_984,60,Single,Self-Employed,1,Leased,Middle,High School,10,423-76-5039,OH,0
CUST00985,Customer_985,24,Married,Retired,3,Leased,Middle,Bachelor,11,448-13-1580,FL,0
CUST00986,Customer_986,79,Married,Employed,5,Leased,Middle,Bachelor,4,365-34-6790,NY,0
CUST00987,Customer_987,79,Widowed,Self-Employed,7,Owned,Upper,Master,9,522-21-6863,NC,0
CUST00988,Customer_988,35,Married,Retired,7,Leased,Middle,PhD,16,962-86-9944,NC,1
CUST00989,Customer_989,32,Divorced,Self-Employed,3,Leased,Middle,High School,8,531-42-1500,IL,0
CUST00990,Customer_990,18,Divorced,Employed,5,Owned,Middle,Master,19,712-49-6717,TX,0
CUST00991,Customer_991,78,Married,Employed,4,Owned,Lower,Master,9,370-24-7209,TX,0
CUST00992,Customer_992,20,Married,Self-Employed,2,Owned,Middle,High School,15,448-57-9824,MI,0
CUST00993,Customer_993,18,Widowed,Employed,4,Rented,Middle,Master,3,352-21-7407,TX,0
CUST00994,Customer_994,24,Single,Unemployed,1,Rented,Middle,High School,17,617-45-6392,FL,0
CUST00995,Customer_995,36,Married,Employed,1,Owned,Middle,Bachelor,10,929-24-8116,CA,0
CUST00996,Customer_996,78,Divorced,Retired,3,Leased,Middle,PhD,19,581-81-9256,FL,0
CUST00997,Customer_997,28,Single,Self-Employed,2,Rented,Lower,Bachelor,14,243-20-1034,MI,0
CUST00998,Customer_998,53,Divorced,Employed,2,Owned,Lower,PhD,15,270-40-3300,FL,1
CUST00999,Customer_999,58,Widowed,Employed,1,Rented,Middle,High School,3,840-76-4164,MI,0
CUST01000,Customer_1000,67,Married,Unemployed,4,Owned,Middle,Master,11,618-37-5531,MI,0
CUST01001,Customer_1001,61,Divorced,Unemployed,1,Rented,Middle,None,15,361-80-3050,NC,1
CUST01002,Customer_1002,79,Married,Employed,6,Owned,Middle,Master,16,979-92-2763,FL,0
CUST01003,Customer_1003,59,Divorced,Self-Employed,1,Rented,Middle,None,8,613-82-8594,WA,1
CUST01004,Customer_1004,70,Single,Retired,5,Rented,Lower,Bachelor,11,432-58-2313,GA,0
CUST01005,Customer_1005,37,Divorced,Retired,2,Owned,Middle,High School,4,326-32-3570,NC,0
CUST01006,Customer_1006,43,Married,Unemployed,5,Leased,Middle,Master,9,458-71-9091,NY,0
CUST01007,Customer_1007,63,Single,Unemployed,1,Owned,Lower,Bachelor,10,622-52-7325,GA,0
CUST01008,Customer_1008,72,Widowed,Unemployed,4,Rented,Middle,PhD,1,652-49-1299,GA,0
CUST01009,Customer_1009,18,Single,Self-Employed,5,Leased,Upper,Bachelor,18,587-15-6496,OH,0
CUST01010,Customer_1010,44,Divorced,Employed,2,Owned,Lower,PhD,13,943-80-8544,OH,0
CUST01011,Customer_1011,67,Widowed,Unemployed,1,Rented,Middle,High School,4,515-53-5727,NC,0
CUST01012,Customer_1012,25,Widowed,Unemployed,5,Rented,Middle,Bachelor,18,280-97-1361,WA,0
CUST01013,Customer_1013,39,Divorced,Retired,5,Owned,Middle,Bachelor,14,990-96-9460,MI,0
CUST01014,Customer_1014,51,Divorced,Employed,3,Rented,Middle,PhD,14,105-94-3138,NY,0
CUST01015,Customer_1015,23,Divorced,Retired,1,Owned,Middle,Bachelor,18,334-70-4578,MI,0
CUST01016,Customer_1016,74,Widowed,Self-Employed,3,Rented,Lower,Master,8,943-54-2053,NY,0
CUST01017,Customer_1017,40,Widowed,Self-Employed,2,Rented,Middle,Bachelor,7,315-78-6180,FL,0
CUST01018,Customer_1018,66,Married,Retired,5,Leased,Middle,PhD,12,398-29-7116,TX,0
CUST01019,Customer_1019,44,Married,Unemployed,3,Owned,Lower,Bachelor,17,339-18-6005,NC,1
CUST01020,Customer_1020,42,Single,Employed,3,Leased,Lower,PhD,16,877-37-7364,IL,0
CUST01021,Customer_1021,77,Widowed,Self-Employed,2,Owned,Lower,High School,15,501-95-6464,MI,0
CUST01022,Customer_1022,71,Widowed,Unemployed,2,Owned,Lower,PhD,15,551-30-8988,MI,0
CUST01023,Customer_1023,49,Divorced,Employed,6,Owned,Lower,PhD,1,141-58-3395,OH,0
CUST01024,Customer_1024,46,Divorced,Employed,4,Owned,Lower,High School,10,560-97-1851,FL,0
CUST01025,Customer_1025,66,Single,Self-Employed,4,Rented,Middle,High School,7,147-82-7284,TX,0
CUST01026,Customer_1026,60,Widowed,Unemployed,3,Leased,Upper,Bachelor,7,470-29-6399,WA,0
CUST01027,Customer_1027,78,Single,Employed,1,Owned,Middle,None,17,331-67-4644,NY,0
CUST01028,Customer_1028,38,Divorced,Unemployed,6,Leased,Middle,Bachelor,8,796-68-6177,CA,0
CUST01029,Customer_1029,24,Married,Unemployed,6,Leased,Middle,Master,16,187-65-7283,NY,0
CUST01030,Customer_1030,30,Married,Self-Employed,1,Owned,Middle,Master,18,568-62-6524,MI,0
CUST01031,Customer_1031,50,Single,Unemployed,7,Leased,Upper,Bachelor,9,310-49-2134,CA,0
CUST01032,Customer_1032,37,Single,Unemployed,6,Owned,Middle,Master,4,797-22-8293,GA,0
CUST01033,Customer_1033,68,Married,Self-Employed,6,Leased,Middle,High School,14,672-56-5543,IL,0
CUST01034,Customer_1034,72,Married,Retired,4,Leased,Middle,PhD,17,231-68-4361,WA,0
CUST01035,Customer_1035,29,Widowed,Unemployed,5,Owned,Middle,High School,8,804-84-9255,IL,0
CUST01036,Customer_1036,79,Divorced,Retired,1,Leased,Middle,Master,4,924-77-3403,OH,0
CUST01037,Customer_1037,57,Single,Unemployed,5,Leased,Middle,Bachelor,10,346-93-9671,IL,0
CUST01038,Customer_1038,34,Widowed,Retired,1,Rented,Middle,Master,19,348-67-9268,GA,0
CUST01039,Customer_1039,30,Divorced,Self-Employed,7,Leased,Middle,Master,10,862-93-4164,CA,0
CUST01040,Customer_1040,28,Widowed,Employed,7,Owned,Lower,PhD,9,553-63-9554,CA,1
CUST01041,Customer_1041,47,Widowed,Employed,2,Rented,Upper,PhD,9,983-58-8671,OH,1
CUST01042,Customer_1042,22,Divorced,Retired,4,Rented,Lower,Bachelor,14,440-63-8290,NY,0
CUST01043,Customer_1043,26,Single,Retired,5,Leased,Lower,Master,7,897-19-1656,TX,0
CUST01044,Customer_1044,64,Married,Self-Employed,6,Leased,Lower,Bachelor,14,294-19-2919,NC,0
CUST01045,Customer_1045,48,Divorced,Self-Employed,4,Owned,Lower,Bachelor,19,952-65-1873,NC,1
CUST01046,Customer_1046,50,Single,Employed,7,Owned,Middle,Bachelor,15,737-93-8535,TX,0
CUST01047,Customer_1047,38,Widowed,Retired,3,Leased,Upper,Master,18,869-90-7758,TX,0
CUST01048,Customer_1048,52,Married,Self-Employed,3,Leased,Upper,PhD,15,886-80-7137,NC,0
CUST01049,Customer_1049,39,Divorced,Self-Employed,6,Leased,Middle,PhD,17,279-91-1807,IL,0
CUST01050,Customer_1050,20,Widowed,Employed,4,Rented,Middle,High School,1,347-74-7526,NY,0
CUST01051,Customer_1051,53,Widowed,Employed,1,Leased,Lower,High School,7,893-16-8087,OH,0
CUST01052,Customer_1052,23,Divorced,Retired,5,Owned,Middle,Bachelor,6,212-64-3034,NY,1
CUST01053,Customer_1053,60,Married,Employed,2,Leased,Middle,Master,17,611-19-1306,CA,0
CUST01054,Customer_1054,74,Divorced,Employed,6,Leased,Lower,Bachelor,5,968-55-5195,GA,1
CUST01055,Customer_1055,59,Divorced,Retired,6,Leased,Upper,None,19,453-90-8047,GA,0
CUST01056,Customer_1056,53,Widowed,Unemployed,3,Leased,Upper,Master,14,528-20-7296,CA,0
CUST01057,Customer_1057,77,Single,Employed,6,Rented,Middle,None,3,283-38-6947,FL,0
CUST01058,Customer_1058,31,Single,Self-Employed,7,Leased,Middle,None,13,954-29-1314,GA,0
CUST01059,Customer_1059,65,Single,Unemployed,6,Owned,Middle,High School,7,481-72-6919,NC,0
CUST01060,Customer_1060,30,Widowed,Employed,5,Rented,Middle,None,6,954-28-8092,WA,0
CUST01061,Customer_1061,18,Divorced,Retired,7,Leased,Middle,High School,19,795-83-9120,GA,0
CUST01062,Customer_1062,32,Divorced,Retired,7,Leased,Upper,High School,16,368-37-5066,CA,0
CUST01063,Customer_1063,49,Single,Retired,4,Rented,Middle,Master,15,414-22-3964,NY,0
CUST01064,Customer_1064,21,Single,Unemployed,1,Leased,Middle,Master,6,438-77-1075,FL,0
CUST01065,Customer_1065,35,Divorced,Retired,5,Owned,Middle,PhD,13,775-79-2196,WA,0
CUST01066,Customer_1066,21,Divorced,Self-Employed,4,Leased,Upper,High School,7,956-74-7306,CA,0
CUST01067,Customer_1067,33,Married,Unemployed,3,Rented,Lower,High School,12,789-82-4622,NY,0
CUST01068,Customer_1068,62,Single,Unemployed,2,Owned,Middle,PhD,8,561-64-2724,OH,0
CUST01069,Customer_1069,27,Married,Unemployed,6,Owned,Middle,Master,12,154-74-3246,FL,1
CUST01070,Customer_1070,34,Divorced,Retired,7,Leased,Middle,Bachelor,15,369-19-5135,NC,0
CUST01071,Customer_1071,26,Single,Employed,5,Owned,Middle,High School,6,611-90-5423,TX,0
CUST01072,Customer_1072,41,Married,Self-Employed,2,Rented,Lower,Bachelor,1,435-80-3604,WA,0
CUST01073,Customer_1073,65,Divorced,Retired,1,Rented,Lower,Bachelor,2,110-12-8600,IL,0
CUST01074,Customer_1074,51,Single,Employed,5,Rented,Upper,Master,18,730-26-2936,NY,0
CUST01075,Customer_1075,30,Single,Self-Employed,2,Leased,Middle,None,19,852-66-5337,WA,0
CUST01076,Customer_1076,37,Divorced,Retired,1,Rented,Middle,Master,14,429-43-8088,TX,0
CUST01077,Customer_1077,59,Single,Unemployed,2,Leased,Middle,Master,3,277-89-3143,IL,0
CUST01078,Customer_1078,47,Married,Self-Employed,2,Owned,Upper,None,12,311-43-8130,CA,0
CUST01079,Customer_1079,46,Divorced,Self-Employed,3,Owned,Middle,High School,9,104-23-4378,OH,0
CUST01080,Customer_1080,71,Single,Employed,3,Leased,Lower,High School,5,226-44-4855,NY,0
CUST01081,Customer_1081,68,Divorced,Unemployed,2,Leased,Middle,None,8,655-38-5843,NC,0
CUST01082,Customer_1082,33,Widowed,Employed,6,Owned,Lower,None,15,987-51-8235,OH,0
CUST01083,Customer_1083,61,Widowed,Employed,6,Leased,Upper,Master,19,346-89-6116,GA,0
CUST01084,Customer_1084,67,Married,Employed,2,Owned,Lower,Bachelor,17,222-90-7424,WA,0
CUST01085,Customer_1085,73,Married,Retired,3,Leased,Lower,High School,4,408-63-9524,WA,0
CUST01086,Customer_1086,34,Divorced,Retired,6,Leased,Middle,High School,10,189-13-8142,FL,0
CUST01087,Customer_1087,63,Divorced,Employed,7,Leased,Upper,None,11,358-85-7937,OH,0
CUST01088,Customer_1088,29,Divorced,Retired,6,Owned,Middle,PhD,6,921-77-9457,NC,0
CUST01089,Customer_1089,45,Married,Retired,4,Owned,Middle,None,9,657-19-2881,TX,0
CUST01090,Customer_1090,22,Single,Unemployed,7,Owned,Upper,Master,8,893-35-9507,IL,0
CUST01091,Customer_1091,55,Single,Employed,6,Leased,Lower,PhD,2,885-71-2226,OH,0
CUST01092,Customer_1092,60,Widowed,Unemployed,5,Owned,Lower,None,8,265-76-4607,MI,0
CUST01093,Customer_1093,45,Married,Unemployed,1,Rented,Lower,Bachelor,7,461-18-5132,CA,0
CUST01094,Customer_1094,43,Married,Retired,5,Owned,Middle,Master,6,103-22-9279,MI,0
CUST01095,Customer_1095,33,Divorced,Self-Employed,3,Rented,Middle,Bachelor,12,778-96-9201,FL,0
CUST01096,Customer_1096,65,Single,Unemployed,5,Owned,Middle,Master,14,926-46-3285,MI,0
CUST01097,Customer_1097,74,Married,Retired,5,Leased,Middle,Bachelor,1,715-65-4893,GA,0
CUST01098,Customer_1098,26,Married,Unemployed,1,Leased,Upper,Bachelor,7,549-27-5463,IL,0
CUST01099,Customer_1099,35,Single,Unemployed,4,Rented,Upper,Bachelor,1,966-48-5656,TX,0
CUST01100,Customer_1100,55,Divorced,Retired,4,Owned,Middle,None,16,946-85-8117,NY,0
CUST01101,Customer_1101,40,Single,Self-Employed,1,Owned,Middle,Bachelor,18,104-85-1691,NC,1
CUST01102,Customer_1102,18,Single,Employed,6,Owned,Upper,PhD,9,131-41-4707,FL,0
CUST01103,Customer_1103,19,Divorced,Retired,7,Leased,Middle,Master,18,208-63-9285,GA,0
CUST01104,Customer_1104,32,Married,Employed,1,Owned,Middle,PhD,12,692-95-9053,FL,0
CUST01105,Customer_1105,77,Divorced,Unemployed,1,Owned,Lower,High School,17,833-24-6742,CA,1
CUST01106,Customer_1106,55,Divorced,Retired,1,Leased,Middle,PhD,19,180-78-9037,GA,0
CUST01107,Customer_1107,33,Single,Retired,4,Owned,Middle,PhD,12,207-55-2146,MI,1
CUST01108,Customer_1108,21,Divorced,Unemployed,5,Owned,Middle,High School,9,584-50-9009,WA,0
CUST01109,Customer_1109,64,Single,Self-Employed,2,Owned,Middle,Bachelor,15,344-76-6917,OH,0
CUST01110,Customer_1110,41,Married,Employed,6,Leased,Middle,None,4,756-95-2674,GA,0
CUST01111,Customer_1111,42,Divorced,Employed,3,Owned,Upper,Bachelor,6,112-65-2101,GA,0
CUST01112,Customer_1112,52,Married,Self-Employed,3,Owned,Lower,Master,11,504-56-6498,IL,0
CUST01113,Customer_1113,32,Married,Retired,5,Rented,Upper,None,4,110-61-8008,CA,0
CUST01114,Customer_1114,63,Single,Unemployed,7,Rented,Middle,None,10,123-45-4094,FL,0
CUST01115,Customer_1115,37,Married,Self-Employed,2,Rented,Middle,Bachelor,17,406-50-2273,NY,0
CUST01116,Customer_1116,61,Married,Self-Employed,3,Owned,Lower,PhD,15,549-16-1895,GA,1
CUST01117,Customer_1117,50,Widowed,Self-Employed,3,Leased,Middle,None,17,582-89-7369,NY,1
CUST01118,Customer_1118,27,Divorced,Retired,4,Rented,Lower,Master,17,400-40-5404,FL,0
CUST01119,Customer_1119,56,Widowed,Self-Employed,4,Leased,Lower,None,7,131-69-2204,WA,0
CUST01120,Customer_1120,22,Married,Retired,7,Rented,Lower,PhD,14,746-43-4401,CA,0
CUST01121,Customer_1121,62,Widowed,Employed,2,Leased,Middle,PhD,8,495-21-3156,NC,0
CUST01122,Customer_1122,41,Married,Self-Employed,3,Rented,Middle,PhD,19,286-85-2485,CA,1
CUST01123,Customer_1123,59,Married,Unemployed,2,Rented,Lower,High School,4,215-31-4822,NY,0
CUST01124,Customer_1124,32,Married,Unemployed,5,Leased,Lower,High School,6,642-47-5821,MI,0
CUST01125,Customer_1125,43,Divorced,Employed,6,Owned,Lower,None,18,565-25-1066,MI,0
CUST01126,Customer_1126,36,Divorced,Unemployed,7,Owned,Lower,PhD,5,712-93-1573,NY,0
CUST01127,Customer_1127,33,Single,Retired,4,Leased,Middle,None,12,925-90-8095,CA,0
CUST01128,Customer_1128,39,Divorced,Employed,2,Owned,Middle,Master,6,609-40-6313,WA,0
CUST01129,Customer_1129,21,Widowed,Self-Employed,7,Leased,Middle,Bachelor,6,110-35-4543,MI,0
CUST01130,Customer_1130,42,Married,Self-Employed,1,Owned,Middle,None,13,559-34-4835,IL,0
CUST01131,Customer_1131,25,Divorced,Self-Employed,1,Owned,Middle,None,16,751-94-8401,CA,0
CUST01132,Customer_1132,50,Divorced,Self-Employed,7,Owned,Middle,None,5,168-62-5128,GA,0
CUST01133,Customer_1133,23,Widowed,Retired,7,Owned,Upper,None,19,569-80-3941,NC,1
CUST01134,Customer_1134,18,Divorced,Retired,4,Leased,Upper,High School,2,589-88-6086,MI,0
CUST01135,Customer_1135,45,Married,Unemployed,3,Owned,Middle,None,2,599-91-1261,NC,0
CUST01136,Customer_1136,36,Single,Retired,7,Leased,Middle,High School,19,437-53-1018,MI,0
CUST01137,Customer_1137,72,Widowed,Retired,7,Rented,Middle,PhD,2,526-92-8093,OH,0
CUST01138,Customer_1138,34,Married,Employed,7,Leased,Middle,High School,6,129-88-8175,TX,0
CUST01139,Customer_1139,42,Widowed,Self-Employed,6,Rented,Middle,High School,3,888-22-9071,GA,1
CUST01140,Customer_1140,32,Single,Retired,5,Rented,Middle,PhD,5,118-13-4191,FL,0
CUST01141,Customer_1141,73,Married,Self-Employed,3,Rented,Middle,Bachelor,2,833-86-6699,GA,0
CUST01142,Customer_1142,66,Widowed,Unemployed,4,Leased,Middle,None,7,133-87-3363,TX,0
CUST01143,Customer_1143,28,Single,Self-Employed,4,Rented,Upper,Bachelor,6,769-34-6091,CA,0
CUST01144,Customer_1144,33,Married,Employed,4,Leased,Middle,PhD,4,185-98-1832,IL,0
CUST01145,Customer_1145,29,Widowed,Unemployed,7,Owned,Lower,PhD,14,959-90-2351,OH,0
CUST01146,Customer_1146,27,Married,Self-Employed,2,Rented,Middle,None,1,725-40-3799,TX,0
CUST01147,Customer_1147,32,Widowed,Retired,1,Owned,Lower,None,10,394-31-9651,NC,0
CUST01148,Customer_1148,70,Divorced,Retired,4,Owned,Middle,Master,6,138-41-4228,GA,0
CUST01149,Customer_1149,46,Widowed,Employed,2,Owned,Middle,Bachelor,13,476-36-6972,MI,0
CUST01150,Customer_1150,41,Divorced,Self-Employed,6,Rented,Lower,Master,7,924-69-2984,NY,0
CUST01151,Customer_1151,29,Single,Self-Employed,6,Leased,Middle,PhD,9,996-46-3790,GA,1
CUST01152,Customer_1152,29,Widowed,Unemployed,7,Leased,Middle,None,16,713-96-3890,WA,0
CUST01153,Customer_1153,52,Married,Self-Employed,3,Rented,Middle,High School,3,280-79-5294,TX,1
CUST01154,Customer_1154,64,Married,Unemployed,7,Owned,Upper,High School,9,752-50-1319,MI,0
CUST01155,Customer_1155,52,Divorced,Retired,1,Owned,Middle,Master,11,425-86-9423,GA,0
CUST01156,Customer_1156,58,Married,Unemployed,7,Rented,Middle,Master,14,427-71-1862,NC,1
CUST01157,Customer_1157,34,Married,Employed,2,Leased,Upper,None,11,295-72-1373,GA,1
CUST01158,Customer_1158,76,Divorced,Self-Employed,1,Rented,Upper,Bachelor,14,771-95-1639,GA,1
CUST01159,Customer_1159,69,Divorced,Retired,6,Leased,Lower,High School,16,623-41-6788,NC,0
CUST01160,Customer_1160,72,Divorced,Self-Employed,4,Owned,Middle,High School,15,905-17-7024,CA,0
CUST01161,Customer_1161,59,Single,Retired,3,Owned,Lower,None,12,264-57-4979,CA,1
CUST01162,Customer_1162,61,Widowed,Retired,2,Owned,Middle,PhD,18,553-78-6475,CA,0
CUST01163,Customer_1163,22,Divorced,Self-Employed,3,Owned,Middle,None,1,411-68-6373,WA,0
CUST01164,Customer_1164,27,Divorced,Self-Employed,5,Owned,Middle,Bachelor,10,161-64-4007,IL,0
CUST01165,Customer_1165,26,Widowed,Employed,2,Leased,Middle,High School,16,231-56-5648,WA,1
CUST01166,Customer_1166,47,Married,Employed,7,Rented,Middle,Master,2,756-48-7684,WA,0
CUST01167,Customer_1167,54,Single,Self-Employed,6,Leased,Middle,High School,16,353-63-9664,NY,0
CUST01168,Customer_1168,25,Single,Self-Employed,7,Owned,Middle,High School,1,627-70-4309,CA,0
CUST01169,Customer_1169,64,Widowed,Self-Employed,1,Rented,Middle,None,15,707-84-8857,MI,0
CUST01170,Customer_1170,52,Widowed,Unemployed,7,Leased,Middle,Bachelor,4,923-37-8616,IL,1
CUST01171,Customer_1171,54,Single,Employed,7,Leased,Middle,High School,13,413-87-1053,FL,0
CUST01172,Customer_1172,74,Divorced,Self-Employed,3,Rented,Middle,Bachelor,16,917-29-2818,NC,0
CUST01173,Customer_1173,54,Divorced,Retired,4,Leased,Middle,Bachelor,16,602-55-2415,IL,0
CUST01174,Customer_1174,18,Single,Unemployed,4,Owned,Middle,None,11,580-81-5368,NY,0
CUST01175,Customer_1175,65,Widowed,Employed,6,Leased,Middle,PhD,18,622-85-2618,NY,0
CUST01176,Customer_1176,72,Married,Employed,2,Owned,Lower,Master,3,392-89-2451,WA,0
CUST01177,Customer_1177,23,Single,Retired,7,Rented,Lower,Master,5,328-34-8419,NY,0
CUST01178,Customer_1178,51,Divorced,Unemployed,4,Rented,Upper,PhD,3,228-43-4642,WA,0
CUST01179,Customer_1179,47,Widowed,Retired,1,Rented,Middle,High School,14,173-20-4386,OH,0
CUST01180,Customer_1180,27,Single,Retired,3,Leased,Lower,Master,17,178-97-5058,CA,0
CUST01181,Customer_1181,35,Divorced,Self-Employed,1,Rented,Middle,Bachelor,18,106-63-7795,TX,0
CUST01182,Customer_1182,71,Divorced,Unemployed,6,Leased,Middle,High School,10,646-60-1830,GA,1
CUST01183,Customer_1183,42,Divorced,Self-Employed,3,Rented,Middle,Master,3,755-96-4277,TX,1
CUST01184,Customer_1184,51,Divorced,Unemployed,4,Owned,Middle,PhD,4,209-29-6943,TX,0
CUST01185,Customer_1185,66,Divorced,Unemployed,3,Leased,Middle,PhD,12,677-89-4654,IL,0
CUST01186,Customer_1186,45,Single,Unemployed,5,Owned,Lower,High School,18,895-34-5608,IL,0
CUST01187,Customer_1187,73,Single,Retired,7,Leased,Middle,Bachelor,19,691-34-4319,WA,0
CUST01188,Customer_1188,48,Widowed,Unemployed,7,Rented,Middle,Bachelor,14,844-61-6512,MI,0
CUST01189,Customer_1189,79,Married,Employed,7,Leased,Middle,High School,17,660-80-9742,WA,1
CUST01190,Customer_1190,27,Widowed,Self-Employed,3,Owned,Middle,Master,10,459-41-9219,CA,0
CUST01191,Customer_1191,73,Married,Unemployed,5,Leased,Lower,Master,4,530-92-8934,MI,0
CUST01192,Customer_1192,24,Married,Unemployed,5,Rented,Lower,PhD,9,762-74-9482,WA,0
CUST01193,Customer_1193,68,Single,Retired,3,Leased,Lower,PhD,2,346-50-5912,GA,0
CUST01194,Customer_1194,59,Married,Self-Employed,6,Owned,Upper,None,13,274-56-6902,WA,0
CUST01195,Customer_1195,52,Widowed,Retired,7,Rented,Lower,Master,7,552-68-1913,MI,0
CUST01196,Customer_1196,72,Widowed,Self-Employed,7,Rented,Upper,Bachelor,7,541-92-3345,GA,0
CUST01197,Customer_1197,57,Married,Employed,7,Rented,Middle,Master,1,509-65-6629,IL,0
CUST01198,Customer_1198,61,Married,Self-Employed,2,Leased,Middle,PhD,19,262-20-7778,NY,0
CUST01199,Customer_1199,64,Divorced,Employed,2,Rented,Middle,Bachelor,9,579-90-9910,NY,0
CUST01200,Customer_1200,70,Widowed,Self-Employed,5,Leased,Middle,Master,15,249-42-8381,FL,0
CUST01201,Customer_1201,32,Divorced,Employed,6,Rented,Middle,None,10,364-27-2404,OH,0
CUST01202,Customer_1202,70,Single,Employed,4,Rented,Lower,PhD,13,549-43-9362,IL,0
CUST01203,Customer_1203,54,Married,Unemployed,2,Leased,Middle,PhD,9,967-17-9127,FL,0
CUST01204,Customer_1204,19,Divorced,Unemployed,2,Leased,Upper,None,14,180-73-9627,TX,0
CUST01205,Customer_1205,74,Single,Employed,1,Owned,Middle,High School,4,410-24-1593,OH,1
CUST01206,Customer_1206,65,Divorced,Unemployed,2,Leased,Middle,Master,19,407-94-5130,CA,1
CUST01207,Customer_1207,73,Widowed,Unemployed,2,Leased,Middle,Bachelor,9,475-10-6997,NY,0
CUST01208,Customer_1208,65,Married,Employed,5,Rented,Middle,Bachelor,1,269-71-8454,CA,0
CUST01209,Customer_1209,39,Divorced,Unemployed,4,Owned,Middle,PhD,19,796-56-6849,NY,0
CUST01210,Customer_1210,39,Divorced,Self-Employed,3,Leased,Middle,PhD,1,454-73-7137,GA,0
CUST01211,Customer_1211,35,Divorced,Retired,4,Leased,Lower,Master,9,269-38-7978,GA,0
CUST01212,Customer_1212,43,Single,Unemployed,5,Owned,Lower,Master,15,494-30-9942,CA,0
CUST01213,Customer_1213,20,Divorced,Employed,1,Rented,Middle,Master,8,880-78-4796,NC,0
CUST01214,Customer_1214,64,Single,Unemployed,2,Owned,Upper,None,4,598-94-5740,NY,0
CUST01215,Customer_1215,64,Divorced,Employed,2,Rented,Middle,High School,5,841-85-8240,IL,0
CUST01216,Customer_1216,79,Married,Unemployed,1,Leased,Middle,Master,14,640-40-4053,GA,0
CUST01217,Customer_1217,52,Widowed,Self-Employed,1,Rented,Lower,High School,11,829-47-3225,CA,0
CUST01218,Customer_1218,79,Single,Self-Employed,6,Rented,Middle,None,10,264-64-9634,TX,0
CUST01219,Customer_1219,31,Widowed,Unemployed,7,Owned,Middle,Bachelor,10,440-68-3779,TX,0
CUST01220,Customer_1220,47,Single,Retired,2,Rented,Middle,High School,7,458-46-4238,NY,1
CUST01221,Customer_1221,66,Divorced,Unemployed,6,Leased,Lower,None,18,861-90-3421,CA,1
CUST01222,Customer_1222,66,Married,Employed,2,Owned,Lower,PhD,5,423-11-7806,CA,0
CUST01223,Customer_1223,65,Single,Self-Employed,1,Owned,Middle,None,16,736-84-6037,OH,0
CUST01224,Customer_1224,46,Single,Unemployed,2,Leased,Lower,Bachelor,15,917-22-4357,TX,0
CUST01225,Customer_1225,22,Single,Employed,7,Leased,Middle,Bachelor,1,502-78-2973,IL,0
CUST01226,Customer_1226,71,Single,Self-Employed,3,Leased,Upper,PhD,4,393-18-9495,FL,0
CUST01227,Customer_1227,41,Married,Self-Employed,6,Rented,Lower,None,11,507-10-3117,WA,0
CUST01228,Customer_1228,58,Single,Self-Employed,4,Owned,Middle,None,4,612-53-5589,TX,0
CUST01229,Customer_1229,26,Widowed,Retired,4,Rented,Upper,Bachelor,17,156-88-8464,IL,0
CUST01230,Customer_1230,76,Widowed,Retired,6,Rented,Middle,PhD,9,294-42-1785,IL,1
CUST01231,Customer_1231,33,Married,Retired,7,Owned,Upper,None,16,214-85-2022,NC,0
CUST01232,Customer_1232,79,Single,Retired,5,Rented,Middle,PhD,3,414-98-3923,TX,0
CUST01233,Customer_1233,62,Widowed,Retired,6,Owned,Middle,PhD,1,717-19-8862,WA,0
CUST01234,Customer_1234,38,Divorced,Employed,2,Leased,Upper,High School,13,927-91-6695,NY,0
CUST01235,Customer_1235,40,Single,Self-Employed,7,Rented,Middle,PhD,16,973-71-4385,CA,0
CUST01236,Customer_1236,78,Single,Employed,2,Rented,Middle,High School,19,907-34-8593,NC,1
CUST01237,Customer_1237,54,Divorced,Retired,2,Rented,Middle,Master,15,936-50-3089,OH,0
CUST01238,Customer_1238,60,Single,Retired,6,Leased,Lower,Master,15,243-57-7050,GA,0
CUST01239,Customer_1239,55,Divorced,Employed,4,Leased,Upper,High School,2,630-67-1228,WA,0
CUST01240,Customer_1240,32,Married,Employed,2,Rented,Upper,Master,12,142-33-9093,NY,1
CUST01241,Customer_1241,26,Widowed,Employed,1,Leased,Upper,Bachelor,14,553-39-6987,WA,0
CUST01242,Customer_1242,18,Married,Retired,2,Rented,Middle,High School,8,485-22-5623,WA,0
CUST01243,Customer_1243,43,Married,Retired,6,Leased,Middle,PhD,19,727-91-4311,OH,0
CUST01244,Customer_1244,60,Divorced,Self-Employed,1,Rented,Upper,PhD,19,253-87-4317,NC,1
CUST01245,Customer_1245,36,Widowed,Employed,7,Leased,Middle,None,17,241-54-1538,CA,0
CUST01246,Customer_1246,31,Divorced,Self-Employed,6,Owned,Lower,PhD,17,991-79-4957,GA,0
CUST01247,Customer_1247,42,Divorced,Unemployed,2,Leased,Middle,High School,11,590-45-5219,CA,0
CUST01248,Customer_1248,32,Married,Employed,6,Owned,Upper,High School,16,940-74-6952,IL,0
CUST01249,Customer_1249,44,Married,Self-Employed,4,Owned,Lower,None,2,978-24-9173,NC,0
CUST01250,Customer_1250,52,Single,Unemployed,3,Leased,Lower,High School,5,258-33-6799,CA,0
CUST01251,Customer_1251,34,Married,Retired,4,Leased,Upper,Bachelor,13,222-51-4023,IL,1
CUST01252,Customer_1252,19,Widowed,Employed,1,Owned,Middle,Bachelor,3,108-26-5036,IL,1
CUST01253,Customer_1253,24,Single,Employed,7,Leased,Middle,High School,16,175-93-4859,FL,1
CUST01254,Customer_1254,43,Single,Self-Employed,6,Rented,Middle,PhD,4,771-28-6026,OH,0
CUST01255,Customer_1255,28,Divorced,Self-Employed,2,Leased,Middle,PhD,7,202-27-7156,MI,1
CUST01256,Customer_1256,67,Widowed,Retired,1,Owned,Middle,None,5,401-97-9968,WA,0
CUST01257,Customer_1257,28,Widowed,Retired,3,Rented,Middle,Master,11,218-68-8044,WA,0
CUST01258,Customer_1258,19,Divorced,Self-Employed,4,Owned,Middle,Master,2,348-84-7641,WA,0
CUST01259,Customer_1259,56,Divorced,Self-Employed,6,Owned,Middle,Bachelor,16,391-18-4989,FL,0
CUST01260,Customer_1260,56,Married,Unemployed,6,Leased,Lower,High School,17,433-56-3061,TX,0
CUST01261,Customer_1261,59,Married,Retired,1,Owned,Middle,None,15,380-89-8580,TX,1
CUST01262,Customer_1262,27,Married,Employed,2,Leased,Lower,None,4,760-41-5477,WA,0
CUST01263,Customer_1263,60,Single,Self-Employed,5,Owned,Middle,None,6,363-46-5654,FL,0
CUST01264,Customer_1264,71,Married,Unemployed,3,Leased,Middle,High School,5,871-80-2758,NC,0
CUST01265,Customer_1265,55,Single,Retired,7,Leased,Middle,Master,12,949-16-1430,IL,0
CUST01266,Customer_1266,42,Divorced,Self-Employed,5,Owned,Middle,PhD,17,865-35-8707,GA,0
CUST01267,Customer_1267,47,Widowed,Self-Employed,3,Rented,Middle,None,17,161-31-8426,NC,0
CUST01268,Customer_1268,68,Widowed,Unemployed,5,Owned,Upper,Master,19,275-56-7491,WA,0
CUST01269,Customer_1269,26,Widowed,Self-Employed,4,Rented,Upper,High School,14,413-22-8498,CA,0
CUST01270,Customer_1270,62,Married,Retired,4,Owned,Upper,None,5,659-91-7310,NY,0
CUST01271,Customer_1271,34,Widowed,Unemployed,6,Leased,Lower,High School,8,769-65-7029,TX,0
CUST01272,Customer_1272,72,Widowed,Retired,4,Owned,Middle,PhD,6,483-92-8344,NY,0
CUST01273,Customer_1273,26,Divorced,Unemployed,5,Leased,Lower,Bachelor,2,317-92-3105,NY,0
CUST01274,Customer_1274,50,Single,Retired,3,Owned,Lower,High School,16,734-91-4770,MI,0
CUST01275,Customer_1275,42,Widowed,Retired,5,Owned,Middle,Master,11,266-98-8142,NC,1
CUST01276,Customer_1276,48,Single,Employed,4,Rented,Middle,Bachelor,19,504-98-2046,TX,0
CUST01277,Customer_1277,41,Married,Retired,5,Leased,Middle,Master,16,573-26-2664,IL,0
CUST01278,Customer_1278,20,Divorced,Employed,3,Rented,Middle,High School,13,412-61-2539,NC,1
CUST01279,Customer_1279,71,Widowed,Self-Employed,1,Owned,Lower,PhD,1,567-79-2320,NC,0
CUST01280,Customer_1280,51,Widowed,Employed,2,Leased,Lower,Bachelor,9,112-76-4652,MI,0
CUST01281,Customer_1281,55,Widowed,Employed,3,Rented,Middle,High School,10,270-88-4843,FL,0
CUST01282,Customer_1282,50,Married,Unemployed,3,Leased,Lower,Bachelor,13,205-37-6184,MI,0
CUST01283,Customer_1283,50,Single,Employed,3,Leased,Middle,High School,11,361-93-6645,WA,0
CUST01284,Customer_1284,55,Widowed,Employed,4,Rented,Middle,Master,15,164-40-4147,FL,0
CUST01285,Customer_1285,44,Widowed,Self-Employed,2,Owned,Middle,Master,1,231-13-2009,GA,0
CUST01286,Customer_1286,26,Married,Retired,3,Leased,Upper,PhD,3,713-32-4757,GA,0
CUST01287,Customer_1287,19,Divorced,Retired,2,Owned,Middle,None,19,228-94-9877,MI,0
CUST01288,Customer_1288,51,Widowed,Retired,5,Leased,Middle,High School,9,721-39-6416,CA,0
CUST01289,Customer_1289,29,Single,Employed,4,Leased,Middle,High School,16,446-91-6444,FL,0
CUST01290,Customer_1290,46,Widowed,Employed,5,Rented,Lower,Master,17,216-18-8050,MI,0
CUST01291,Customer_1291,55,Divorced,Self-Employed,4,Leased,Upper,High School,3,754-74-3997,CA,0
CUST01292,Customer_1292,54,Divorced,Self-Employed,7,Leased,Upper,None,14,705-34-6742,IL,0
CUST01293,Customer_1293,28,Single,Employed,4,Owned,Middle,None,4,395-21-8488,FL,0
CUST01294,Customer_1294,58,Divorced,Unemployed,5,Leased,Middle,Master,3,831-79-6715,GA,0
CUST01295,Customer_1295,76,Married,Self-Employed,4,Leased,Upper,None,5,674-78-6071,IL,0
CUST01296,Customer_1296,40,Divorced,Self-Employed,6,Owned,Upper,Master,15,887-78-5881,MI,0
CUST01297,Customer_1297,25,Divorced,Employed,4,Rented,Middle,Master,2,627-95-5542,CA,1
CUST01298,Customer_1298,49,Widowed,Self-Employed,1,Leased,Middle,PhD,13,198-85-1036,OH,0
CUST01299,Customer_1299,56,Divorced,Self-Employed,6,Leased,Middle,Master,8,322-39-1232,OH,0
CUST01300,Customer_1300,42,Divorced,Employed,6,Rented,Upper,PhD,6,294-25-5981,OH,0
CUST01301,Customer_1301,55,Married,Retired,3,Rented,Upper,Bachelor,5,891-34-4517,CA,0
CUST01302,Customer_1302,65,Married,Retired,4,Owned,Upper,Master,7,718-70-9507,IL,0
CUST01303,Customer_1303,53,Divorced,Retired,1,Leased,Upper,None,7,569-78-8607,MI,0
CUST01304,Customer_1304,67,Widowed,Unemployed,7,Leased,Lower,None,6,477-84-9868,GA,0
CUST01305,Customer_1305,27,Divorced,Unemployed,6,Leased,Middle,High School,10,207-78-6608,TX,0
CUST01306,Customer_1306,36,Divorced,Employed,7,Owned,Middle,High School,19,828-58-2842,NC,0
CUST01307,Customer_1307,52,Married,Self-Employed,5,Owned,Lower,Master,9,485-71-9068,WA,0
CUST01308,Customer_1308,34,Divorced,Employed,2,Rented,Middle,High School,4,163-26-3117,MI,0
CUST01309,Customer_1309,79,Divorced,Unemployed,3,Leased,Lower,PhD,12,631-11-9570,CA,1
CUST01310,Customer_1310,60,Divorced,Retired,7,Owned,Middle,Master,16,734-90-1188,CA,0
CUST01311,Customer_1311,43,Married,Unemployed,1,Leased,Middle,None,12,346-49-7935,TX,0
CUST01312,Customer_1312,65,Married,Employed,5,Leased,Lower,High School,11,683-47-3744,NY,0
CUST01313,Customer_1313,78,Married,Unemployed,1,Leased,Upper,High School,13,397-42-7205,WA,0
CUST01314,Customer_1314,18,Married,Retired,6,Leased,Middle,Bachelor,17,880-52-9111,IL,1
CUST01315,Customer_1315,52,Married,Employed,5,Owned,Middle,High School,2,369-86-1008,WA,1
CUST01316,Customer_1316,44,Single,Unemployed,4,Rented,Middle,High School,19,774-94-3497,CA,0
CUST01317,Customer_1317,64,Divorced,Self-Employed,5,Owned,Middle,PhD,17,712-16-8661,NC,0
CUST01318,Customer_1318,37,Widowed,Retired,3,Owned,Upper,PhD,19,539-47-9318,NC,1
CUST01319,Customer_1319,38,Single,Unemployed,5,Leased,Lower,PhD,10,932-29-9636,WA,0
CUST01320,Customer_1320,65,Divorced,Retired,6,Rented,Middle,Master,17,288-82-8016,OH,0
CUST01321,Customer_1321,73,Widowed,Unemployed,4,Leased,Middle,Bachelor,2,552-62-4546,GA,0
CUST01322,Customer_1322,26,Widowed,Retired,1,Owned,Upper,None,8,463-55-8763,CA,0
CUST01323,Customer_1323,56,Widowed,Self-Employed,7,Rented,Middle,None,17,534-61-7366,MI,1
CUST01324,Customer_1324,66,Married,Unemployed,4,Rented,Upper,Bachelor,6,927-86-4312,GA,0
CUST01325,Customer_1325,28,Single,Self-Employed,4,Rented,Middle,None,15,876-49-1845,NC,0
CUST01326,Customer_1326,59,Widowed,Unemployed,1,Leased,Lower,PhD,7,166-28-4308,NY,0
CUST01327,Customer_1327,78,Divorced,Unemployed,1,Owned,Upper,Bachelor,12,459-25-2603,CA,0
CUST01328,Customer_1328,70,Married,Employed,2,Owned,Middle,Bachelor,13,129-91-3301,NC,0
CUST01329,Customer_1329,30,Widowed,Retired,7,Owned,Middle,Master,17,683-53-4242,NC,0
CUST01330,Customer_1330,79,Married,Unemployed,6,Owned,Middle,High School,7,322-15-1981,TX,0
CUST01331,Customer_1331,40,Divorced,Self-Employed,3,Rented,Middle,Bachelor,15,708-50-9710,MI,0
CUST01332,Customer_1332,47,Widowed,Unemployed,6,Leased,Middle,PhD,9,232-92-1773,CA,0
CUST01333,Customer_1333,36,Widowed,Unemployed,3,Rented,Middle,Master,8,758-95-2385,GA,0
CUST01334,Customer_1334,61,Divorced,Self-Employed,7,Rented,Middle,High School,2,527-91-8220,CA,0
CUST01335,Customer_1335,25,Single,Unemployed,3,Leased,Lower,High School,2,296-25-4038,NC,0
CUST01336,Customer_1336,62,Widowed,Unemployed,6,Rented,Lower,PhD,15,514-36-1809,IL,0
CUST01337,Customer_1337,21,Married,Retired,4,Leased,Middle,None,2,547-46-3749,NY,0
CUST01338,Customer_1338,70,Divorced,Employed,5,Rented,Middle,PhD,3,842-35-9033,NC,0
CUST01339,Customer_1339,38,Divorced,Employed,2,Owned,Lower,High School,4,110-56-9550,MI,0
CUST01340,Customer_1340,50,Single,Self-Employed,7,Owned,Upper,PhD,7,357-68-7600,GA,0
CUST01341,Customer_1341,32,Divorced,Retired,3,Rented,Middle,Bachelor,4,407-66-6870,NC,1
CUST01342,Customer_1342,24,Married,Employed,4,Leased,Upper,Master,12,522-43-5277,CA,0
CUST01343,Customer_1343,19,Married,Retired,5,Leased,Middle,Master,16,233-53-3926,MI,0
CUST01344,Customer_1344,78,Widowed,Self-Employed,5,Rented,Lower,None,11,404-31-5670,OH,0
CUST01345,Customer_1345,26,Divorced,Employed,4,Rented,Upper,None,13,106-15-2879,TX,0
CUST01346,Customer_1346,21,Married,Self-Employed,7,Leased,Middle,High School,17,612-32-5465,IL,0
CUST01347,Customer_1347,49,Single,Retired,7,Owned,Middle,High School,17,233-47-5081,GA,0
CUST01348,Customer_1348,77,Divorced,Retired,6,Rented,Middle,None,13,391-14-6595,NC,0
CUST01349,Customer_1349,23,Divorced,Unemployed,2,Leased,Lower,Bachelor,2,283-53-7384,OH,0
CUST01350,Customer_1350,33,Single,Unemployed,6,Owned,Middle,High School,15,190-70-4369,FL,1
CUST01351,Customer_1351,52,Widowed,Retired,4,Owned,Lower,High School,15,552-16-5493,FL,0
CUST01352,Customer_1352,48,Married,Retired,4,Owned,Middle,Master,6,440-25-5794,NC,0
CUST01353,Customer_1353,27,Divorced,Retired,7,Owned,Lower,None,4,684-44-6708,MI,0
CUST01354,Customer_1354,76,Widowed,Retired,4,Leased,Lower,None,3,407-83-3530,GA,0
CUST01355,Customer_1355,40,Divorced,Retired,6,Leased,Middle,PhD,6,817-43-6021,NC,0
CUST01356,Customer_1356,59,Widowed,Employed,5,Leased,Lower,Bachelor,15,162-16-9944,GA,1
CUST01357,Customer_1357,46,Single,Employed,1,Leased,Middle,PhD,18,106-59-5114,IL,0
CUST01358,Customer_1358,54,Married,Unemployed,5,Owned,Middle,None,3,671-10-2648,IL,0
CUST01359,Customer_1359,74,Single,Retired,4,Owned,Middle,Master,8,404-92-4147,IL,0
CUST01360,Customer_1360,38,Single,Self-Employed,4,Owned,Middle,Master,16,613-61-4728,CA,0
CUST01361,Customer_1361,68,Married,Retired,3,Owned,Lower,Master,2,845-73-4996,OH,0
CUST01362,Customer_1362,36,Single,Retired,2,Rented,Lower,None,18,373-34-9410,TX,0
CUST01363,Customer_1363,37,Married,Employed,6,Owned,Middle,PhD,1,213-25-3356,WA,0
CUST01364,Customer_1364,20,Single,Self-Employed,2,Rented,Lower,High School,6,848-71-9698,MI,1
CUST01365,Customer_1365,39,Single,Employed,1,Owned,Middle,None,1,748-53-1362,IL,0
CUST01366,Customer_1366,54,Widowed,Employed,4,Leased,Middle,Master,15,888-69-1643,GA,0
CUST01367,Customer_1367,57,Divorced,Unemployed,5,Owned,Lower,Master,9,972-65-6577,CA,0
CUST01368,Customer_1368,44,Married,Employed,2,Owned,Upper,High School,9,420-39-4278,OH,1
CUST01369,Customer_1369,40,Divorced,Unemployed,3,Owned,Lower,PhD,11,145-50-1561,MI,0
CUST01370,Customer_1370,31,Married,Unemployed,3,Owned,Upper,High School,6,636-28-6543,OH,0
CUST01371,Customer_1371,74,Married,Self-Employed,7,Leased,Middle,High School,15,435-34-2302,MI,1
CUST01372,Customer_1372,41,Widowed,Employed,2,Rented,Middle,PhD,9,445-16-3245,CA,0
CUST01373,Customer_1373,36,Divorced,Employed,7,Leased,Middle,Bachelor,16,516-66-5137,WA,0
CUST01374,Customer_1374,76,Widowed,Self-Employed,2,Rented,Middle,PhD,13,191-74-4811,NY,0
CUST01375,Customer_1375,57,Married,Employed,5,Rented,Upper,Bachelor,13,663-97-1437,CA,0
CUST01376,Customer_1376,70,Married,Retired,6,Leased,Upper,PhD,19,988-94-5661,GA,1
CUST01377,Customer_1377,42,Widowed,Employed,7,Rented,Lower,PhD,10,124-32-3033,GA,0
CUST01378,Customer_1378,44,Widowed,Employed,4,Owned,Middle,PhD,6,624-71-5395,TX,0
CUST01379,Customer_1379,63,Single,Employed,4,Owned,Middle,PhD,14,419-13-9451,NY,0
CUST01380,Customer_1380,78,Married,Unemployed,6,Leased,Upper,PhD,14,989-12-3944,WA,0
CUST01381,Customer_1381,66,Widowed,Unemployed,7,Rented,Middle,Bachelor,10,983-45-6603,TX,0
CUST01382,Customer_1382,46,Married,Unemployed,1,Owned,Middle,Master,7,561-66-8922,CA,1
CUST01383,Customer_1383,55,Divorced,Self-Employed,2,Owned,Middle,High School,18,441-81-5106,MI,0
CUST01384,Customer_1384,39,Widowed,Self-Employed,2,Leased,Upper,Bachelor,5,284-16-7447,GA,0
CUST01385,Customer_1385,46,Single,Unemployed,6,Owned,Lower,Master,2,641-87-3117,IL,0
CUST01386,Customer_1386,42,Single,Employed,1,Rented,Middle,PhD,13,742-12-2252,NY,1
CUST01387,Customer_1387,24,Widowed,Self-Employed,1,Leased,Middle,None,2,634-57-6329,MI,0
CUST01388,Customer_1388,72,Widowed,Employed,1,Rented,Middle,PhD,15,853-84-2760,MI,0
CUST01389,Customer_1389,26,Widowed,Self-Employed,7,Leased,Middle,High School,17,282-57-9615,CA,0
CUST01390,Customer_1390,34,Divorced,Retired,1,Rented,Upper,Bachelor,14,701-23-6717,MI,1
CUST01391,Customer_1391,33,Single,Retired,2,Rented,Middle,Master,5,404-19-7409,IL,0
CUST01392,Customer_1392,31,Widowed,Unemployed,4,Rented,Middle,Master,18,349-79-5968,NY,0
CUST01393,Customer_1393,48,Single,Unemployed,3,Leased,Lower,None,2,501-28-3631,NY,1
CUST01394,Customer_1394,77,Single,Self-Employed,1,Leased,Middle,High School,3,400-71-4735,IL,1
CUST01395,Customer_1395,38,Divorced,Unemployed,3,Owned,Lower,Master,6,130-11-3470,OH,0
CUST01396,Customer_1396,63,Married,Retired,6,Leased,Middle,PhD,11,558-39-9951,WA,0
CUST01397,Customer_1397,63,Widowed,Unemployed,3,Leased,Middle,Master,14,307-46-4579,CA,0
CUST01398,Customer_1398,65,Widowed,Employed,4,Owned,Upper,Bachelor,6,346-88-3276,GA,0
CUST01399,Customer_1399,56,Widowed,Unemployed,4,Leased,Lower,High School,18,109-55-6712,CA,0
CUST01400,Customer_1400,63,Widowed,Employed,2,Owned,Middle,PhD,16,509-47-8757,CA,0
CUST01401,Customer_1401,65,Divorced,Self-Employed,1,Rented,Middle,PhD,5,436-66-8536,NY,0
CUST01402,Customer_1402,60,Widowed,Employed,6,Owned,Middle,PhD,2,458-58-4471,NC,1
CUST01403,Customer_1403,52,Widowed,Employed,7,Rented,Lower,None,14,652-58-8669,NY,0
CUST01404,Customer_1404,23,Married,Retired,4,Owned,Middle,None,4,327-24-4805,NY,0
CUST01405,Customer_1405,49,Married,Unemployed,6,Rented,Middle,High School,6,650-35-9982,WA,0
CUST01406,Customer_1406,64,Divorced,Self-Employed,3,Rented,Lower,Master,15,563-82-5918,FL,0
CUST01407,Customer_1407,39,Widowed,Self-Employed,7,Leased,Lower,Bachelor,4,453-85-2417,NC,0
CUST01408,Customer_1408,33,Married,Unemployed,4,Owned,Middle,None,7,325-78-9141,MI,1
CUST01409,Customer_1409,54,Married,Unemployed,6,Owned,Middle,High School,18,361-57-5375,GA,0
CUST01410,Customer_1410,26,Married,Employed,5,Rented,Middle,PhD,13,753-54-6504,WA,0
CUST01411,Customer_1411,62,Widowed,Self-Employed,7,Rented,Lower,Bachelor,12,701-83-2248,WA,0
CUST01412,Customer_1412,78,Divorced,Retired,4,Leased,Upper,High School,19,696-26-1099,CA,0
CUST01413,Customer_1413,48,Married,Unemployed,6,Owned,Lower,Master,15,744-44-7449,TX,0
CUST01414,Customer_1414,19,Divorced,Retired,7,Owned,Middle,Bachelor,9,943-21-5062,NY,0
CUST01415,Customer_1415,34,Divorced,Unemployed,6,Owned,Lower,PhD,13,188-83-9994,GA,1
CUST01416,Customer_1416,19,Divorced,Self-Employed,3,Leased,Middle,Bachelor,11,881-98-3992,FL,0
CUST01417,Customer_1417,46,Divorced,Unemployed,1,Rented,Middle,High School,7,350-86-6864,GA,0
CUST01418,Customer_1418,37,Single,Employed,3,Leased,Lower,High School,19,439-28-1228,MI,0
CUST01419,Customer_1419,65,Single,Unemployed,5,Owned,Lower,High School,12,134-71-3374,CA,0
CUST01420,Customer_1420,70,Widowed,Unemployed,7,Rented,Lower,Master,15,837-85-5064,MI,0
CUST01421,Customer_1421,44,Divorced,Self-Employed,6,Rented,Middle,Bachelor,8,369-25-3309,IL,0
CUST01422,Customer_1422,78,Widowed,Self-Employed,5,Rented,Middle,High School,4,653-77-7643,WA,0
CUST01423,Customer_1423,45,Widowed,Employed,4,Rented,Lower,Bachelor,3,961-68-5571,GA,0
CUST01424,Customer_1424,25,Married,Employed,7,Owned,Middle,None,16,419-39-4314,CA,0
CUST01425,Customer_1425,74,Married,Employed,2,Rented,Upper,None,10,890-58-2988,WA,0
CUST01426,Customer_1426,42,Widowed,Unemployed,6,Leased,Upper,Bachelor,10,273-12-8614,CA,0
CUST01427,Customer_1427,72,Single,Employed,4,Rented,Upper,Master,3,297-19-3605,FL,1
CUST01428,Customer_1428,63,Widowed,Unemployed,4,Owned,Middle,High School,15,537-95-8734,OH,1
CUST01429,Customer_1429,76,Single,Employed,3,Owned,Middle,Master,6,253-57-8417,WA,0
CUST01430,Customer_1430,58,Married,Retired,5,Rented,Lower,PhD,12,784-51-3155,TX,0
CUST01431,Customer_1431,54,Married,Unemployed,7,Rented,Middle,High School,7,805-49-3133,OH,0
CUST01432,Customer_1432,32,Divorced,Self-Employed,3,Rented,Upper,None,5,741-88-8994,TX,0
CUST01433,Customer_1433,35,Married,Unemployed,1,Leased,Middle,None,4,942-67-7910,NY,1
CUST01434,Customer_1434,38,Widowed,Employed,1,Leased,Middle,None,16,318-38-2316,FL,0
CUST01435,Customer_1435,37,Widowed,Unemployed,2,Rented,Lower,Bachelor,2,172-84-5114,IL,0
CUST01436,Customer_1436,54,Divorced,Unemployed,3,Leased,Lower,None,1,598-17-2654,NC,0
CUST01437,Customer_1437,71,Widowed,Self-Employed,1,Leased,Upper,High School,6,168-53-6226,NC,0
CUST01438,Customer_1438,20,Single,Unemployed,2,Rented,Lower,None,17,213-73-1946,GA,0
CUST01439,Customer_1439,56,Widowed,Retired,5,Rented,Upper,High School,14,854-91-6760,CA,0
CUST01440,Customer_1440,65,Divorced,Self-Employed,5,Leased,Middle,Bachelor,16,589-75-3239,NC,0
CUST01441,Customer_1441,45,Single,Self-Employed,5,Rented,Lower,None,4,928-88-7259,GA,0
CUST01442,Customer_1442,35,Widowed,Self-Employed,5,Owned,Lower,Master,19,997-36-8956,CA,1
CUST01443,Customer_1443,44,Single,Unemployed,1,Owned,Middle,Bachelor,3,130-76-3604,WA,0
CUST01444,Customer_1444,69,Divorced,Employed,7,Rented,Middle,Bachelor,1,964-60-2776,NC,1
CUST01445,Customer_1445,74,Divorced,Retired,3,Owned,Upper,Bachelor,10,383-88-8239,GA,0
CUST01446,Customer_1446,60,Single,Self-Employed,1,Owned,Upper,None,9,422-33-1290,IL,0
CUST01447,Customer_1447,48,Married,Retired,6,Leased,Upper,Master,6,210-12-3969,NC,0
CUST01448,Customer_1448,58,Single,Retired,4,Leased,Upper,High School,4,268-11-8014,NY,0
CUST01449,Customer_1449,59,Widowed,Employed,3,Rented,Middle,High School,7,890-89-8530,NC,0
CUST01450,Customer_1450,65,Widowed,Employed,3,Owned,Upper,Master,8,215-24-8607,GA,0
CUST01451,Customer_1451,26,Widowed,Employed,5,Owned,Middle,High School,12,113-77-2134,GA,0
CUST01452,Customer_1452,22,Married,Unemployed,4,Owned,Middle,Bachelor,7,146-79-7581,NC,0
CUST01453,Customer_1453,39,Married,Self-Employed,1,Leased,Upper,PhD,5,176-13-8949,TX,0
CUST01454,Customer_1454,34,Widowed,Employed,1,Rented,Middle,None,12,336-96-5777,TX,0
CUST01455,Customer_1455,56,Married,Unemployed,7,Owned,Lower,High School,12,979-90-6541,OH,0
CUST01456,Customer_1456,50,Married,Self-Employed,4,Owned,Middle,Bachelor,9,194-89-4134,MI,1
CUST01457,Customer_1457,74,Single,Retired,7,Owned,Middle,Bachelor,3,326-61-4214,FL,0
CUST01458,Customer_1458,66,Widowed,Retired,5,Owned,Middle,None,19,765-33-9237,OH,0
CUST01459,Customer_1459,27,Single,Retired,6,Leased,Middle,PhD,10,189-51-9643,WA,0
CUST01460,Customer_1460,70,Single,Unemployed,3,Owned,Middle,None,6,855-83-6552,GA,0
CUST01461,Customer_1461,65,Widowed,Unemployed,6,Rented,Lower,PhD,14,611-28-3680,CA,0
CUST01462,Customer_1462,41,Widowed,Employed,5,Owned,Lower,High School,8,621-37-3824,MI,0
CUST01463,Customer_1463,21,Widowed,Retired,6,Rented,Middle,None,4,710-72-5464,WA,0
CUST01464,Customer_1464,67,Widowed,Self-Employed,2,Owned,Middle,PhD,14,355-25-3365,NC,0
CUST01465,Customer_1465,29,Single,Employed,5,Leased,Lower,PhD,2,396-94-3902,GA,0
CUST01466,Customer_1466,31,Married,Employed,3,Rented,Middle,Bachelor,6,916-57-5065,OH,0
CUST01467,Customer_1467,47,Widowed,Self-Employed,7,Rented,Middle,PhD,13,340-78-8581,GA,0
CUST01468,Customer_1468,23,Married,Self-Employed,7,Rented,Upper,Master,14,982-83-1797,NY,0
CUST01469,Customer_1469,42,Widowed,Employed,3,Owned,Upper,Bachelor,19,890-63-5617,GA,0
CUST01470,Customer_1470,33,Widowed,Retired,1,Rented,Middle,Bachelor,14,327-55-8199,OH,0
CUST01471,Customer_1471,21,Widowed,Self-Employed,2,Leased,Lower,PhD,5,629-19-7799,NC,0
CUST01472,Customer_1472,73,Widowed,Self-Employed,2,Owned,Middle,PhD,14,809-69-2805,MI,0
CUST01473,Customer_1473,34,Widowed,Unemployed,1,Leased,Lower,Bachelor,15,365-50-8822,NC,1
CUST01474,Customer_1474,51,Divorced,Self-Employed,7,Owned,Lower,Bachelor,13,831-18-1607,WA,0
CUST01475,Customer_1475,68,Single,Retired,4,Leased,Lower,Bachelor,15,144-92-8773,IL,0
CUST01476,Customer_1476,47,Married,Unemployed,2,Leased,Lower,PhD,16,295-91-5506,NC,0
CUST01477,Customer_1477,36,Widowed,Unemployed,5,Leased,Middle,Bachelor,11,381-75-1620,NY,0
CUST01478,Customer_1478,64,Widowed,Retired,3,Rented,Middle,PhD,19,211-32-6478,NC,0
CUST01479,Customer_1479,60,Single,Employed,2,Leased,Upper,Bachelor,13,853-55-4955,FL,0
CUST01480,Customer_1480,18,Divorced,Employed,4,Owned,Middle,Bachelor,2,626-11-6961,GA,0
CUST01481,Customer_1481,68,Married,Unemployed,5,Rented,Upper,High School,4,823-47-6829,CA,0
CUST01482,Customer_1482,25,Married,Unemployed,5,Rented,Lower,High School,10,368-93-2654,NC,1
CUST01483,Customer_1483,63,Divorced,Employed,2,Rented,Lower,High School,9,223-93-5563,FL,0
CUST01484,Customer_1484,24,Married,Employed,5,Rented,Middle,High School,16,460-82-3539,FL,0
CUST01485,Customer_1485,22,Divorced,Retired,6,Owned,Middle,None,13,365-14-5663,NY,0
CUST01486,Customer_1486,25,Single,Employed,5,Leased,Middle,Bachelor,1,775-97-5749,IL,1
CUST01487,Customer_1487,63,Married,Self-Employed,7,Owned,Middle,Master,9,167-26-3532,TX,0
CUST01488,Customer_1488,46,Widowed,Employed,7,Rented,Lower,None,11,903-61-9403,OH,0
CUST01489,Customer_1489,55,Divorced,Self-Employed,4,Leased,Middle,Master,19,858-88-3517,TX,0
CUST01490,Customer_1490,35,Widowed,Unemployed,3,Rented,Middle,Bachelor,13,604-15-4359,OH,0
CUST01491,Customer_1491,25,Widowed,Unemployed,4,Leased,Lower,PhD,4,381-24-1555,NY,1
CUST01492,Customer_1492,66,Married,Employed,4,Owned,Upper,PhD,4,439-16-6508,OH,0
CUST01493,Customer_1493,69,Married,Employed,2,Rented,Lower,High School,7,349-30-1996,TX,0
CUST01494,Customer_1494,70,Married,Retired,7,Rented,Upper,None,8,517-25-6157,WA,0
CUST01495,Customer_1495,22,Divorced,Self-Employed,4,Leased,Middle,High School,3,986-75-2044,CA,0
CUST01496,Customer_1496,75,Married,Self-Employed,1,Leased,Middle,Bachelor,15,182-87-8802,MI,0
CUST01497,Customer_1497,51,Married,Retired,7,Owned,Lower,None,2,425-50-4393,NY,0
CUST01498,Customer_1498,30,Single,Retired,7,Leased,Upper,Master,2,623-28-9461,MI,0
CUST01499,Customer_1499,30,Married,Self-Employed,4,Rented,Lower,Master,3,463-24-3708,OH,0
CUST01500,Customer_1500,49,Widowed,Employed,7,Owned,Lower,None,3,895-35-8239,MI,0
CUST01501,Customer_1501,55,Married,Self-Employed,7,Owned,Lower,Master,11,788-98-2377,OH,0
CUST01502,Customer_1502,21,Widowed,Self-Employed,7,Rented,Lower,PhD,16,453-84-2141,NC,0
CUST01503,Customer_1503,48,Married,Unemployed,7,Owned,Lower,Master,18,130-11-1739,GA,0
CUST01504,Customer_1504,32,Married,Unemployed,1,Owned,Lower,High School,16,812-41-2229,GA,0
CUST01505,Customer_1505,74,Divorced,Self-Employed,1,Leased,Middle,Bachelor,14,732-37-2248,OH,0
CUST01506,Customer_1506,56,Single,Self-Employed,5,Owned,Lower,PhD,12,987-61-4978,FL,0
CUST01507,Customer_1507,41,Married,Unemployed,6,Rented,Lower,Bachelor,6,928-30-6307,MI,0
CUST01508,Customer_1508,44,Single,Unemployed,6,Owned,Middle,None,8,777-10-3443,MI,0
CUST01509,Customer_1509,69,Single,Unemployed,5,Leased,Middle,None,17,186-57-7123,NC,0
CUST01510,Customer_1510,60,Divorced,Retired,3,Rented,Middle,PhD,3,241-22-5147,FL,0
CUST01511,Customer_1511,42,Single,Unemployed,7,Leased,Lower,High School,16,457-19-7132,IL,1
CUST01512,Customer_1512,70,Single,Unemployed,5,Rented,Lower,PhD,16,795-48-4285,NC,0
CUST01513,Customer_1513,56,Divorced,Self-Employed,5,Rented,Middle,None,2,244-38-5564,TX,0
CUST01514,Customer_1514,21,Married,Retired,2,Rented,Lower,PhD,5,993-26-8466,TX,0
CUST01515,Customer_1515,57,Single,Employed,6,Rented,Middle,PhD,6,551-59-3700,IL,0
CUST01516,Customer_1516,76,Widowed,Employed,1,Owned,Middle,PhD,18,948-15-2902,OH,0
CUST01517,Customer_1517,71,Widowed,Unemployed,7,Leased,Lower,Master,9,385-61-4808,MI,1
CUST01518,Customer_1518,20,Divorced,Unemployed,6,Owned,Lower,Bachelor,15,935-26-6126,NY,0
CUST01519,Customer_1519,72,Divorced,Self-Employed,5,Owned,Middle,Master,12,535-37-1207,FL,0
CUST01520,Customer_1520,78,Widowed,Unemployed,7,Leased,Lower,None,2,829-27-2249,NC,0
CUST01521,Customer_1521,28,Widowed,Employed,7,Rented,Lower,High School,13,612-23-6753,MI,0
CUST01522,Customer_1522,57,Single,Unemployed,1,Rented,Lower,High School,13,757-30-1623,MI,0
CUST01523,Customer_1523,64,Single,Self-Employed,2,Leased,Lower,None,17,187-14-5358,GA,0
CUST01524,Customer_1524,20,Married,Unemployed,1,Leased,Middle,None,18,440-79-4580,CA,0
CUST01525,Customer_1525,69,Married,Self-Employed,3,Rented,Upper,Master,12,685-51-4852,GA,0
CUST01526,Customer_1526,42,Widowed,Unemployed,5,Rented,Middle,Bachelor,17,765-55-6119,TX,0
CUST01527,Customer_1527,36,Divorced,Employed,2,Owned,Upper,High School,3,504-73-3740,NC,0
CUST01528,Customer_1528,34,Widowed,Retired,1,Rented,Middle,PhD,12,144-47-3841,WA,0
CUST01529,Customer_1529,49,Divorced,Self-Employed,5,Owned,Upper,Master,11,906-96-2958,GA,1
CUST01530,Customer_1530,67,Divorced,Employed,5,Owned,Middle,None,4,484-48-3002,FL,0
CUST01531,Customer_1531,68,Widowed,Retired,3,Owned,Middle,Bachelor,11,108-98-6867,FL,0
CUST01532,Customer_1532,31,Divorced,Employed,6,Rented,Upper,PhD,13,469-26-5308,NC,1
CUST01533,Customer_1533,69,Widowed,Unemployed,5,Owned,Middle,None,8,344-29-9617,NC,0
CUST01534,Customer_1534,69,Married,Employed,3,Leased,Middle,High School,13,690-37-2864,MI,0
CUST01535,Customer_1535,21,Married,Retired,1,Leased,Upper,PhD,15,791-64-8691,TX,1
CUST01536,Customer_1536,37,Divorced,Employed,6,Leased,Middle,PhD,12,780-45-6870,NC,0
CUST01537,Customer_1537,18,Widowed,Self-Employed,5,Owned,Lower,Master,8,442-18-1286,WA,0
CUST01538,Customer_1538,79,Single,Unemployed,1,Rented,Middle,Bachelor,6,171-91-8580,CA,0
CUST01539,Customer_1539,47,Divorced,Retired,2,Rented,Middle,High School,13,451-90-7635,IL,0
CUST01540,Customer_1540,34,Single,Self-Employed,3,Rented,Lower,High School,18,221-30-4378,NC,0
CUST01541,Customer_1541,73,Widowed,Self-Employed,2,Owned,Middle,Bachelor,9,823-68-4537,OH,0
CUST01542,Customer_1542,60,Divorced,Self-Employed,6,Rented,Upper,Master,10,851-38-9179,WA,0
CUST01543,Customer_1543,76,Single,Retired,7,Rented,Middle,Master,18,748-72-1788,GA,0
CUST01544,Customer_1544,67,Single,Retired,1,Leased,Middle,None,6,232-97-7914,NY,0
CUST01545,Customer_1545,77,Divorced,Employed,2,Rented,Middle,PhD,16,331-86-3771,GA,0
CUST01546,Customer_1546,31,Single,Retired,2,Rented,Lower,None,5,415-37-5446,NC,0
CUST01547,Customer_1547,30,Single,Retired,7,Owned,Middle,PhD,5,784-24-9706,NC,0
CUST01548,Customer_1548,22,Single,Unemployed,5,Leased,Lower,Master,6,373-96-8827,FL,0
CUST01549,Customer_1549,39,Single,Self-Employed,7,Leased,Middle,None,2,592-17-6163,WA,0
CUST01550,Customer_1550,52,Married,Self-Employed,2,Rented,Lower,PhD,9,785-97-1878,WA,0
CUST01551,Customer_1551,53,Divorced,Retired,1,Rented,Middle,None,7,769-36-7748,FL,1
CUST01552,Customer_1552,59,Widowed,Self-Employed,4,Owned,Middle,Bachelor,5,623-87-1029,FL,0
CUST01553,Customer_1553,63,Divorced,Self-Employed,6,Leased,Middle,PhD,15,554-70-4412,NY,0
CUST01554,Customer_1554,68,Widowed,Self-Employed,6,Rented,Middle,Bachelor,10,384-39-7736,NY,0
CUST01555,Customer_1555,50,Widowed,Employed,4,Leased,Middle,Bachelor,4,286-96-2882,TX,0
CUST01556,Customer_1556,34,Single,Self-Employed,2,Leased,Lower,PhD,4,474-98-1269,TX,0
CUST01557,Customer_1557,45,Divorced,Employed,1,Rented,Middle,Master,16,402-85-3846,NC,0
CUST01558,Customer_1558,72,Single,Employed,4,Leased,Middle,PhD,6,346-10-2337,WA,0
CUST01559,Customer_1559,68,Widowed,Self-Employed,4,Owned,Middle,PhD,8,276-88-5915,CA,0
CUST01560,Customer_1560,74,Widowed,Retired,1,Rented,Middle,PhD,3,309-82-6446,OH,0
CUST01561,Customer_1561,51,Single,Retired,7,Owned,Middle,High School,16,383-32-2985,FL,0
CUST01562,Customer_1562,66,Single,Self-Employed,5,Rented,Upper,High School,7,740-73-6838,FL,0
CUST01563,Customer_1563,43,Married,Retired,3,Rented,Lower,Bachelor,14,502-55-9080,OH,0
CUST01564,Customer_1564,18,Divorced,Employed,3,Owned,Middle,Bachelor,8,598-64-3044,TX,0
CUST01565,Customer_1565,64,Divorced,Unemployed,3,Leased,Lower,None,16,509-11-5152,CA,0
CUST01566,Customer_1566,23,Single,Unemployed,7,Owned,Upper,High School,8,819-69-9002,MI,0
CUST01567,Customer_1567,57,Divorced,Self-Employed,6,Rented,Middle,Master,18,405-79-7589,IL,1
CUST01568,Customer_1568,79,Divorced,Self-Employed,1,Leased,Middle,PhD,14,736-81-5246,CA,1
CUST01569,Customer_1569,19,Widowed,Unemployed,3,Rented,Middle,Bachelor,10,407-61-4458,MI,0
CUST01570,Customer_1570,63,Married,Self-Employed,6,Owned,Middle,Bachelor,10,721-87-1236,GA,0
CUST01571,Customer_1571,71,Single,Unemployed,3,Owned,Middle,Bachelor,12,658-47-1943,NC,0
CUST01572,Customer_1572,56,Divorced,Employed,6,Leased,Middle,Master,14,301-83-4279,GA,0
CUST01573,Customer_1573,60,Divorced,Unemployed,4,Leased,Lower,PhD,14,178-76-3134,IL,0
CUST01574,Customer_1574,73,Divorced,Employed,6,Rented,Lower,Master,1,426-27-7651,NC,0
CUST01575,Customer_1575,66,Divorced,Self-Employed,4,Owned,Middle,None,6,925-96-1673,NY,1
CUST01576,Customer_1576,20,Single,Unemployed,6,Leased,Middle,High School,9,930-66-8448,GA,0
CUST01577,Customer_1577,65,Single,Retired,4,Rented,Middle,Bachelor,11,167-85-3948,MI,0
CUST01578,Customer_1578,64,Married,Self-Employed,2,Leased,Upper,Bachelor,2,454-89-7583,MI,0
CUST01579,Customer_1579,32,Widowed,Employed,7,Owned,Upper,Bachelor,4,560-69-4200,OH,0
CUST01580,Customer_1580,58,Divorced,Employed,3,Owned,Middle,PhD,9,983-16-6173,CA,0
CUST01581,Customer_1581,70,Divorced,Unemployed,1,Owned,Middle,High School,9,139-48-5575,CA,0
CUST01582,Customer_1582,70,Widowed,Retired,3,Leased,Middle,Bachelor,12,852-93-7745,IL,0
CUST01583,Customer_1583,71,Married,Retired,3,Leased,Lower,High School,2,966-21-5732,GA,0
CUST01584,Customer_1584,66,Married,Retired,2,Owned,Lower,Master,16,636-16-6330,CA,0
CUST01585,Customer_1585,25,Divorced,Self-Employed,7,Owned,Middle,None,6,138-66-2992,IL,0
CUST01586,Customer_1586,48,Single,Self-Employed,4,Leased,Middle,None,11,946-39-6417,IL,0
CUST01587,Customer_1587,32,Married,Retired,3,Owned,Middle,High School,18,647-87-4032,IL,0
CUST01588,Customer_1588,22,Divorced,Retired,5,Rented,Middle,High School,8,422-70-1516,OH,0
CUST01589,Customer_1589,34,Married,Self-Employed,5,Leased,Upper,Master,6,597-43-9800,FL,0
CUST01590,Customer_1590,74,Single,Self-Employed,4,Rented,Upper,Bachelor,6,578-78-8499,OH,0
CUST01591,Customer_1591,55,Married,Employed,7,Owned,Middle,Bachelor,13,231-66-7117,IL,0
CUST01592,Customer_1592,65,Widowed,Employed,7,Owned,Middle,PhD,19,497-27-5156,WA,1
CUST01593,Customer_1593,49,Married,Unemployed,4,Rented,Middle,Bachelor,11,145-98-1799,NY,0
CUST01594,Customer_1594,40,Widowed,Unemployed,5,Leased,Lower,Master,4,227-22-2849,WA,0
CUST01595,Customer_1595,47,Divorced,Unemployed,1,Rented,Lower,High School,18,265-65-2004,WA,0
CUST01596,Customer_1596,79,Single,Self-Employed,4,Leased,Lower,None,1,730-46-4554,NY,0
CUST01597,Customer_1597,35,Widowed,Employed,4,Leased,Middle,High School,8,558-12-5501,IL,0
CUST01598,Customer_1598,37,Divorced,Self-Employed,3,Owned,Middle,High School,3,569-76-2299,GA,0
CUST01599,Customer_1599,70,Divorced,Retired,6,Leased,Middle,Master,1,146-14-9629,IL,0
CUST01600,Customer_1600,40,Divorced,Retired,5,Leased,Lower,None,19,409-31-2220,NC,0
CUST01601,Customer_1601,74,Single,Employed,4,Leased,Middle,PhD,2,330-49-9728,FL,0
CUST01602,Customer_1602,78,Married,Self-Employed,4,Leased,Middle,Master,18,784-85-1423,WA,1
CUST01603,Customer_1603,22,Widowed,Unemployed,5,Leased,Middle,Bachelor,11,616-54-2756,GA,0
CUST01604,Customer_1604,59,Divorced,Employed,2,Leased,Middle,Bachelor,7,546-62-1015,CA,0
CUST01605,Customer_1605,23,Married,Self-Employed,2,Leased,Lower,PhD,17,981-75-9329,FL,0
CUST01606,Customer_1606,72,Married,Employed,4,Rented,Upper,Master,1,180-15-9387,GA,0
CUST01607,Customer_1607,25,Divorced,Self-Employed,3,Owned,Middle,PhD,14,938-66-2804,FL,0
CUST01608,Customer_1608,73,Married,Retired,5,Owned,Lower,Master,15,358-80-9326,IL,0
CUST01609,Customer_1609,65,Married,Retired,7,Leased,Middle,Bachelor,7,703-45-8395,GA,0
CUST01610,Customer_1610,51,Divorced,Employed,3,Owned,Middle,High School,6,333-21-4460,NY,0
CUST01611,Customer_1611,30,Married,Unemployed,5,Owned,Middle,Bachelor,1,520-64-7193,WA,0
CUST01612,Customer_1612,34,Divorced,Retired,2,Leased,Middle,Bachelor,1,750-28-6955,GA,0
CUST01613,Customer_1613,44,Divorced,Retired,6,Owned,Upper,Master,1,140-91-4977,IL,0
CUST01614,Customer_1614,70,Divorced,Employed,2,Owned,Middle,Bachelor,9,959-87-2773,FL,0
CUST01615,Customer_1615,73,Divorced,Self-Employed,4,Leased,Middle,PhD,11,200-91-5422,FL,0
CUST01616,Customer_1616,49,Married,Retired,3,Leased,Middle,Master,9,195-64-9611,CA,0
CUST01617,Customer_1617,32,Divorced,Retired,6,Leased,Middle,Bachelor,14,640-33-4033,CA,1
CUST01618,Customer_1618,52,Divorced,Self-Employed,2,Leased,Middle,High School,7,338-57-4793,NC,0
CUST01619,Customer_1619,69,Married,Self-Employed,2,Rented,Middle,High School,16,408-26-1260,NC,0
CUST01620,Customer_1620,51,Married,Employed,6,Owned,Middle,High School,13,844-81-2122,CA,1
CUST01621,Customer_1621,73,Divorced,Retired,4,Rented,Middle,Bachelor,18,304-49-6362,OH,0
CUST01622,Customer_1622,18,Divorced,Employed,5,Leased,Middle,Bachelor,14,915-72-6717,NY,0
CUST01623,Customer_1623,49,Married,Self-Employed,6,Rented,Middle,High School,3,768-64-9367,GA,0
CUST01624,Customer_1624,20,Married,Employed,3,Owned,Middle,PhD,11,994-50-1202,OH,1
CUST01625,Customer_1625,55,Widowed,Retired,2,Leased,Lower,Master,13,993-38-3412,NC,0
CUST01626,Customer_1626,56,Divorced,Employed,7,Owned,Middle,None,1,212-77-2661,GA,0
CUST01627,Customer_1627,37,Divorced,Unemployed,1,Rented,Lower,None,1,967-29-1651,TX,0
CUST01628,Customer_1628,67,Married,Employed,5,Owned,Middle,High School,1,663-28-3448,GA,0
CUST01629,Customer_1629,76,Widowed,Self-Employed,3,Leased,Lower,PhD,4,194-69-2980,MI,0
CUST01630,Customer_1630,46,Married,Unemployed,1,Leased,Lower,None,17,763-33-4616,WA,0
CUST01631,Customer_1631,44,Widowed,Unemployed,7,Leased,Lower,None,5,542-57-8450,NC,0
CUST01632,Customer_1632,29,Single,Unemployed,6,Leased,Middle,PhD,4,218-30-7773,IL,0
CUST01633,Customer_1633,19,Single,Self-Employed,2,Rented,Middle,High School,9,869-47-1051,OH,0
CUST01634,Customer_1634,43,Divorced,Self-Employed,6,Leased,Middle,None,8,850-64-5735,TX,0
CUST01635,Customer_1635,45,Widowed,Retired,6,Rented,Upper,None,19,449-72-3596,GA,0
CUST01636,Customer_1636,65,Single,Unemployed,4,Rented,Middle,Master,2,422-78-4345,TX,0
CUST01637,Customer_1637,71,Divorced,Unemployed,7,Rented,Lower,None,16,950-48-6061,FL,0
CUST01638,Customer_1638,24,Married,Retired,2,Owned,Middle,Master,5,671-72-5558,OH,0
CUST01639,Customer_1639,27,Single,Employed,1,Leased,Middle,Master,6,426-81-7444,IL,0
CUST01640,Customer_1640,52,Married,Retired,6,Leased,Lower,PhD,10,149-65-9103,NY,0
CUST01641,Customer_1641,41,Divorced,Retired,3,Leased,Upper,PhD,19,603-92-4511,GA,0
CUST01642,Customer_1642,61,Divorced,Self-Employed,1,Leased,Lower,Master,5,319-54-1906,WA,1
CUST01643,Customer_1643,37,Widowed,Employed,7,Rented,Lower,PhD,7,158-60-1266,WA,0
CUST01644,Customer_1644,43,Widowed,Self-Employed,3,Leased,Upper,None,13,157-50-3067,OH,0
CUST01645,Customer_1645,45,Single,Self-Employed,7,Leased,Upper,PhD,13,261-55-3949,OH,0
CUST01646,Customer_1646,55,Widowed,Retired,6,Leased,Lower,None,7,651-47-2748,IL,0
CUST01647,Customer_1647,22,Single,Self-Employed,3,Rented,Upper,Master,3,733-93-7541,MI,0
CUST01648,Customer_1648,72,Widowed,Retired,6,Leased,Lower,Master,15,263-59-2382,MI,0
CUST01649,Customer_1649,39,Widowed,Employed,4,Leased,Middle,PhD,18,123-24-8284,CA,0
CUST01650,Customer_1650,31,Widowed,Retired,5,Rented,Middle,Master,12,935-63-8908,NC,0
CUST01651,Customer_1651,57,Single,Retired,3,Rented,Middle,High School,17,468-12-9137,CA,0
CUST01652,Customer_1652,26,Single,Unemployed,1,Leased,Middle,Master,5,753-68-1661,NC,0
CUST01653,Customer_1653,54,Widowed,Employed,2,Rented,Middle,High School,17,965-16-1139,NY,0
CUST01654,Customer_1654,21,Married,Unemployed,3,Owned,Middle,PhD,16,168-93-8465,OH,1
CUST01655,Customer_1655,34,Married,Retired,4,Owned,Middle,PhD,18,201-48-5755,NC,0
CUST01656,Customer_1656,63,Married,Retired,6,Leased,Upper,PhD,18,600-27-1277,FL,0
CUST01657,Customer_1657,41,Single,Self-Employed,2,Rented,Lower,None,7,127-90-6595,TX,0
CUST01658,Customer_1658,73,Single,Self-Employed,6,Rented,Middle,PhD,3,982-86-3116,OH,0
CUST01659,Customer_1659,40,Single,Self-Employed,6,Leased,Middle,Bachelor,15,180-68-3023,MI,0
CUST01660,Customer_1660,60,Widowed,Employed,6,Leased,Middle,High School,13,710-96-9695,TX,1
CUST01661,Customer_1661,19,Single,Unemployed,6,Leased,Middle,High School,13,325-53-7364,NY,0
CUST01662,Customer_1662,78,Widowed,Retired,1,Owned,Middle,None,12,313-60-4242,OH,0
CUST01663,Customer_1663,56,Single,Self-Employed,2,Leased,Lower,PhD,1,615-66-8886,FL,0
CUST01664,Customer_1664,61,Divorced,Retired,7,Rented,Middle,Bachelor,13,524-35-1714,MI,0
CUST01665,Customer_1665,38,Married,Employed,5,Owned,Lower,None,10,728-81-4695,OH,0
CUST01666,Customer_1666,35,Widowed,Employed,2,Owned,Lower,Bachelor,1,876-52-5304,OH,0
CUST01667,Customer_1667,45,Single,Retired,7,Owned,Middle,PhD,17,141-56-6352,TX,0
CUST01668,Customer_1668,33,Divorced,Employed,3,Leased,Middle,Bachelor,1,541-57-5767,CA,0
CUST01669,Customer_1669,19,Widowed,Self-Employed,3,Leased,Upper,PhD,5,728-19-5773,TX,1
CUST01670,Customer_1670,59,Married,Retired,6,Leased,Middle,High School,6,489-40-5030,CA,0
CUST01671,Customer_1671,62,Married,Self-Employed,7,Rented,Middle,PhD,15,710-98-2990,OH,0
CUST01672,Customer_1672,59,Single,Self-Employed,3,Leased,Middle,Master,2,143-41-3808,MI,0
CUST01673,Customer_1673,52,Widowed,Employed,5,Leased,Upper,Master,8,162-54-5662,NC,0
CUST01674,Customer_1674,50,Widowed,Unemployed,5,Owned,Middle,High School,7,861-72-5150,FL,1
CUST01675,Customer_1675,79,Married,Self-Employed,2,Owned,Middle,Bachelor,8,691-35-2410,TX,0
CUST01676,Customer_1676,50,Divorced,Employed,4,Rented,Middle,High School,17,581-54-3672,OH,0
CUST01677,Customer_1677,61,Widowed,Self-Employed,1,Rented,Middle,PhD,7,908-58-6107,NC,0
CUST01678,Customer_1678,43,Married,Employed,7,Leased,Upper,High School,7,720-35-5776,NC,0
CUST01679,Customer_1679,20,Single,Retired,6,Rented,Upper,None,8,906-64-8665,OH,0
CUST01680,Customer_1680,39,Single,Unemployed,2,Leased,Middle,High School,8,134-74-6928,FL,0
CUST01681,Customer_1681,62,Widowed,Retired,5,Rented,Middle,Master,19,907-96-2252,IL,0
CUST01682,Customer_1682,57,Widowed,Retired,1,Leased,Lower,None,6,541-92-8223,NC,0
CUST01683,Customer_1683,61,Single,Retired,1,Rented,Middle,Master,3,191-58-4135,MI,0
CUST01684,Customer_1684,64,Widowed,Unemployed,5,Rented,Middle,Master,9,732-55-3788,CA,0
CUST01685,Customer_1685,31,Widowed,Employed,6,Owned,Middle,None,2,475-96-4291,NC,1
CUST01686,Customer_1686,68,Divorced,Employed,6,Leased,Middle,High School,16,293-20-2431,NC,0
CUST01687,Customer_1687,62,Married,Employed,3,Rented,Upper,Master,17,147-14-5799,FL,0
CUST01688,Customer_1688,37,Widowed,Employed,7,Rented,Lower,Master,16,586-80-6569,CA,0
CUST01689,Customer_1689,49,Widowed,Retired,4,Rented,Middle,PhD,16,272-67-4990,NY,0
CUST01690,Customer_1690,71,Married,Employed,3,Leased,Middle,PhD,9,254-67-6862,FL,0
CUST01691,Customer_1691,28,Married,Employed,3,Rented,Upper,Master,14,480-24-1266,TX,0
CUST01692,Customer_1692,36,Widowed,Retired,6,Rented,Lower,Master,8,778-23-3476,FL,0
CUST01693,Customer_1693,29,Widowed,Self-Employed,3,Leased,Middle,Bachelor,17,707-47-8387,TX,0
CUST01694,Customer_1694,36,Divorced,Self-Employed,3,Rented,Middle,Bachelor,4,430-89-4309,MI,0
CUST01695,Customer_1695,30,Divorced,Self-Employed,3,Owned,Lower,None,3,174-74-6940,CA,0
CUST01696,Customer_1696,67,Divorced,Retired,3,Rented,Middle,PhD,19,996-18-5745,OH,0
CUST01697,Customer_1697,79,Married,Self-Employed,3,Rented,Lower,PhD,7,737-45-3359,NY,0
CUST01698,Customer_1698,78,Widowed,Retired,1,Leased,Middle,High School,6,364-10-6619,MI,0
CUST01699,Customer_1699,40,Married,Retired,7,Rented,Lower,Bachelor,13,799-50-1353,IL,0
CUST01700,Customer_1700,75,Widowed,Self-Employed,2,Owned,Middle,Bachelor,7,794-90-6459,OH,0
CUST01701,Customer_1701,23,Widowed,Unemployed,4,Owned,Middle,None,15,178-46-6120,NY,0
CUST01702,Customer_1702,24,Married,Employed,2,Leased,Middle,None,9,956-54-1101,MI,0
CUST01703,Customer_1703,38,Widowed,Retired,4,Rented,Middle,Bachelor,15,733-71-3118,GA,0
CUST01704,Customer_1704,35,Widowed,Retired,2,Owned,Middle,Master,2,469-13-2094,OH,0
CUST01705,Customer_1705,74,Married,Employed,2,Rented,Middle,PhD,14,379-18-3484,NY,0
CUST01706,Customer_1706,65,Divorced,Employed,3,Leased,Middle,High School,7,683-44-2329,IL,0
CUST01707,Customer_1707,64,Divorced,Employed,7,Leased,Middle,Master,9,661-86-6313,FL,1
CUST01708,Customer_1708,67,Single,Retired,7,Owned,Middle,Bachelor,18,379-81-4094,GA,0
CUST01709,Customer_1709,62,Divorced,Employed,6,Owned,Lower,Master,10,113-68-7467,FL,0
CUST01710,Customer_1710,49,Divorced,Self-Employed,2,Rented,Middle,PhD,2,297-43-1063,FL,0
CUST01711,Customer_1711,21,Divorced,Self-Employed,5,Leased,Upper,PhD,9,522-49-3322,IL,0
CUST01712,Customer_1712,18,Married,Self-Employed,6,Leased,Middle,High School,5,574-70-5012,WA,0
CUST01713,Customer_1713,78,Divorced,Employed,5,Rented,Middle,Bachelor,10,815-50-4683,IL,0
CUST01714,Customer_1714,49,Divorced,Self-Employed,7,Owned,Middle,Bachelor,5,698-25-8610,WA,0
CUST01715,Customer_1715,77,Widowed,Retired,2,Rented,Middle,PhD,13,643-42-3110,OH,0
CUST01716,Customer_1716,19,Married,Self-Employed,4,Owned,Middle,Bachelor,5,810-11-1564,CA,0
CUST01717,Customer_1717,57,Single,Retired,3,Owned,Lower,Master,9,646-52-2546,OH,0
CUST01718,Customer_1718,35,Single,Unemployed,6,Owned,Lower,Bachelor,19,438-79-5192,WA,0
CUST01719,Customer_1719,40,Widowed,Retired,1,Owned,Middle,Bachelor,13,574-18-7489,MI,0
CUST01720,Customer_1720,58,Single,Unemployed,3,Leased,Lower,Master,14,224-30-3641,TX,0
CUST01721,Customer_1721,48,Married,Self-Employed,5,Rented,Middle,Bachelor,15,487-34-8340,FL,1
CUST01722,Customer_1722,26,Widowed,Self-Employed,1,Rented,Middle,High School,18,446-13-5114,GA,0
CUST01723,Customer_1723,79,Single,Self-Employed,2,Owned,Middle,High School,17,210-29-6321,IL,0
CUST01724,Customer_1724,62,Single,Unemployed,5,Owned,Middle,Master,17,656-69-4382,MI,0
CUST01725,Customer_1725,40,Divorced,Self-Employed,2,Rented,Middle,High School,7,853-15-4411,OH,0
CUST01726,Customer_1726,56,Divorced,Self-Employed,5,Owned,Middle,High School,12,319-13-6040,FL,1
CUST01727,Customer_1727,27,Single,Self-Employed,3,Rented,Middle,None,16,151-64-8692,NY,0
CUST01728,Customer_1728,44,Divorced,Retired,4,Leased,Middle,None,11,818-70-3209,TX,0
CUST01729,Customer_1729,44,Divorced,Unemployed,3,Leased,Middle,Master,3,687-60-5447,FL,1
CUST01730,Customer_1730,41,Single,Retired,7,Rented,Lower,PhD,10,528-22-8635,NC,0
CUST01731,Customer_1731,47,Married,Retired,6,Owned,Lower,High School,5,851-74-5928,FL,0
CUST01732,Customer_1732,74,Married,Unemployed,6,Rented,Middle,High School,14,218-66-9628,IL,1
CUST01733,Customer_1733,18,Widowed,Employed,6,Owned,Middle,High School,17,219-41-9151,TX,0
CUST01734,Customer_1734,52,Married,Retired,3,Rented,Upper,High School,14,958-49-3566,IL,0
CUST01735,Customer_1735,76,Widowed,Self-Employed,1,Leased,Middle,High School,11,357-51-3875,WA,0
CUST01736,Customer_1736,73,Widowed,Self-Employed,1,Owned,Middle,PhD,12,594-17-1572,NC,0
CUST01737,Customer_1737,73,Single,Self-Employed,4,Owned,Lower,PhD,11,104-73-9311,NC,0
CUST01738,Customer_1738,43,Widowed,Employed,7,Rented,Middle,PhD,9,194-91-2477,FL,0
CUST01739,Customer_1739,53,Single,Unemployed,4,Leased,Lower,Bachelor,5,143-35-3632,NY,0
CUST01740,Customer_1740,54,Married,Employed,7,Leased,Lower,Bachelor,13,963-20-9757,CA,0
CUST01741,Customer_1741,69,Single,Unemployed,4,Rented,Upper,Bachelor,7,874-53-7056,WA,0
CUST01742,Customer_1742,77,Single,Retired,5,Rented,Lower,High School,3,579-90-2906,WA,0
CUST01743,Customer_1743,33,Divorced,Self-Employed,1,Owned,Middle,Master,16,959-47-9387,NY,1
CUST01744,Customer_1744,25,Divorced,Self-Employed,6,Owned,Lower,Master,11,984-85-8116,GA,0
CUST01745,Customer_1745,34,Divorced,Unemployed,7,Leased,Middle,Bachelor,10,490-72-3202,FL,0
CUST01746,Customer_1746,34,Married,Retired,4,Owned,Middle,Bachelor,10,350-75-7866,GA,0
CUST01747,Customer_1747,36,Widowed,Employed,7,Owned,Middle,Master,2,335-96-7138,CA,0
CUST01748,Customer_1748,74,Married,Self-Employed,2,Owned,Middle,High School,11,988-52-6397,NY,0
CUST01749,Customer_1749,31,Divorced,Self-Employed,4,Leased,Lower,Master,11,686-24-3516,NY,0
CUST01750,Customer_1750,44,Married,Employed,7,Leased,Lower,Bachelor,10,966-69-5871,WA,0
CUST01751,Customer_1751,40,Single,Employed,5,Leased,Middle,PhD,1,102-13-6008,IL,0
CUST01752,Customer_1752,34,Divorced,Unemployed,5,Owned,Lower,PhD,15,173-22-6194,FL,0
CUST01753,Customer_1753,30,Widowed,Retired,3,Owned,Middle,Bachelor,12,963-84-5188,CA,0
CUST01754,Customer_1754,79,Married,Unemployed,4,Leased,Middle,Bachelor,15,946-63-9498,TX,0
CUST01755,Customer_1755,56,Married,Employed,3,Rented,Middle,Master,10,313-61-9301,FL,0
CUST01756,Customer_1756,24,Widowed,Self-Employed,5,Owned,Lower,High School,7,982-86-2346,NY,0
CUST01757,Customer_1757,58,Single,Retired,1,Rented,Middle,High School,16,656-18-4444,TX,1
CUST01758,Customer_1758,55,Married,Retired,4,Owned,Middle,High School,7,127-77-7966,NC,0
CUST01759,Customer_1759,40,Married,Employed,7,Rented,Middle,Bachelor,9,183-91-8553,NY,0
CUST01760,Customer_1760,66,Married,Unemployed,1,Rented,Lower,Master,1,855-49-9455,FL,0
CUST01761,Customer_1761,67,Married,Unemployed,4,Owned,Middle,Bachelor,4,983-58-4406,OH,0
CUST01762,Customer_1762,66,Widowed,Self-Employed,5,Owned,Middle,Master,3,785-13-4030,NY,0
CUST01763,Customer_1763,57,Single,Self-Employed,1,Owned,Middle,PhD,9,103-78-1386,GA,0
CUST01764,Customer_1764,45,Married,Unemployed,1,Leased,Upper,PhD,5,776-60-4919,OH,1
CUST01765,Customer_1765,30,Widowed,Retired,2,Owned,Middle,Master,7,667-13-8299,WA,1
CUST01766,Customer_1766,20,Single,Self-Employed,2,Rented,Lower,Master,15,339-84-8965,GA,1
CUST01767,Customer_1767,74,Divorced,Retired,7,Leased,Middle,Master,13,595-62-9310,NY,0
CUST01768,Customer_1768,70,Single,Retired,2,Rented,Lower,Master,16,464-45-9525,TX,1
CUST01769,Customer_1769,30,Divorced,Employed,5,Leased,Lower,PhD,16,463-42-1053,TX,1
CUST01770,Customer_1770,67,Divorced,Self-Employed,3,Owned,Middle,Master,5,394-32-7933,GA,0
CUST01771,Customer_1771,20,Divorced,Self-Employed,4,Rented,Middle,Bachelor,12,549-41-9403,CA,0
CUST01772,Customer_1772,32,Divorced,Unemployed,7,Owned,Upper,None,17,501-47-7501,NY,0
CUST01773,Customer_1773,27,Divorced,Employed,7,Leased,Middle,None,6,334-48-7353,CA,0
CUST01774,Customer_1774,39,Divorced,Self-Employed,1,Leased,Middle,None,8,389-48-1138,NY,0
CUST01775,Customer_1775,37,Divorced,Employed,1,Owned,Middle,None,11,813-86-7014,MI,0
CUST01776,Customer_1776,49,Single,Employed,3,Rented,Lower,Bachelor,16,573-89-8661,CA,0
CUST01777,Customer_1777,46,Single,Self-Employed,6,Rented,Lower,None,3,521-64-9447,WA,0
CUST01778,Customer_1778,25,Single,Unemployed,6,Leased,Middle,PhD,9,280-79-4268,WA,0
CUST01779,Customer_1779,27,Divorced,Self-Employed,5,Owned,Lower,None,5,183-47-5663,MI,0
CUST01780,Customer_1780,68,Married,Self-Employed,7,Leased,Lower,High School,14,765-23-5933,GA,0
CUST01781,Customer_1781,51,Married,Self-Employed,2,Leased,Middle,High School,5,694-66-8491,TX,0
CUST01782,Customer_1782,75,Married,Unemployed,6,Leased,Upper,High School,7,777-51-3464,CA,0
CUST01783,Customer_1783,26,Widowed,Unemployed,7,Owned,Lower,None,7,891-88-2167,WA,0
CUST01784,Customer_1784,37,Married,Unemployed,7,Owned,Lower,Bachelor,2,507-76-6949,NY,0
CUST01785,Customer_1785,27,Married,Employed,5,Rented,Middle,High School,13,886-29-9471,IL,0
CUST01786,Customer_1786,75,Divorced,Employed,5,Rented,Middle,PhD,5,309-18-7614,CA,0
CUST01787,Customer_1787,27,Widowed,Self-Employed,2,Leased,Middle,PhD,10,934-41-2438,CA,0
CUST01788,Customer_1788,67,Divorced,Employed,6,Rented,Middle,None,14,887-18-6982,OH,0
CUST01789,Customer_1789,29,Widowed,Unemployed,2,Rented,Lower,Master,15,213-69-2025,IL,0
CUST01790,Customer_1790,63,Divorced,Unemployed,3,Leased,Lower,PhD,18,441-51-9123,NC,1
CUST01791,Customer_1791,46,Widowed,Self-Employed,1,Owned,Upper,PhD,3,739-94-5859,MI,0
CUST01792,Customer_1792,78,Divorced,Self-Employed,3,Rented,Upper,PhD,12,331-47-5630,CA,0
CUST01793,Customer_1793,22,Divorced,Employed,1,Rented,Middle,Master,7,606-90-9072,WA,0
CUST01794,Customer_1794,38,Divorced,Self-Employed,4,Rented,Middle,High School,15,191-80-3677,WA,0
CUST01795,Customer_1795,62,Married,Self-Employed,1,Rented,Lower,High School,8,628-94-8940,OH,0
CUST01796,Customer_1796,74,Single,Employed,6,Rented,Upper,None,1,535-14-9562,NY,0
CUST01797,Customer_1797,51,Married,Unemployed,5,Leased,Lower,High School,17,915-43-2235,TX,0
CUST01798,Customer_1798,24,Divorced,Self-Employed,5,Leased,Middle,High School,15,574-81-5086,FL,0
CUST01799,Customer_1799,57,Divorced,Unemployed,5,Rented,Middle,None,7,118-50-5632,NC,0
CUST01800,Customer_1800,47,Single,Unemployed,6,Rented,Middle,None,16,925-81-7251,TX,0
CUST01801,Customer_1801,66,Widowed,Employed,5,Leased,Lower,Master,8,463-94-3084,WA,0
CUST01802,Customer_1802,52,Divorced,Retired,5,Owned,Middle,High School,8,396-85-9944,TX,0
CUST01803,Customer_1803,73,Divorced,Employed,2,Rented,Middle,Master,6,832-72-9438,NC,1
CUST01804,Customer_1804,25,Married,Unemployed,6,Leased,Middle,High School,10,218-69-4716,MI,0
CUST01805,Customer_1805,56,Divorced,Retired,4,Owned,Middle,Bachelor,19,637-32-5399,FL,0
CUST01806,Customer_1806,63,Divorced,Unemployed,2,Leased,Middle,Master,1,311-67-9365,IL,0
CUST01807,Customer_1807,43,Married,Unemployed,4,Leased,Lower,None,12,152-95-6933,OH,1
CUST01808,Customer_1808,47,Widowed,Self-Employed,3,Leased,Middle,High School,4,112-61-2242,NC,0
CUST01809,Customer_1809,61,Single,Employed,2,Leased,Middle,PhD,3,821-34-1517,CA,0
CUST01810,Customer_1810,46,Married,Unemployed,4,Owned,Middle,High School,2,862-57-6499,FL,1
CUST01811,Customer_1811,42,Married,Retired,7,Owned,Middle,Master,6,847-60-8166,TX,0
CUST01812,Customer_1812,54,Single,Retired,1,Rented,Middle,PhD,14,637-12-9554,NY,0
CUST01813,Customer_1813,67,Single,Employed,1,Rented,Middle,High School,14,962-34-6853,GA,0
CUST01814,Customer_1814,26,Widowed,Employed,7,Rented,Upper,PhD,16,210-35-6469,IL,0
CUST01815,Customer_1815,72,Widowed,Retired,5,Leased,Middle,None,3,412-96-1705,IL,0
CUST01816,Customer_1816,30,Married,Unemployed,2,Rented,Middle,Bachelor,3,738-64-9028,IL,0
CUST01817,Customer_1817,24,Married,Self-Employed,3,Owned,Middle,PhD,19,827-89-8143,CA,0
CUST01818,Customer_1818,29,Married,Employed,1,Owned,Upper,Master,18,297-47-7169,CA,0
CUST01819,Customer_1819,22,Divorced,Self-Employed,6,Leased,Middle,None,14,998-86-6846,FL,0
CUST01820,Customer_1820,77,Married,Employed,5,Owned,Middle,Master,16,191-47-6862,CA,0
CUST01821,Customer_1821,36,Single,Employed,2,Leased,Middle,None,16,793-34-5205,MI,0
CUST01822,Customer_1822,65,Married,Employed,2,Owned,Middle,High School,11,838-84-3008,WA,0
CUST01823,Customer_1823,29,Divorced,Retired,5,Rented,Middle,Bachelor,10,328-43-6793,IL,0
CUST01824,Customer_1824,50,Divorced,Employed,4,Owned,Middle,Master,19,708-77-6001,GA,0
CUST01825,Customer_1825,44,Single,Unemployed,6,Owned,Middle,None,13,925-20-5721,CA,0
CUST01826,Customer_1826,58,Widowed,Self-Employed,2,Leased,Middle,PhD,17,302-57-8971,CA,1
CUST01827,Customer_1827,79,Divorced,Retired,7,Rented,Middle,Bachelor,4,895-98-5406,GA,0
CUST01828,Customer_1828,58,Divorced,Employed,2,Rented,Middle,None,5,723-52-1087,NC,0
CUST01829,Customer_1829,61,Widowed,Retired,2,Leased,Middle,PhD,12,354-76-1485,WA,0
CUST01830,Customer_1830,34,Divorced,Employed,6,Leased,Middle,Master,19,677-50-4705,NY,0
CUST01831,Customer_1831,25,Divorced,Retired,4,Rented,Middle,Bachelor,12,761-30-3330,IL,0
CUST01832,Customer_1832,23,Widowed,Employed,3,Leased,Lower,PhD,9,248-19-1751,NC,0
CUST01833,Customer_1833,36,Widowed,Employed,6,Rented,Middle,None,1,193-66-3699,TX,0
CUST01834,Customer_1834,52,Widowed,Employed,5,Owned,Middle,Master,3,403-77-5661,WA,0
CUST01835,Customer_1835,21,Divorced,Retired,3,Rented,Middle,None,5,169-56-6949,FL,0
CUST01836,Customer_1836,34,Single,Self-Employed,2,Owned,Lower,PhD,4,645-87-6350,CA,1
CUST01837,Customer_1837,57,Married,Self-Employed,6,Owned,Middle,High School,14,830-56-6728,NC,1
CUST01838,Customer_1838,72,Divorced,Retired,4,Leased,Middle,PhD,13,239-98-1243,WA,0
CUST01839,Customer_1839,79,Married,Self-Employed,7,Leased,Middle,Master,8,970-61-4036,IL,0
CUST01840,Customer_1840,32,Single,Unemployed,3,Leased,Middle,Master,19,480-16-4690,TX,0
CUST01841,Customer_1841,24,Married,Self-Employed,2,Owned,Middle,PhD,8,163-48-2227,TX,1
CUST01842,Customer_1842,53,Married,Employed,1,Owned,Middle,High School,9,202-73-2613,FL,0
CUST01843,Customer_1843,76,Single,Retired,2,Leased,Middle,None,10,401-68-5541,OH,0
CUST01844,Customer_1844,44,Widowed,Self-Employed,6,Rented,Middle,None,11,561-49-6486,GA,0
CUST01845,Customer_1845,74,Married,Retired,3,Leased,Middle,None,4,686-21-9667,GA,0
CUST01846,Customer_1846,64,Widowed,Self-Employed,4,Leased,Lower,PhD,6,831-47-4353,NC,0
CUST01847,Customer_1847,73,Widowed,Retired,2,Rented,Middle,Bachelor,14,752-64-8225,FL,0
CUST01848,Customer_1848,76,Widowed,Employed,7,Owned,Upper,PhD,17,518-49-5214,TX,0
CUST01849,Customer_1849,24,Widowed,Unemployed,7,Leased,Upper,Bachelor,9,365-79-8165,WA,0
CUST01850,Customer_1850,43,Married,Self-Employed,6,Leased,Middle,Master,3,199-18-1673,TX,0
CUST01851,Customer_1851,21,Single,Retired,6,Leased,Middle,None,17,396-18-6126,OH,0
CUST01852,Customer_1852,20,Single,Self-Employed,4,Rented,Middle,High School,12,994-72-9343,FL,0
CUST01853,Customer_1853,47,Divorced,Retired,1,Owned,Middle,Master,9,233-72-7556,NC,0
CUST01854,Customer_1854,59,Single,Self-Employed,1,Leased,Upper,Master,12,502-76-1765,NY,0
CUST01855,Customer_1855,72,Single,Self-Employed,4,Rented,Middle,None,16,653-83-4538,TX,0
CUST01856,Customer_1856,26,Single,Unemployed,6,Owned,Lower,Master,1,270-10-3455,NY,0
CUST01857,Customer_1857,20,Married,Unemployed,1,Leased,Lower,Bachelor,7,838-84-6551,TX,0
CUST01858,Customer_1858,24,Married,Self-Employed,4,Owned,Lower,Bachelor,18,331-33-8600,TX,0
CUST01859,Customer_1859,75,Married,Employed,7,Leased,Upper,Bachelor,6,624-79-4332,IL,0
CUST01860,Customer_1860,59,Divorced,Employed,6,Leased,Lower,High School,19,852-51-7067,WA,0
CUST01861,Customer_1861,47,Widowed,Unemployed,4,Rented,Lower,PhD,6,865-41-8090,FL,0
CUST01862,Customer_1862,24,Divorced,Employed,5,Owned,Middle,PhD,9,687-54-8461,NC,0
CUST01863,Customer_1863,40,Divorced,Unemployed,1,Owned,Middle,High School,2,495-76-1687,OH,0
CUST01864,Customer_1864,25,Single,Retired,1,Owned,Middle,Master,14,874-95-9850,WA,0
CUST01865,Customer_1865,19,Single,Retired,3,Owned,Middle,PhD,5,858-71-7669,OH,0
CUST01866,Customer_1866,45,Single,Unemployed,6,Owned,Lower,PhD,17,934-74-3445,TX,0
CUST01867,Customer_1867,49,Widowed,Self-Employed,1,Owned,Middle,High School,3,243-96-2251,IL,0
CUST01868,Customer_1868,46,Single,Unemployed,6,Owned,Upper,High School,3,918-93-1371,CA,0
CUST01869,Customer_1869,72,Widowed,Employed,2,Owned,Middle,High School,9,825-62-4505,FL,0
CUST01870,Customer_1870,74,Widowed,Retired,1,Leased,Middle,Master,2,552-48-8339,OH,0
CUST01871,Customer_1871,25,Widowed,Employed,1,Leased,Middle,None,7,470-21-4571,WA,0
CUST01872,Customer_1872,35,Married,Unemployed,5,Owned,Middle,High School,14,574-50-5510,GA,0
CUST01873,Customer_1873,49,Single,Self-Employed,1,Rented,Lower,PhD,10,987-45-8360,NY,0
CUST01874,Customer_1874,42,Single,Employed,4,Rented,Upper,PhD,11,991-83-5855,GA,0
CUST01875,Customer_1875,45,Widowed,Employed,7,Rented,Middle,None,2,989-46-3514,FL,0
CUST01876,Customer_1876,61,Married,Unemployed,5,Rented,Middle,Master,13,869-91-2251,CA,0
CUST01877,Customer_1877,29,Married,Unemployed,3,Leased,Lower,None,2,387-35-8378,NC,0
CUST01878,Customer_1878,69,Single,Employed,7,Owned,Lower,Master,11,350-69-9402,MI,0
CUST01879,Customer_1879,34,Married,Employed,1,Leased,Lower,Bachelor,16,918-88-5763,GA,0
CUST01880,Customer_1880,39,Married,Unemployed,2,Rented,Lower,None,14,645-74-3876,IL,0
CUST01881,Customer_1881,31,Divorced,Unemployed,2,Leased,Middle,Master,7,550-51-8204,IL,0
CUST01882,Customer_1882,57,Widowed,Self-Employed,1,Owned,Middle,Bachelor,3,613-49-5860,NY,0
CUST01883,Customer_1883,61,Married,Employed,7,Leased,Middle,PhD,16,254-32-8205,WA,0
CUST01884,Customer_1884,56,Married,Employed,2,Owned,Middle,Master,5,217-70-9167,OH,0
CUST01885,Customer_1885,48,Married,Employed,1,Owned,Middle,PhD,10,714-67-7455,MI,0
CUST01886,Customer_1886,36,Single,Employed,7,Owned,Upper,PhD,5,230-22-9907,CA,0
CUST01887,Customer_1887,60,Single,Unemployed,7,Leased,Middle,High School,1,483-46-2425,NY,1
CUST01888,Customer_1888,25,Single,Self-Employed,2,Rented,Middle,Master,8,758-13-2590,FL,0
CUST01889,Customer_1889,37,Single,Employed,3,Owned,Upper,None,11,301-93-9549,TX,0
CUST01890,Customer_1890,60,Single,Unemployed,5,Owned,Lower,PhD,15,171-22-9601,WA,0
CUST01891,Customer_1891,60,Single,Unemployed,3,Leased,Upper,PhD,14,670-74-6107,CA,0
CUST01892,Customer_1892,34,Widowed,Employed,6,Rented,Lower,None,16,304-75-2627,OH,0
CUST01893,Customer_1893,39,Single,Unemployed,2,Rented,Upper,Bachelor,16,126-84-4418,FL,0
CUST01894,Customer_1894,37,Divorced,Employed,6,Owned,Lower,PhD,8,135-48-2028,CA,1
CUST01895,Customer_1895,72,Single,Unemployed,4,Owned,Middle,High School,7,523-69-4042,WA,0
CUST01896,Customer_1896,53,Married,Self-Employed,1,Rented,Middle,High School,12,169-89-5870,FL,0
CUST01897,Customer_1897,25,Divorced,Employed,5,Leased,Middle,PhD,10,120-61-9313,NY,0
CUST01898,Customer_1898,27,Divorced,Retired,1,Leased,Middle,Bachelor,6,116-80-4394,TX,0
CUST01899,Customer_1899,22,Widowed,Employed,6,Rented,Lower,PhD,1,736-12-9161,GA,1
CUST01900,Customer_1900,32,Married,Retired,7,Owned,Upper,None,10,969-58-2937,WA,1
CUST01901,Customer_1901,31,Divorced,Self-Employed,2,Leased,Middle,None,9,235-71-8140,NY,0
CUST01902,Customer_1902,45,Married,Unemployed,4,Leased,Middle,High School,18,705-53-7949,MI,1
CUST01903,Customer_1903,64,Married,Unemployed,3,Rented,Middle,Bachelor,16,762-39-7990,IL,0
CUST01904,Customer_1904,72,Married,Self-Employed,1,Leased,Middle,Master,6,265-83-5773,OH,0
CUST01905,Customer_1905,52,Widowed,Unemployed,5,Owned,Upper,High School,3,771-71-1863,MI,0
CUST01906,Customer_1906,65,Widowed,Self-Employed,1,Leased,Middle,None,15,779-79-1440,WA,0
CUST01907,Customer_1907,58,Married,Unemployed,1,Leased,Middle,None,10,303-76-4247,GA,0
CUST01908,Customer_1908,37,Divorced,Employed,6,Leased,Middle,PhD,1,201-86-5721,NY,1
CUST01909,Customer_1909,55,Widowed,Self-Employed,2,Rented,Middle,Bachelor,15,454-59-4597,IL,0
CUST01910,Customer_1910,36,Married,Employed,7,Rented,Lower,High School,7,214-59-9675,MI,0
CUST01911,Customer_1911,37,Married,Self-Employed,5,Owned,Middle,None,4,955-66-2463,NY,1
CUST01912,Customer_1912,79,Widowed,Employed,4,Rented,Middle,PhD,13,301-38-1458,IL,0
CUST01913,Customer_1913,74,Married,Self-Employed,3,Rented,Lower,None,15,225-78-4861,NC,0
CUST01914,Customer_1914,58,Single,Retired,3,Leased,Lower,Bachelor,15,856-15-1815,MI,0
CUST01915,Customer_1915,54,Divorced,Self-Employed,2,Leased,Lower,High School,6,720-32-3033,IL,0
CUST01916,Customer_1916,60,Single,Self-Employed,5,Owned,Middle,None,12,677-91-4770,WA,0
CUST01917,Customer_1917,64,Divorced,Retired,5,Owned,Lower,High School,9,785-40-8551,MI,0
CUST01918,Customer_1918,21,Single,Employed,1,Owned,Middle,Master,17,481-23-5547,IL,0
CUST01919,Customer_1919,40,Married,Unemployed,3,Owned,Lower,Master,4,362-26-2654,FL,0
CUST01920,Customer_1920,24,Single,Unemployed,7,Leased,Middle,Master,16,448-10-1628,TX,0
CUST01921,Customer_1921,50,Divorced,Self-Employed,4,Leased,Middle,Master,7,630-10-7948,TX,0
CUST01922,Customer_1922,36,Single,Self-Employed,2,Rented,Lower,High School,12,976-26-1493,TX,0
CUST01923,Customer_1923,38,Married,Unemployed,2,Rented,Middle,PhD,10,289-13-3422,CA,0
CUST01924,Customer_1924,70,Widowed,Self-Employed,2,Rented,Middle,Bachelor,7,900-82-9783,FL,0
CUST01925,Customer_1925,30,Widowed,Self-Employed,7,Leased,Lower,High School,5,829-85-6328,WA,0
CUST01926,Customer_1926,74,Married,Unemployed,3,Owned,Middle,Master,7,225-78-6755,FL,1
CUST01927,Customer_1927,44,Divorced,Self-Employed,3,Leased,Middle,Bachelor,12,964-72-5909,NY,0
CUST01928,Customer_1928,29,Married,Retired,1,Owned,Middle,PhD,12,793-68-2015,NY,0
CUST01929,Customer_1929,26,Single,Self-Employed,7,Owned,Middle,Bachelor,12,649-44-2464,OH,1
CUST01930,Customer_1930,62,Single,Unemployed,3,Leased,Middle,Master,13,348-84-6889,OH,0
CUST01931,Customer_1931,73,Widowed,Unemployed,5,Rented,Middle,Master,1,152-40-7169,OH,0
CUST01932,Customer_1932,72,Single,Retired,6,Leased,Lower,None,8,557-79-6637,CA,0
CUST01933,Customer_1933,28,Married,Self-Employed,3,Leased,Middle,High School,6,133-87-6133,NY,0
CUST01934,Customer_1934,72,Single,Employed,4,Rented,Lower,High School,8,927-29-7240,WA,0
CUST01935,Customer_1935,31,Widowed,Self-Employed,1,Leased,Middle,None,8,126-23-8944,WA,0
CUST01936,Customer_1936,46,Single,Unemployed,5,Rented,Lower,Bachelor,4,899-94-2840,CA,1
CUST01937,Customer_1937,18,Divorced,Self-Employed,5,Rented,Middle,PhD,19,901-14-4605,GA,0
CUST01938,Customer_1938,34,Married,Retired,2,Owned,Middle,Master,1,493-80-7161,TX,0
CUST01939,Customer_1939,37,Divorced,Employed,2,Leased,Middle,PhD,12,422-23-4286,OH,0
CUST01940,Customer_1940,77,Single,Self-Employed,3,Owned,Lower,PhD,9,369-69-1720,CA,1
CUST01941,Customer_1941,35,Single,Retired,5,Owned,Lower,Bachelor,14,469-65-6816,NC,0
CUST01942,Customer_1942,35,Single,Retired,4,Leased,Lower,Master,16,736-35-5676,WA,0
CUST01943,Customer_1943,34,Divorced,Employed,1,Leased,Middle,Bachelor,13,188-49-9837,TX,0
CUST01944,Customer_1944,33,Divorced,Retired,5,Leased,Middle,Bachelor,15,862-65-4772,IL,0
CUST01945,Customer_1945,51,Widowed,Self-Employed,5,Rented,Middle,Master,6,909-49-7869,TX,0
CUST01946,Customer_1946,30,Widowed,Unemployed,2,Leased,Upper,High School,19,619-11-7333,TX,0
CUST01947,Customer_1947,36,Widowed,Employed,4,Rented,Lower,High School,2,903-79-6532,NC,0
CUST01948,Customer_1948,51,Single,Employed,6,Owned,Middle,PhD,13,136-12-8659,TX,0
CUST01949,Customer_1949,64,Divorced,Unemployed,3,Leased,Lower,High School,3,526-50-6767,TX,1
CUST01950,Customer_1950,24,Divorced,Self-Employed,1,Rented,Lower,None,5,914-48-5826,NY,0
CUST01951,Customer_1951,39,Divorced,Employed,7,Leased,Middle,PhD,16,602-52-6908,NY,0
CUST01952,Customer_1952,53,Divorced,Unemployed,1,Owned,Middle,None,13,275-43-5225,WA,1
CUST01953,Customer_1953,74,Divorced,Employed,1,Rented,Middle,Master,13,566-53-4765,NY,0
CUST01954,Customer_1954,76,Divorced,Retired,2,Rented,Lower,PhD,16,904-81-8982,OH,0
CUST01955,Customer_1955,72,Divorced,Employed,6,Leased,Middle,High School,6,634-53-4877,TX,0
CUST01956,Customer_1956,49,Divorced,Employed,5,Rented,Upper,PhD,13,879-69-8688,NY,0
CUST01957,Customer_1957,24,Single,Self-Employed,2,Owned,Middle,Bachelor,4,864-94-5907,FL,0
CUST01958,Customer_1958,77,Divorced,Self-Employed,1,Owned,Middle,PhD,10,425-90-2909,NY,1
CUST01959,Customer_1959,56,Single,Unemployed,7,Owned,Middle,Bachelor,8,390-94-7425,NY,0
CUST01960,Customer_1960,74,Widowed,Employed,1,Owned,Lower,PhD,12,625-57-5199,TX,0
CUST01961,Customer_1961,75,Widowed,Retired,7,Leased,Middle,None,2,905-46-5314,OH,0
CUST01962,Customer_1962,67,Single,Self-Employed,4,Rented,Upper,High School,1,176-20-2836,OH,0
CUST01963,Customer_1963,44,Widowed,Unemployed,2,Leased,Middle,High School,1,369-35-7000,OH,0
CUST01964,Customer_1964,55,Married,Retired,3,Leased,Lower,Bachelor,6,595-10-5649,IL,0
CUST01965,Customer_1965,60,Divorced,Retired,3,Leased,Middle,Master,11,173-58-1451,OH,0
CUST01966,Customer_1966,72,Divorced,Unemployed,2,Owned,Upper,None,3,168-83-1087,NC,1
CUST01967,Customer_1967,32,Single,Employed,4,Leased,Middle,Master,19,974-51-8434,FL,0
CUST01968,Customer_1968,52,Widowed,Unemployed,5,Rented,Middle,None,8,273-51-9024,TX,0
CUST01969,Customer_1969,54,Divorced,Self-Employed,4,Leased,Middle,PhD,6,169-48-2105,GA,0
CUST01970,Customer_1970,30,Married,Unemployed,5,Leased,Lower,PhD,17,416-96-5895,TX,0
CUST01971,Customer_1971,42,Divorced,Employed,7,Leased,Lower,None,4,400-65-3534,NY,0
CUST01972,Customer_1972,75,Widowed,Unemployed,1,Rented,Middle,Bachelor,4,173-60-7671,OH,0
CUST01973,Customer_1973,18,Divorced,Retired,6,Owned,Upper,PhD,8,260-22-6380,OH,0
CUST01974,Customer_1974,49,Divorced,Unemployed,2,Owned,Middle,PhD,2,447-93-4211,NC,0
CUST01975,Customer_1975,55,Widowed,Retired,1,Rented,Middle,None,13,452-60-9800,IL,0
CUST01976,Customer_1976,74,Divorced,Employed,3,Owned,Middle,Bachelor,15,719-69-8206,IL,0
CUST01977,Customer_1977,35,Single,Unemployed,3,Owned,Lower,PhD,7,833-56-3578,CA,0
CUST01978,Customer_1978,42,Widowed,Employed,7,Owned,Upper,Bachelor,17,239-60-7262,NC,0
CUST01979,Customer_1979,22,Widowed,Employed,3,Leased,Upper,None,1,429-52-5008,FL,0
CUST01980,Customer_1980,38,Divorced,Retired,6,Leased,Upper,Master,11,629-82-4992,MI,0
CUST01981,Customer_1981,79,Single,Employed,7,Owned,Upper,None,14,566-47-3716,GA,0
CUST01982,Customer_1982,65,Divorced,Self-Employed,3,Owned,Middle,Master,8,730-64-5716,WA,0
CUST01983,Customer_1983,44,Single,Employed,2,Leased,Middle,High School,18,364-87-8241,MI,0
CUST01984,Customer_1984,57,Widowed,Self-Employed,7,Rented,Lower,Bachelor,9,768-82-5286,NY,0
CUST01985,Customer_1985,77,Widowed,Employed,4,Owned,Upper,PhD,18,664-29-8046,NY,0
CUST01986,Customer_1986,45,Single,Self-Employed,4,Owned,Middle,PhD,13,115-55-2848,WA,0
CUST01987,Customer_1987,36,Single,Unemployed,6,Rented,Lower,Master,5,635-35-9678,MI,0
CUST01988,Customer_1988,72,Widowed,Unemployed,3,Owned,Middle,PhD,16,206-83-7021,NC,0
CUST01989,Customer_1989,70,Widowed,Retired,4,Leased,Lower,Master,1,995-39-7344,WA,0
CUST01990,Customer_1990,50,Widowed,Employed,7,Rented,Middle,High School,4,127-70-4931,GA,0
CUST01991,Customer_1991,18,Single,Self-Employed,1,Owned,Upper,High School,15,753-79-5378,CA,1
CUST01992,Customer_1992,18,Divorced,Unemployed,6,Owned,Middle,Bachelor,18,405-73-9120,OH,0
CUST01993,Customer_1993,25,Widowed,Employed,3,Rented,Lower,High School,8,423-85-4993,NY,0
CUST01994,Customer_1994,60,Single,Employed,4,Rented,Lower,PhD,13,899-67-7009,CA,1
CUST01995,Customer_1995,28,Married,Self-Employed,7,Rented,Middle,None,14,718-81-8750,OH,0
CUST01996,Customer_1996,21,Married,Retired,5,Owned,Middle,None,15,449-76-7238,OH,0
CUST01997,Customer_1997,60,Divorced,Unemployed,3,Owned,Middle,Master,18,631-29-5188,NC,0
CUST01998,Customer_1998,47,Married,Unemployed,7,Owned,Upper,None,2,284-22-9491,NC,0
CUST01999,Customer_1999,50,Married,Unemployed,5,Owned,Upper,PhD,4,750-58-4976,NY,0
CUST02000,Customer_2000,29,Married,Retired,2,Leased,Lower,High School,18,164-41-2775,WA,0
