POLICY_NUMBER,CUSTOMER_ID,AGENT_ID,INSURANCE_TYPE,POLICY_EFF_DT,PREMIUM_AMOUNT,RISK_SEGMENTATION,CLAIM_STATUS,STATE,IS_FRAUD
POL000001,CUST00001,AGT0068,Home,2018-08-07,1928,Medium,Rejected,WA,0
POL000002,CUST00002,AGT0044,Home,2021-09-07,4292,High,Rejected,OH,0
POL000003,CUST00003,AGT0105,Auto,2015-10-21,658,Low,Approved,GA,0
POL000004,CUST00004,AGT0133,Auto,2023-02-10,2508,Low,Approved,NY,0
POL000005,CUST00005,AGT0053,Home,2019-08-22,4104,Medium,Approved,MI,1
POL000006,CUST00006,AGT0154,Home,2020-05-21,4788,Medium,Approved,CA,0
POL000007,CUST00007,AGT0128,Home,2016-09-14,1631,Medium,Approved,FL,0
POL000008,CUST00008,AGT0034,Auto,2019-10-03,3428,Medium,Under Investigation,WA,0
POL000009,CUST00009,AGT0188,Home,2015-01-11,1353,Medium,Approved,IL,1
POL000010,CUST00010,AGT0009,Auto,2023-01-04,1021,Medium,Approved,TX,0
POL000011,CUST00011,AGT0131,Auto,2021-09-26,2088,High,Rejected,IL,0
POL000012,CUST00012,AGT0088,Home,2019-02-02,4482,Medium,Approved,FL,0
POL000013,CUST00013,AGT0131,Life,2022-07-09,3602,Medium,Approved,OH,0
POL000014,CUST00014,AGT0155,Life,2022-04-20,2701,Low,Approved,FL,0
POL000015,CUST00015,AGT0138,Travel,2016-01-27,1772,Low,Under Investigation,NY,0
POL000016,CUST00016,AGT0131,Travel,2015-06-26,1137,Low,Approved,WA,0
POL000017,CUST00017,AGT0169,Health,2017-04-13,1718,Medium,Rejected,CA,0
POL000018,CUST00018,AGT0141,Life,2015-01-05,1187,Medium,Rejected,NC,1
POL000019,CUST00019,AGT0163,Auto,2020-02-27,1341,Low,Approved,CA,0
POL000020,CUST00020,AGT0081,Travel,2019-10-02,3593,Medium,Rejected,IL,0
POL000021,CUST00021,AGT0041,Health,2019-11-03,1097,Low,Approved,GA,0
POL000022,CUST00022,AGT0047,Life,2015-08-30,713,Low,Approved,WA,0
POL000023,CUST00023,AGT0123,Travel,2023-04-06,2940,High,Approved,FL,0
POL000024,CUST00024,AGT0107,Life,2023-10-14,1789,Low,Under Investigation,CA,0
POL000025,CUST00025,AGT0016,Travel,2020-04-24,2546,Low,Approved,NC,0
POL000026,CUST00026,AGT0041,Auto,2015-01-19,1129,Low,Approved,MI,0
POL000027,CUST00027,AGT0194,Auto,2018-07-25,1444,Low,Under Investigation,OH,0
POL000028,CUST00028,AGT0146,Life,2021-06-17,2484,Medium,Approved,CA,1
POL000029,CUST00029,AGT0151,Home,2021-09-26,3605,High,Under Investigation,OH,0
POL000030,CUST00030,AGT0040,Auto,2017-03-10,2364,Medium,Rejected,NY,0
POL000031,CUST00031,AGT0013,Life,2022-05-27,2937,Medium,Approved,IL,0
POL000032,CUST00032,AGT0059,Auto,2023-09-15,2848,Low,Rejected,CA,0
POL000033,CUST00033,AGT0172,Travel,2019-07-30,1709,Medium,Rejected,NY,0
POL000034,CUST00034,AGT0102,Auto,2018-06-07,1758,Low,Approved,WA,0
POL000035,CUST00035,AGT0157,Home,2019-09-25,2415,Low,Under Investigation,CA,0
POL000036,CUST00036,AGT0098,Travel,2015-03-31,644,High,Under Investigation,WA,0
POL000037,CUST00037,AGT0099,Home,2019-09-17,3584,Low,Under Investigation,OH,1
POL000038,CUST00038,AGT0121,Life,2015-03-30,3264,Low,Rejected,OH,0
POL000039,CUST00039,AGT0192,Life,2015-04-25,1877,Low,Approved,WA,0
POL000040,CUST00040,AGT0088,Travel,2019-12-24,2181,Medium,Approved,FL,0
POL000041,CUST00041,AGT0120,Home,2019-08-06,1979,Low,Approved,WA,0
POL000042,CUST00042,AGT0184,Travel,2023-11-17,3431,Low,Approved,FL,0
POL000043,CUST00043,AGT0075,Home,2019-07-27,3918,Medium,Rejected,NY,0
POL000044,CUST00044,AGT0168,Travel,2023-10-25,989,Low,Rejected,IL,0
POL000045,CUST00045,AGT0108,Life,2022-04-06,2359,High,Approved,GA,0
POL000046,CUST00046,AGT0176,Auto,2018-01-13,561,Low,Approved,NY,0
POL000047,CUST00047,AGT0094,Life,2023-05-02,2535,Medium,Rejected,NC,0
POL000048,CUST00048,AGT0126,Travel,2019-05-06,1617,High,Approved,CA,0
POL000049,CUST00049,AGT0065,Auto,2020-05-08,2011,Medium,Under Investigation,GA,0
POL000050,CUST00050,AGT0128,Travel,2015-11-27,2554,Medium,Rejected,GA,1
POL000051,CUST00051,AGT0066,Auto,2016-11-29,1956,Low,Approved,OH,0
POL000052,CUST00052,AGT0122,Travel,2019-09-12,2273,Medium,Approved,GA,1
POL000053,CUST00053,AGT0158,Life,2017-06-10,3941,High,Rejected,NC,0
POL000054,CUST00054,AGT0087,Auto,2020-05-24,4146,Medium,Approved,WA,0
POL000055,CUST00055,AGT0086,Life,2015-09-20,526,High,Rejected,FL,0
POL000056,CUST00056,AGT0065,Auto,2017-04-04,2200,Medium,Approved,IL,0
POL000057,CUST00057,AGT0147,Home,2020-12-25,4310,Medium,Approved,OH,0
POL000058,CUST00058,AGT0119,Travel,2020-07-04,2886,Low,Approved,NY,0
POL000059,CUST00059,AGT0104,Health,2023-11-07,1423,Medium,Rejected,WA,1
POL000060,CUST00060,AGT0006,Auto,2023-02-04,3170,High,Under Investigation,OH,1
POL000061,CUST00061,AGT0023,Home,2022-04-17,1152,Medium,Under Investigation,OH,0
POL000062,CUST00062,AGT0002,Health,2015-01-04,598,Low,Approved,TX,0
POL000063,CUST00063,AGT0171,Auto,2020-06-02,3345,Medium,Rejected,IL,0
POL000064,CUST00064,AGT0171,Home,2017-01-22,2818,Medium,Approved,GA,0
POL000065,CUST00065,AGT0014,Health,2017-05-27,3904,High,Approved,IL,0
POL000066,CUST00066,AGT0010,Auto,2016-11-20,2051,Low,Under Investigation,NC,0
POL000067,CUST00067,AGT0157,Health,2019-02-07,4344,Low,Approved,TX,0
POL000068,CUST00068,AGT0105,Auto,2016-02-12,2395,Low,Under Investigation,TX,0
POL000069,CUST00069,AGT0062,Travel,2019-10-14,3821,Low,Approved,NY,1
POL000070,CUST00070,AGT0123,Travel,2016-06-29,951,High,Approved,NY,0
POL000071,CUST00071,AGT0048,Health,2019-07-03,937,Low,Approved,MI,0
POL000072,CUST00072,AGT0040,Travel,2020-08-18,4022,Medium,Under Investigation,MI,0
POL000073,CUST00073,AGT0074,Home,2016-08-13,4252,Low,Approved,IL,0
POL000074,CUST00074,AGT0180,Travel,2015-12-04,4740,Low,Rejected,OH,0
POL000075,CUST00075,AGT0154,Auto,2022-04-03,1960,High,Approved,FL,1
POL000076,CUST00076,AGT0039,Health,2021-08-23,600,Low,Rejected,OH,0
POL000077,CUST00077,AGT0113,Life,2017-05-09,4909,Low,Approved,NC,0
POL000078,CUST00078,AGT0177,Health,2022-12-24,3206,Low,Approved,NC,0
POL000079,CUST00079,AGT0191,Travel,2016-12-27,1612,High,Rejected,WA,0
POL000080,CUST00080,AGT0153,Home,2023-05-03,3937,High,Rejected,OH,0
POL000081,CUST00081,AGT0026,Home,2016-01-08,4567,Low,Approved,NY,0
POL000082,CUST00082,AGT0049,Home,2020-12-09,1781,Medium,Approved,CA,0
POL000083,CUST00083,AGT0044,Life,2015-03-04,3963,Low,Approved,GA,0
POL000084,CUST00084,AGT0031,Auto,2016-10-10,4044,Medium,Under Investigation,MI,0
POL000085,CUST00085,AGT0036,Life,2018-08-22,2757,Low,Rejected,OH,1
POL000086,CUST00086,AGT0064,Life,2015-10-08,3345,Medium,Rejected,WA,1
POL000087,CUST00087,AGT0112,Travel,2019-02-10,1712,High,Rejected,NY,0
POL000088,CUST00088,AGT0080,Travel,2017-02-01,4681,Low,Rejected,CA,0
POL000089,CUST00089,AGT0085,Life,2015-11-22,4923,Low,Approved,GA,0
POL000090,CUST00090,AGT0050,Home,2023-08-27,4914,Low,Approved,TX,0
POL000091,CUST00091,AGT0031,Home,2023-11-01,3817,Low,Rejected,CA,0
POL000092,CUST00092,AGT0200,Health,2023-08-29,690,Low,Approved,NC,0
POL000093,CUST00093,AGT0120,Travel,2016-05-21,2149,Low,Approved,IL,0
POL000094,CUST00094,AGT0046,Health,2018-06-08,2502,High,Rejected,GA,0
POL000095,CUST00095,AGT0162,Home,2017-12-11,4819,Low,Under Investigation,NC,0
POL000096,CUST00096,AGT0167,Auto,2017-12-06,2961,High,Rejected,NY,0
POL000097,CUST00097,AGT0194,Health,2018-09-30,2912,Low,Approved,GA,0
POL000098,CUST00098,AGT0032,Health,2019-08-03,1160,Medium,Under Investigation,OH,1
POL000099,CUST00099,AGT0128,Home,2019-05-14,4071,Low,Approved,OH,1
POL000100,CUST00100,AGT0197,Home,2017-08-16,2013,High,Approved,NC,0
POL000101,CUST00101,AGT0162,Life,2023-10-25,913,Low,Under Investigation,NY,0
POL000102,CUST00102,AGT0046,Home,2023-10-25,4944,Low,Rejected,OH,0
POL000103,CUST00103,AGT0179,Auto,2017-12-24,1355,Medium,Under Investigation,OH,0
POL000104,CUST00104,AGT0085,Home,2016-12-27,573,Medium,Rejected,TX,0
POL000105,CUST00105,AGT0098,Auto,2019-10-17,850,Medium,Rejected,FL,0
POL000106,CUST00106,AGT0112,Travel,2018-04-28,2536,Low,Approved,CA,0
POL000107,CUST00107,AGT0155,Life,2023-11-18,963,Low,Approved,TX,0
POL000108,CUST00108,AGT0025,Health,2018-11-11,4291,Medium,Under Investigation,IL,0
POL000109,CUST00109,AGT0108,Health,2015-05-11,2806,Medium,Under Investigation,WA,1
POL000110,CUST00110,AGT0164,Auto,2016-02-15,1957,Medium,Approved,WA,0
POL000111,CUST00111,AGT0110,Health,2015-09-03,514,Low,Approved,NC,0
POL000112,CUST00112,AGT0055,Auto,2018-06-11,2659,Low,Approved,OH,0
POL000113,CUST00113,AGT0012,Travel,2017-11-06,1180,High,Approved,FL,0
POL000114,CUST00114,AGT0110,Auto,2022-09-16,4901,Medium,Under Investigation,NY,0
POL000115,CUST00115,AGT0141,Life,2023-01-05,1809,Low,Approved,NC,0
POL000116,CUST00116,AGT0110,Home,2016-04-06,2636,High,Approved,WA,0
POL000117,CUST00117,AGT0196,Health,2023-07-01,583,Medium,Under Investigation,WA,0
POL000118,CUST00118,AGT0121,Travel,2020-04-03,1089,Low,Approved,NY,0
POL000119,CUST00119,AGT0102,Auto,2017-10-05,1433,Low,Approved,IL,0
POL000120,CUST00120,AGT0012,Travel,2018-08-29,732,Medium,Approved,OH,0
POL000121,CUST00121,AGT0112,Life,2018-12-21,3766,Low,Approved,CA,0
POL000122,CUST00122,AGT0034,Life,2016-07-14,4754,Medium,Approved,TX,0
POL000123,CUST00123,AGT0145,Travel,2022-10-21,4934,Medium,Approved,CA,1
POL000124,CUST00124,AGT0033,Home,2015-02-10,1696,Low,Approved,NC,0
POL000125,CUST00125,AGT0182,Health,2015-08-18,4049,High,Approved,FL,1
POL000126,CUST00126,AGT0061,Auto,2017-06-17,2768,Low,Approved,NC,0
POL000127,CUST00127,AGT0087,Travel,2016-04-16,706,Low,Approved,NY,0
POL000128,CUST00128,AGT0029,Home,2015-07-23,908,Medium,Under Investigation,NC,1
POL000129,CUST00129,AGT0043,Travel,2018-06-13,2965,Medium,Approved,TX,1
POL000130,CUST00130,AGT0185,Health,2018-05-23,2406,Low,Approved,NY,0
POL000131,CUST00131,AGT0057,Travel,2016-02-17,537,Medium,Under Investigation,FL,0
POL000132,CUST00132,AGT0103,Travel,2022-04-16,4685,High,Approved,IL,0
POL000133,CUST00133,AGT0197,Health,2022-12-10,3786,Medium,Approved,OH,0
POL000134,CUST00134,AGT0125,Home,2021-06-22,2760,Medium,Rejected,TX,0
POL000135,CUST00135,AGT0009,Life,2019-09-12,4941,Low,Approved,GA,0
POL000136,CUST00136,AGT0072,Health,2023-07-11,4870,Low,Approved,WA,1
POL000137,CUST00137,AGT0078,Auto,2018-02-25,4882,Medium,Rejected,CA,0
POL000138,CUST00138,AGT0056,Health,2018-11-04,1664,Low,Rejected,CA,0
POL000139,CUST00139,AGT0049,Home,2015-02-19,4464,Medium,Approved,WA,0
POL000140,CUST00140,AGT0101,Auto,2021-05-14,2770,Low,Approved,GA,1
POL000141,CUST00141,AGT0076,Health,2015-10-31,3767,Low,Approved,WA,0
POL000142,CUST00142,AGT0059,Travel,2020-12-26,4367,Low,Rejected,NC,0
POL000143,CUST00143,AGT0083,Auto,2022-01-15,1234,Low,Approved,NC,0
POL000144,CUST00144,AGT0069,Auto,2016-12-14,2517,Low,Approved,TX,0
POL000145,CUST00145,AGT0046,Home,2020-07-04,1080,Medium,Approved,OH,0
POL000146,CUST00146,AGT0091,Auto,2017-09-24,1757,Medium,Under Investigation,NY,0
POL000147,CUST00147,AGT0189,Auto,2018-08-01,2360,Low,Approved,MI,0
POL000148,CUST00148,AGT0102,Auto,2019-10-08,4349,Low,Approved,CA,0
POL000149,CUST00149,AGT0120,Auto,2017-03-30,4381,Medium,Approved,CA,0
POL000150,CUST00150,AGT0197,Travel,2022-03-02,2254,Low,Rejected,OH,1
POL000151,CUST00151,AGT0123,Auto,2018-07-20,1981,Medium,Approved,WA,0
POL000152,CUST00152,AGT0045,Home,2019-02-26,2888,Medium,Under Investigation,WA,0
POL000153,CUST00153,AGT0080,Life,2022-05-01,4603,Medium,Approved,OH,1
POL000154,CUST00154,AGT0098,Life,2017-01-18,4894,High,Approved,IL,0
POL000155,CUST00155,AGT0095,Life,2019-01-26,1520,Medium,Approved,FL,1
POL000156,CUST00156,AGT0030,Health,2023-12-09,1339,High,Approved,WA,0
POL000157,CUST00157,AGT0022,Travel,2018-08-06,3680,High,Approved,TX,0
POL000158,CUST00158,AGT0070,Auto,2016-01-15,1856,Low,Rejected,TX,0
POL000159,CUST00159,AGT0183,Auto,2017-07-23,1398,Low,Approved,OH,0
POL000160,CUST00160,AGT0144,Travel,2023-08-08,639,Low,Rejected,NY,0
POL000161,CUST00161,AGT0169,Auto,2021-10-30,2314,Low,Approved,IL,1
POL000162,CUST00162,AGT0035,Auto,2022-04-12,2263,Medium,Approved,WA,0
POL000163,CUST00163,AGT0083,Auto,2017-04-13,3033,Low,Approved,FL,0
POL000164,CUST00164,AGT0117,Auto,2022-07-19,1400,Low,Approved,MI,1
POL000165,CUST00165,AGT0087,Auto,2018-07-16,3714,Low,Approved,FL,0
POL000166,CUST00166,AGT0084,Home,2022-02-25,3560,Medium,Under Investigation,NY,0
POL000167,CUST00167,AGT0072,Life,2022-12-04,2580,Medium,Under Investigation,CA,0
POL000168,CUST00168,AGT0011,Auto,2016-11-15,1315,High,Rejected,GA,0
POL000169,CUST00169,AGT0172,Travel,2023-06-11,2781,Low,Under Investigation,MI,0
POL000170,CUST00170,AGT0187,Auto,2020-09-09,3536,Low,Approved,MI,0
POL000171,CUST00171,AGT0017,Life,2021-07-29,2177,High,Approved,TX,0
POL000172,CUST00172,AGT0083,Travel,2021-10-22,1685,Medium,Approved,NC,0
POL000173,CUST00173,AGT0104,Home,2016-07-07,2779,Medium,Under Investigation,TX,0
POL000174,CUST00174,AGT0157,Home,2021-09-16,2098,Medium,Approved,GA,0
POL000175,CUST00175,AGT0198,Auto,2016-11-30,2302,Low,Approved,NC,0
POL000176,CUST00176,AGT0084,Health,2017-06-11,2069,High,Rejected,TX,1
POL000177,CUST00177,AGT0150,Travel,2016-01-18,1865,Medium,Approved,TX,0
POL000178,CUST00178,AGT0188,Health,2016-08-18,3725,Medium,Rejected,CA,0
POL000179,CUST00179,AGT0167,Auto,2023-10-22,2571,Medium,Approved,NC,0
POL000180,CUST00180,AGT0059,Life,2017-12-14,2599,Low,Rejected,GA,0
POL000181,CUST00181,AGT0164,Life,2018-06-25,3438,Low,Under Investigation,TX,0
POL000182,CUST00182,AGT0083,Auto,2019-04-26,2125,Medium,Rejected,OH,0
POL000183,CUST00183,AGT0004,Auto,2021-05-31,954,Medium,Approved,NC,0
POL000184,CUST00184,AGT0152,Auto,2020-02-29,4336,Low,Approved,FL,0
POL000185,CUST00185,AGT0168,Auto,2019-10-28,750,Low,Approved,GA,0
POL000186,CUST00186,AGT0069,Life,2022-07-13,3073,High,Approved,FL,0
POL000187,CUST00187,AGT0091,Auto,2019-06-18,1696,Low,Approved,FL,0
POL000188,CUST00188,AGT0073,Life,2021-12-02,1462,Low,Approved,NY,1
POL000189,CUST00189,AGT0024,Auto,2023-03-13,688,Medium,Approved,NY,0
POL000190,CUST00190,AGT0199,Travel,2021-01-30,4550,Medium,Approved,IL,0
POL000191,CUST00191,AGT0005,Life,2015-04-27,2431,Medium,Under Investigation,FL,0
POL000192,CUST00192,AGT0112,Health,2017-05-15,2041,High,Approved,NY,0
POL000193,CUST00193,AGT0003,Home,2020-07-22,3835,Low,Approved,GA,1
POL000194,CUST00194,AGT0138,Auto,2019-04-23,675,High,Approved,NY,0
POL000195,CUST00195,AGT0181,Auto,2017-07-24,3040,High,Approved,GA,0
POL000196,CUST00196,AGT0129,Home,2018-01-07,2725,Medium,Under Investigation,TX,0
POL000197,CUST00197,AGT0122,Auto,2015-09-15,2990,Medium,Approved,TX,0
POL000198,CUST00198,AGT0166,Life,2017-02-10,1057,Low,Rejected,MI,0
POL000199,CUST00199,AGT0195,Health,2022-01-16,4786,Low,Rejected,IL,0
POL000200,CUST00200,AGT0173,Auto,2015-02-03,1573,Low,Rejected,GA,0
POL000201,CUST00201,AGT0047,Home,2022-07-12,3553,Low,Rejected,NC,0
POL000202,CUST00202,AGT0113,Home,2018-01-20,3861,High,Rejected,TX,0
POL000203,CUST00203,AGT0164,Life,2022-04-08,2047,Low,Approved,WA,0
POL000204,CUST00204,AGT0059,Auto,2017-04-21,1088,Medium,Approved,IL,1
POL000205,CUST00205,AGT0136,Home,2022-06-16,1835,Low,Rejected,MI,1
POL000206,CUST00206,AGT0005,Travel,2020-02-23,4131,Low,Approved,IL,0
POL000207,CUST00207,AGT0176,Health,2022-08-29,4579,Low,Approved,IL,1
POL000208,CUST00208,AGT0123,Travel,2015-07-24,4716,Low,Approved,GA,0
POL000209,CUST00209,AGT0149,Life,2022-03-05,1518,Medium,Approved,TX,1
POL000210,CUST00210,AGT0166,Home,2017-06-07,3229,High,Approved,GA,0
POL000211,CUST00211,AGT0044,Travel,2018-03-25,1179,Low,Approved,WA,0
POL000212,CUST00212,AGT0091,Travel,2015-05-28,3696,High,Approved,GA,0
POL000213,CUST00213,AGT0172,Health,2023-08-02,2371,Medium,Approved,CA,0
POL000214,CUST00214,AGT0033,Travel,2020-10-08,3711,Medium,Approved,GA,0
POL000215,CUST00215,AGT0165,Auto,2023-10-29,3583,Low,Rejected,CA,0
POL000216,CUST00216,AGT0058,Auto,2020-02-11,4967,Low,Approved,TX,0
POL000217,CUST00217,AGT0116,Auto,2016-06-03,2698,High,Rejected,FL,1
POL000218,CUST00218,AGT0102,Health,2018-01-13,2036,Medium,Approved,NY,1
POL000219,CUST00219,AGT0138,Travel,2018-12-16,2870,Low,Approved,CA,0
POL000220,CUST00220,AGT0168,Life,2016-04-29,1232,Medium,Rejected,CA,0
POL000221,CUST00221,AGT0070,Life,2023-05-19,1002,Low,Rejected,NC,0
POL000222,CUST00222,AGT0035,Auto,2023-08-14,2836,Medium,Rejected,IL,0
POL000223,CUST00223,AGT0085,Home,2020-01-26,4214,Low,Rejected,TX,0
POL000224,CUST00224,AGT0123,Health,2020-04-04,2899,High,Rejected,IL,0
POL000225,CUST00225,AGT0151,Home,2021-04-30,4018,Low,Rejected,GA,0
POL000226,CUST00226,AGT0151,Health,2021-02-09,1300,Low,Rejected,NC,0
POL000227,CUST00227,AGT0068,Health,2015-07-25,2522,Medium,Rejected,FL,1
POL000228,CUST00228,AGT0188,Travel,2019-10-13,3258,Low,Approved,TX,0
POL000229,CUST00229,AGT0017,Home,2021-12-28,2064,High,Approved,WA,0
POL000230,CUST00230,AGT0024,Home,2022-04-04,563,Medium,Approved,GA,1
POL000231,CUST00231,AGT0005,Auto,2020-05-12,830,Low,Approved,WA,1
POL000232,CUST00232,AGT0186,Life,2023-01-24,4674,Low,Rejected,NY,0
POL000233,CUST00233,AGT0037,Home,2020-04-10,3223,High,Approved,TX,0
POL000234,CUST00234,AGT0121,Health,2018-06-11,1690,Medium,Approved,NY,0
POL000235,CUST00235,AGT0163,Life,2018-12-25,1664,High,Rejected,NY,0
POL000236,CUST00236,AGT0154,Auto,2021-03-17,678,Low,Approved,NC,0
POL000237,CUST00237,AGT0190,Home,2022-12-22,4751,High,Rejected,NC,0
POL000238,CUST00238,AGT0011,Travel,2017-01-25,987,Medium,Approved,CA,0
POL000239,CUST00239,AGT0082,Home,2017-08-22,3917,Medium,Approved,OH,1
POL000240,CUST00240,AGT0102,Auto,2020-11-11,1581,Low,Approved,NY,1
POL000241,CUST00241,AGT0140,Health,2021-11-14,2010,Low,Approved,GA,0
POL000242,CUST00242,AGT0125,Auto,2018-08-04,1732,High,Approved,NY,0
POL000243,CUST00243,AGT0112,Home,2020-10-14,4210,High,Approved,OH,0
POL000244,CUST00244,AGT0062,Health,2015-01-23,647,Low,Approved,NC,0
POL000245,CUST00245,AGT0022,Auto,2017-08-16,2085,High,Approved,FL,0
POL000246,CUST00246,AGT0087,Life,2023-08-06,1757,Low,Rejected,TX,0
POL000247,CUST00247,AGT0052,Auto,2020-03-09,1728,Low,Approved,NC,0
POL000248,CUST00248,AGT0111,Health,2022-10-24,1368,Low,Approved,WA,0
POL000249,CUST00249,AGT0160,Travel,2016-12-16,4606,Low,Approved,IL,0
POL000250,CUST00250,AGT0111,Auto,2017-08-13,2203,Low,Under Investigation,WA,0
POL000251,CUST00251,AGT0117,Health,2023-10-09,2381,Low,Rejected,TX,0
POL000252,CUST00252,AGT0009,Health,2023-12-23,2233,Low,Under Investigation,MI,0
POL000253,CUST00253,AGT0129,Home,2022-11-21,4910,Medium,Under Investigation,WA,0
POL000254,CUST00254,AGT0088,Health,2017-11-08,2025,Medium,Approved,FL,0
POL000255,CUST00255,AGT0025,Travel,2022-03-18,2037,Medium,Rejected,TX,0
POL000256,CUST00256,AGT0043,Auto,2019-02-16,1975,Low,Approved,GA,0
POL000257,CUST00257,AGT0157,Travel,2022-08-05,1971,Medium,Under Investigation,MI,0
POL000258,CUST00258,AGT0184,Home,2022-08-29,903,Low,Approved,CA,1
POL000259,CUST00259,AGT0102,Auto,2018-11-29,3219,Medium,Approved,GA,1
POL000260,CUST00260,AGT0196,Auto,2017-09-27,613,Medium,Under Investigation,MI,0
POL000261,CUST00261,AGT0037,Auto,2023-10-09,1516,Low,Rejected,CA,1
POL000262,CUST00262,AGT0060,Health,2019-01-20,1409,Low,Under Investigation,OH,0
POL000263,CUST00263,AGT0187,Health,2018-11-19,1811,Medium,Approved,CA,0
POL000264,CUST00264,AGT0036,Life,2020-12-27,3904,High,Approved,TX,1
POL000265,CUST00265,AGT0132,Health,2023-06-05,3197,Medium,Approved,IL,0
POL000266,CUST00266,AGT0044,Life,2016-03-04,4958,High,Approved,NY,0
POL000267,CUST00267,AGT0067,Health,2023-11-09,2080,High,Approved,CA,0
POL000268,CUST00268,AGT0096,Health,2018-10-19,4678,Low,Approved,MI,0
POL000269,CUST00269,AGT0072,Health,2015-03-26,702,Medium,Rejected,FL,1
POL000270,CUST00270,AGT0175,Health,2017-10-13,2768,Low,Approved,MI,1
POL000271,CUST00271,AGT0195,Travel,2019-02-28,4094,Low,Rejected,TX,1
POL000272,CUST00272,AGT0101,Health,2021-02-01,2893,Low,Under Investigation,OH,0
POL000273,CUST00273,AGT0106,Health,2020-02-05,4699,High,Rejected,NC,1
POL000274,CUST00274,AGT0012,Travel,2016-03-22,1915,Medium,Approved,IL,0
POL000275,CUST00275,AGT0047,Life,2019-05-24,649,Low,Approved,IL,0
POL000276,CUST00276,AGT0008,Auto,2017-02-03,3982,Low,Approved,NC,0
POL000277,CUST00277,AGT0172,Travel,2017-06-04,806,Low,Rejected,CA,0
POL000278,CUST00278,AGT0046,Auto,2021-05-26,3941,Medium,Approved,MI,0
POL000279,CUST00279,AGT0069,Auto,2022-03-24,3800,High,Approved,GA,0
POL000280,CUST00280,AGT0169,Home,2016-05-28,4299,Low,Under Investigation,NC,0
POL000281,CUST00281,AGT0143,Life,2020-06-02,2655,Low,Rejected,IL,1
POL000282,CUST00282,AGT0125,Auto,2018-10-18,4529,Medium,Rejected,NY,0
POL000283,CUST00283,AGT0008,Life,2018-01-11,1264,Low,Approved,OH,0
POL000284,CUST00284,AGT0113,Auto,2021-05-31,2454,Medium,Under Investigation,GA,0
POL000285,CUST00285,AGT0113,Life,2017-03-28,1048,Low,Approved,WA,0
POL000286,CUST00286,AGT0064,Auto,2021-11-20,3950,Low,Approved,MI,0
POL000287,CUST00287,AGT0149,Home,2018-08-09,3714,Low,Under Investigation,CA,1
POL000288,CUST00288,AGT0186,Life,2015-11-08,4128,High,Under Investigation,TX,0
POL000289,CUST00289,AGT0052,Health,2022-02-16,3939,Low,Approved,WA,0
POL000290,CUST00290,AGT0067,Life,2022-08-31,1888,Low,Approved,NY,1
POL000291,CUST00291,AGT0065,Life,2020-01-25,806,Medium,Approved,OH,0
POL000292,CUST00292,AGT0167,Life,2021-07-06,4681,High,Rejected,CA,1
POL000293,CUST00293,AGT0016,Health,2016-04-29,2717,Low,Rejected,TX,0
POL000294,CUST00294,AGT0180,Life,2018-01-19,924,Low,Approved,IL,1
POL000295,CUST00295,AGT0156,Life,2018-02-23,4671,Medium,Approved,NC,0
POL000296,CUST00296,AGT0097,Health,2021-11-14,4974,Low,Rejected,NC,0
POL000297,CUST00297,AGT0117,Life,2018-03-02,2504,Medium,Rejected,MI,0
POL000298,CUST00298,AGT0179,Travel,2021-07-21,3965,Low,Approved,TX,0
POL000299,CUST00299,AGT0154,Travel,2017-10-05,663,Low,Approved,FL,0
POL000300,CUST00300,AGT0056,Life,2020-05-28,919,Low,Under Investigation,OH,0
POL000301,CUST00301,AGT0011,Life,2016-11-20,1744,Medium,Approved,OH,0
POL000302,CUST00302,AGT0132,Travel,2020-01-10,3453,Low,Approved,CA,1
POL000303,CUST00303,AGT0030,Health,2015-09-23,1100,Low,Rejected,IL,0
POL000304,CUST00304,AGT0018,Life,2021-08-11,653,Low,Approved,MI,0
POL000305,CUST00305,AGT0197,Auto,2015-04-06,3509,Medium,Under Investigation,TX,0
POL000306,CUST00306,AGT0095,Health,2023-12-28,3965,Low,Rejected,MI,0
POL000307,CUST00307,AGT0131,Travel,2022-07-19,3826,Medium,Approved,IL,0
POL000308,CUST00308,AGT0044,Health,2020-03-16,4096,Medium,Approved,OH,0
POL000309,CUST00309,AGT0021,Travel,2023-03-08,4112,Low,Rejected,GA,0
POL000310,CUST00310,AGT0013,Home,2022-04-11,3210,High,Approved,NC,1
POL000311,CUST00311,AGT0071,Health,2016-04-14,2837,High,Approved,GA,0
POL000312,CUST00312,AGT0001,Auto,2021-09-11,4355,Low,Approved,TX,0
POL000313,CUST00313,AGT0085,Home,2018-05-24,2066,Low,Approved,FL,0
POL000314,CUST00314,AGT0065,Home,2022-09-13,940,Low,Under Investigation,MI,0
POL000315,CUST00315,AGT0106,Home,2022-10-09,3883,Low,Rejected,CA,0
POL000316,CUST00316,AGT0118,Auto,2023-08-03,1741,Medium,Rejected,NC,0
POL000317,CUST00317,AGT0062,Health,2019-01-21,4904,High,Approved,OH,0
POL000318,CUST00318,AGT0092,Auto,2016-09-26,2363,High,Approved,TX,0
POL000319,CUST00319,AGT0016,Health,2016-02-16,4333,Low,Under Investigation,TX,0
POL000320,CUST00320,AGT0061,Travel,2016-06-27,691,Low,Approved,WA,0
POL000321,CUST00321,AGT0196,Auto,2023-12-04,3466,Low,Rejected,CA,0
POL000322,CUST00322,AGT0199,Life,2020-04-10,2516,Medium,Approved,CA,0
POL000323,CUST00323,AGT0098,Auto,2018-03-02,2581,Low,Approved,CA,0
POL000324,CUST00324,AGT0188,Home,2019-01-16,1693,High,Approved,GA,0
POL000325,CUST00325,AGT0101,Travel,2016-07-22,4870,High,Approved,WA,0
POL000326,CUST00326,AGT0026,Health,2020-02-19,2267,Low,Approved,TX,0
POL000327,CUST00327,AGT0174,Auto,2018-10-30,4327,Medium,Approved,NC,0
POL000328,CUST00328,AGT0084,Home,2022-03-07,2412,Medium,Approved,NC,0
POL000329,CUST00329,AGT0123,Health,2015-03-11,717,Medium,Approved,FL,0
POL000330,CUST00330,AGT0130,Travel,2023-05-20,4457,Low,Under Investigation,CA,0
POL000331,CUST00331,AGT0062,Travel,2015-07-19,1332,Low,Approved,IL,0
POL000332,CUST00332,AGT0147,Life,2018-10-03,1716,Medium,Rejected,CA,0
POL000333,CUST00333,AGT0101,Life,2018-01-24,4374,Low,Approved,TX,0
POL000334,CUST00334,AGT0074,Life,2021-06-17,4521,Medium,Approved,IL,0
POL000335,CUST00335,AGT0060,Life,2020-12-02,4625,Low,Approved,MI,1
POL000336,CUST00336,AGT0150,Home,2016-10-08,2416,Medium,Under Investigation,WA,0
POL000337,CUST00337,AGT0050,Travel,2019-06-01,3906,Medium,Rejected,GA,1
POL000338,CUST00338,AGT0025,Health,2019-10-23,1975,Low,Under Investigation,FL,0
POL000339,CUST00339,AGT0177,Auto,2019-03-05,3831,Low,Approved,NY,1
POL000340,CUST00340,AGT0067,Life,2015-03-13,2761,Medium,Rejected,GA,0
POL000341,CUST00341,AGT0129,Life,2016-08-08,733,Low,Rejected,TX,1
POL000342,CUST00342,AGT0144,Travel,2019-07-14,2379,Medium,Under Investigation,OH,0
POL000343,CUST00343,AGT0168,Health,2017-05-05,2604,Medium,Approved,NC,0
POL000344,CUST00344,AGT0126,Home,2019-11-27,1658,Low,Under Investigation,MI,0
POL000345,CUST00345,AGT0142,Home,2016-06-21,2185,Medium,Approved,CA,0
POL000346,CUST00346,AGT0168,Health,2021-08-13,2762,Medium,Rejected,FL,0
POL000347,CUST00347,AGT0189,Life,2016-09-11,723,Medium,Approved,FL,0
POL000348,CUST00348,AGT0010,Home,2020-11-04,1183,Low,Approved,OH,0
POL000349,CUST00349,AGT0149,Life,2022-07-12,3950,Low,Approved,TX,0
POL000350,CUST00350,AGT0035,Home,2018-03-23,2083,Low,Rejected,WA,1
POL000351,CUST00351,AGT0179,Health,2016-04-03,3237,High,Approved,WA,0
POL000352,CUST00352,AGT0010,Travel,2015-01-19,3046,High,Approved,NY,0
POL000353,CUST00353,AGT0050,Home,2018-03-30,2980,Medium,Approved,IL,0
POL000354,CUST00354,AGT0039,Life,2016-01-15,2360,Low,Rejected,IL,0
POL000355,CUST00355,AGT0121,Home,2022-12-07,2674,Medium,Approved,CA,0
POL000356,CUST00356,AGT0001,Health,2023-10-03,4207,Medium,Rejected,MI,0
POL000357,CUST00357,AGT0004,Travel,2023-10-28,4842,Medium,Approved,NC,0
POL000358,CUST00358,AGT0101,Health,2023-04-19,1655,Low,Rejected,NY,0
POL000359,CUST00359,AGT0195,Travel,2020-04-11,3512,High,Rejected,OH,0
POL000360,CUST00360,AGT0106,Home,2017-12-04,4863,Low,Rejected,NY,0
POL000361,CUST00361,AGT0090,Auto,2019-01-07,534,Low,Rejected,FL,0
POL000362,CUST00362,AGT0132,Auto,2017-04-30,4031,High,Approved,NY,1
POL000363,CUST00363,AGT0111,Travel,2022-07-24,2735,Low,Approved,TX,1
POL000364,CUST00364,AGT0077,Home,2018-12-05,4854,Low,Rejected,MI,1
POL000365,CUST00365,AGT0118,Health,2018-06-19,3102,Medium,Approved,GA,0
POL000366,CUST00366,AGT0001,Travel,2021-03-17,4271,High,Approved,WA,0
POL000367,CUST00367,AGT0049,Life,2018-05-13,1247,Low,Rejected,CA,0
POL000368,CUST00368,AGT0135,Life,2018-03-18,1139,Medium,Approved,GA,0
POL000369,CUST00369,AGT0069,Life,2017-01-16,4669,Low,Approved,OH,0
POL000370,CUST00370,AGT0011,Auto,2015-08-10,2869,Low,Under Investigation,GA,0
POL000371,CUST00371,AGT0025,Auto,2015-05-05,3012,Low,Approved,WA,0
POL000372,CUST00372,AGT0174,Life,2018-08-16,1264,Medium,Approved,NY,0
POL000373,CUST00373,AGT0066,Auto,2023-12-15,1520,Low,Approved,TX,0
POL000374,CUST00374,AGT0005,Life,2017-05-06,4182,Low,Approved,CA,0
POL000375,CUST00375,AGT0146,Auto,2020-10-07,1864,Medium,Rejected,IL,0
POL000376,CUST00376,AGT0107,Health,2017-12-03,3128,Medium,Rejected,TX,1
POL000377,CUST00377,AGT0091,Life,2017-09-21,1924,Medium,Approved,TX,0
POL000378,CUST00378,AGT0179,Life,2016-06-19,1685,Medium,Approved,TX,0
POL000379,CUST00379,AGT0063,Life,2020-01-26,1247,Low,Approved,FL,0
POL000380,CUST00380,AGT0115,Life,2020-12-04,4683,Low,Approved,TX,0
POL000381,CUST00381,AGT0149,Auto,2018-02-24,4730,Low,Rejected,IL,0
POL000382,CUST00382,AGT0122,Travel,2019-09-27,1018,Medium,Rejected,GA,0
POL000383,CUST00383,AGT0042,Health,2019-04-14,2089,Low,Approved,FL,0
POL000384,CUST00384,AGT0137,Auto,2017-06-09,3037,Low,Rejected,TX,0
POL000385,CUST00385,AGT0149,Travel,2021-03-22,2224,Low,Rejected,OH,0
POL000386,CUST00386,AGT0025,Auto,2019-12-25,3744,Low,Approved,CA,0
POL000387,CUST00387,AGT0034,Home,2015-08-05,1671,High,Rejected,NC,0
POL000388,CUST00388,AGT0135,Home,2019-06-08,764,Medium,Rejected,NY,0
POL000389,CUST00389,AGT0024,Life,2018-07-03,2016,Low,Approved,IL,1
POL000390,CUST00390,AGT0177,Auto,2022-02-28,3190,Medium,Approved,FL,0
POL000391,CUST00391,AGT0022,Auto,2017-10-04,1312,Medium,Rejected,FL,0
POL000392,CUST00392,AGT0195,Home,2023-08-08,4171,Low,Under Investigation,TX,1
POL000393,CUST00393,AGT0135,Home,2020-07-13,555,Low,Approved,OH,0
POL000394,CUST00394,AGT0089,Life,2016-03-05,803,Medium,Approved,TX,0
POL000395,CUST00395,AGT0054,Life,2018-08-18,2789,Low,Rejected,GA,1
POL000396,CUST00396,AGT0069,Auto,2022-12-14,2805,Medium,Approved,FL,0
POL000397,CUST00397,AGT0150,Travel,2017-04-16,1826,Medium,Approved,OH,0
POL000398,CUST00398,AGT0151,Home,2021-05-04,1663,Medium,Approved,OH,0
POL000399,CUST00399,AGT0042,Travel,2022-01-18,814,High,Under Investigation,GA,0
POL000400,CUST00400,AGT0109,Travel,2021-03-25,3483,Medium,Rejected,NC,0
POL000401,CUST00401,AGT0199,Auto,2015-10-24,2205,Medium,Under Investigation,OH,0
POL000402,CUST00402,AGT0052,Home,2018-05-14,1034,Low,Approved,MI,0
POL000403,CUST00403,AGT0139,Home,2018-02-18,2299,Medium,Approved,FL,0
POL000404,CUST00404,AGT0035,Home,2018-02-04,4716,Medium,Approved,NC,1
POL000405,CUST00405,AGT0167,Health,2022-11-28,1675,High,Approved,NY,0
POL000406,CUST00406,AGT0035,Home,2015-01-19,4526,Medium,Approved,GA,0
POL000407,CUST00407,AGT0060,Home,2019-11-07,1664,Low,Rejected,IL,0
POL000408,CUST00408,AGT0092,Auto,2023-11-02,1336,Medium,Rejected,WA,0
POL000409,CUST00409,AGT0075,Health,2022-11-16,1672,High,Rejected,FL,1
POL000410,CUST00410,AGT0035,Auto,2020-06-15,1954,Medium,Approved,OH,0
POL000411,CUST00411,AGT0129,Travel,2023-12-24,1042,Medium,Approved,TX,0
POL000412,CUST00412,AGT0004,Life,2018-08-15,3144,Medium,Approved,GA,0
POL000413,CUST00413,AGT0197,Health,2020-07-01,2000,Medium,Approved,CA,1
POL000414,CUST00414,AGT0011,Health,2019-11-22,3731,Low,Approved,IL,0
POL000415,CUST00415,AGT0067,Auto,2015-06-05,2709,Low,Approved,CA,1
POL000416,CUST00416,AGT0186,Health,2015-05-14,2491,Medium,Under Investigation,NY,0
POL000417,CUST00417,AGT0032,Travel,2023-01-26,2619,High,Approved,IL,1
POL000418,CUST00418,AGT0015,Auto,2016-07-24,1203,High,Approved,NY,0
POL000419,CUST00419,AGT0149,Auto,2018-03-11,3707,Low,Approved,NY,0
POL000420,CUST00420,AGT0015,Travel,2020-08-10,968,Low,Rejected,TX,0
POL000421,CUST00421,AGT0180,Home,2020-03-06,3746,Low,Approved,NC,0
POL000422,CUST00422,AGT0091,Auto,2019-08-17,4998,Medium,Approved,NC,1
POL000423,CUST00423,AGT0174,Home,2023-10-23,3937,Medium,Approved,IL,1
POL000424,CUST00424,AGT0050,Life,2022-01-30,2549,High,Approved,CA,1
POL000425,CUST00425,AGT0029,Health,2023-06-22,1915,Low,Rejected,CA,0
POL000426,CUST00426,AGT0193,Health,2020-12-04,4426,Medium,Approved,GA,0
POL000427,CUST00427,AGT0153,Life,2023-10-23,1657,Medium,Approved,WA,0
POL000428,CUST00428,AGT0183,Home,2020-05-30,2670,Low,Rejected,MI,0
POL000429,CUST00429,AGT0064,Travel,2019-11-16,3968,High,Approved,IL,1
POL000430,CUST00430,AGT0081,Health,2022-05-02,4650,Medium,Rejected,IL,0
POL000431,CUST00431,AGT0116,Health,2022-10-25,4644,Low,Approved,TX,0
POL000432,CUST00432,AGT0090,Auto,2015-08-13,894,Low,Rejected,CA,0
POL000433,CUST00433,AGT0049,Life,2023-03-12,4542,High,Approved,NC,0
POL000434,CUST00434,AGT0076,Home,2021-03-20,1013,Medium,Approved,IL,0
POL000435,CUST00435,AGT0122,Health,2023-01-28,3130,Medium,Approved,IL,1
POL000436,CUST00436,AGT0008,Life,2021-06-09,4683,Medium,Under Investigation,NY,0
POL000437,CUST00437,AGT0068,Health,2023-05-04,3446,Low,Approved,NY,1
POL000438,CUST00438,AGT0059,Auto,2017-06-23,4763,Medium,Under Investigation,WA,0
POL000439,CUST00439,AGT0015,Home,2016-09-08,2049,High,Under Investigation,MI,0
POL000440,CUST00440,AGT0025,Home,2016-10-04,1916,Low,Approved,GA,0
POL000441,CUST00441,AGT0100,Home,2017-04-08,1967,Medium,Approved,NY,0
POL000442,CUST00442,AGT0021,Home,2016-12-03,2098,Low,Approved,NC,0
POL000443,CUST00443,AGT0069,Travel,2018-12-22,3572,Low,Under Investigation,NY,0
POL000444,CUST00444,AGT0113,Health,2016-10-13,2536,Low,Rejected,OH,0
POL000445,CUST00445,AGT0175,Health,2016-06-03,3818,High,Approved,TX,0
POL000446,CUST00446,AGT0020,Home,2019-09-18,2372,Low,Approved,NC,0
POL000447,CUST00447,AGT0087,Auto,2022-02-19,1884,Low,Rejected,CA,0
POL000448,CUST00448,AGT0021,Auto,2016-03-21,1355,Medium,Approved,NC,0
POL000449,CUST00449,AGT0086,Home,2019-08-08,2979,Low,Approved,GA,1
POL000450,CUST00450,AGT0097,Home,2020-12-06,4542,Medium,Approved,CA,0
POL000451,CUST00451,AGT0160,Life,2021-05-07,4365,High,Approved,OH,1
POL000452,CUST00452,AGT0089,Auto,2015-12-12,1639,Low,Under Investigation,FL,0
POL000453,CUST00453,AGT0188,Travel,2021-08-08,2649,Low,Rejected,IL,0
POL000454,CUST00454,AGT0028,Home,2015-03-30,3673,High,Approved,CA,0
POL000455,CUST00455,AGT0011,Auto,2017-02-17,3255,Low,Approved,NC,1
POL000456,CUST00456,AGT0001,Health,2017-11-15,802,Low,Rejected,OH,0
POL000457,CUST00457,AGT0072,Health,2022-09-03,3159,High,Approved,NY,0
POL000458,CUST00458,AGT0039,Home,2016-09-22,674,High,Approved,MI,0
POL000459,CUST00459,AGT0019,Home,2022-01-15,1024,Medium,Approved,GA,0
POL000460,CUST00460,AGT0048,Home,2023-11-23,3441,Medium,Rejected,GA,0
POL000461,CUST00461,AGT0195,Home,2023-08-21,961,High,Under Investigation,TX,0
POL000462,CUST00462,AGT0161,Travel,2017-09-22,2025,Medium,Rejected,OH,1
POL000463,CUST00463,AGT0004,Travel,2015-11-11,3147,Medium,Approved,NC,0
POL000464,CUST00464,AGT0184,Home,2016-12-30,3449,Medium,Rejected,WA,0
POL000465,CUST00465,AGT0042,Travel,2021-12-01,2505,Medium,Approved,GA,0
POL000466,CUST00466,AGT0082,Travel,2016-10-08,923,Medium,Under Investigation,TX,0
POL000467,CUST00467,AGT0066,Travel,2020-10-22,4095,Low,Approved,GA,0
POL000468,CUST00468,AGT0082,Health,2018-05-13,4774,Medium,Approved,CA,0
POL000469,CUST00469,AGT0153,Home,2021-11-24,4499,Medium,Approved,NY,1
POL000470,CUST00470,AGT0143,Health,2020-06-13,3868,Low,Approved,WA,0
POL000471,CUST00471,AGT0119,Auto,2020-04-07,2309,Low,Approved,MI,0
POL000472,CUST00472,AGT0126,Auto,2022-01-13,4443,Medium,Approved,WA,0
POL000473,CUST00473,AGT0146,Life,2023-08-04,2696,Low,Rejected,NY,1
POL000474,CUST00474,AGT0037,Home,2018-04-12,1114,Low,Rejected,GA,1
POL000475,CUST00475,AGT0080,Travel,2019-10-04,4327,Low,Approved,NC,0
POL000476,CUST00476,AGT0022,Life,2020-08-18,1940,Low,Approved,FL,0
POL000477,CUST00477,AGT0141,Auto,2022-05-28,4724,Medium,Approved,WA,0
POL000478,CUST00478,AGT0088,Travel,2019-05-04,2157,Low,Approved,WA,0
POL000479,CUST00479,AGT0128,Home,2018-05-15,4412,Low,Approved,TX,0
POL000480,CUST00480,AGT0113,Home,2022-08-13,2917,Medium,Under Investigation,NC,0
POL000481,CUST00481,AGT0055,Travel,2023-07-30,2603,Low,Under Investigation,IL,0
POL000482,CUST00482,AGT0028,Life,2020-02-13,1835,Low,Approved,GA,0
POL000483,CUST00483,AGT0195,Auto,2015-12-07,4260,Medium,Rejected,OH,0
POL000484,CUST00484,AGT0059,Auto,2017-08-10,772,Medium,Rejected,FL,0
POL000485,CUST00485,AGT0022,Home,2019-03-02,2609,Medium,Approved,CA,1
POL000486,CUST00486,AGT0062,Auto,2021-04-30,2159,Medium,Rejected,OH,0
POL000487,CUST00487,AGT0181,Auto,2021-01-09,2945,High,Approved,MI,0
POL000488,CUST00488,AGT0053,Life,2022-05-18,1645,Low,Approved,MI,0
POL000489,CUST00489,AGT0198,Auto,2015-04-09,3490,Medium,Under Investigation,FL,0
POL000490,CUST00490,AGT0093,Auto,2019-03-10,2236,Medium,Rejected,MI,0
POL000491,CUST00491,AGT0173,Home,2021-04-22,1346,Low,Approved,NY,0
POL000492,CUST00492,AGT0131,Auto,2023-11-18,1386,High,Approved,OH,0
POL000493,CUST00493,AGT0009,Health,2016-04-12,3634,Low,Under Investigation,NY,0
POL000494,CUST00494,AGT0102,Travel,2022-11-28,1678,High,Approved,OH,0
POL000495,CUST00495,AGT0084,Life,2015-01-26,1882,Medium,Under Investigation,OH,0
POL000496,CUST00496,AGT0041,Travel,2016-10-09,3321,Medium,Under Investigation,GA,0
POL000497,CUST00497,AGT0110,Health,2022-08-15,1984,Low,Approved,IL,0
POL000498,CUST00498,AGT0021,Life,2022-01-29,2246,High,Rejected,OH,0
POL000499,CUST00499,AGT0140,Health,2023-10-02,1600,Medium,Rejected,GA,0
POL000500,CUST00500,AGT0165,Health,2020-05-28,2054,Low,Rejected,IL,0
POL000501,CUST00501,AGT0019,Auto,2020-07-17,3617,Low,Approved,OH,0
POL000502,CUST00502,AGT0096,Travel,2019-10-24,2902,Medium,Approved,CA,0
POL000503,CUST00503,AGT0132,Auto,2019-08-09,4988,Low,Approved,MI,0
POL000504,CUST00504,AGT0013,Health,2019-08-16,3973,Medium,Rejected,TX,0
POL000505,CUST00505,AGT0078,Home,2017-08-19,575,Medium,Rejected,MI,0
POL000506,CUST00506,AGT0052,Home,2022-09-05,2204,Low,Rejected,NC,0
POL000507,CUST00507,AGT0008,Health,2018-03-17,1804,Medium,Approved,WA,0
POL000508,CUST00508,AGT0161,Health,2020-06-30,3143,Low,Approved,CA,0
POL000509,CUST00509,AGT0089,Health,2021-01-08,1695,High,Approved,FL,0
POL000510,CUST00510,AGT0151,Travel,2019-11-02,4847,High,Rejected,CA,1
POL000511,CUST00511,AGT0118,Home,2020-07-02,1847,Low,Approved,IL,1
POL000512,CUST00512,AGT0176,Travel,2015-06-10,2848,Medium,Rejected,WA,0
POL000513,CUST00513,AGT0200,Travel,2017-11-04,1053,Medium,Approved,NC,1
POL000514,CUST00514,AGT0121,Life,2019-01-13,4594,High,Approved,NC,0
POL000515,CUST00515,AGT0071,Travel,2018-07-19,4603,Low,Under Investigation,MI,0
POL000516,CUST00516,AGT0085,Auto,2023-03-03,4071,Medium,Approved,CA,0
POL000517,CUST00517,AGT0166,Travel,2023-01-27,2082,High,Approved,NC,0
POL000518,CUST00518,AGT0086,Home,2021-05-27,764,Low,Rejected,NY,0
POL000519,CUST00519,AGT0104,Life,2018-03-03,3699,Medium,Approved,GA,1
POL000520,CUST00520,AGT0039,Health,2015-06-17,2430,Low,Under Investigation,NC,0
POL000521,CUST00521,AGT0199,Auto,2021-10-17,4956,Medium,Under Investigation,GA,0
POL000522,CUST00522,AGT0131,Travel,2022-12-14,3642,Low,Rejected,IL,0
POL000523,CUST00523,AGT0067,Home,2019-05-28,2923,High,Approved,GA,0
POL000524,CUST00524,AGT0118,Auto,2022-06-09,4940,Low,Approved,IL,0
POL000525,CUST00525,AGT0081,Life,2023-05-17,4102,Low,Under Investigation,GA,1
POL000526,CUST00526,AGT0031,Auto,2019-12-02,2562,Medium,Approved,IL,0
POL000527,CUST00527,AGT0175,Home,2016-11-19,584,Medium,Under Investigation,NY,0
POL000528,CUST00528,AGT0178,Life,2015-03-15,917,Medium,Rejected,FL,0
POL000529,CUST00529,AGT0167,Life,2021-10-23,2496,Medium,Approved,NY,0
POL000530,CUST00530,AGT0074,Home,2020-01-23,3029,Low,Approved,NC,0
POL000531,CUST00531,AGT0052,Health,2016-05-20,635,Medium,Rejected,MI,0
POL000532,CUST00532,AGT0010,Travel,2015-06-29,1069,Low,Approved,TX,0
POL000533,CUST00533,AGT0147,Auto,2023-09-21,3669,Low,Approved,TX,0
POL000534,CUST00534,AGT0066,Auto,2017-11-18,3881,High,Rejected,OH,0
POL000535,CUST00535,AGT0179,Auto,2017-12-10,634,Medium,Approved,NC,1
POL000536,CUST00536,AGT0174,Travel,2020-08-28,2784,Low,Approved,TX,0
POL000537,CUST00537,AGT0026,Home,2018-04-12,864,Low,Rejected,NY,0
POL000538,CUST00538,AGT0184,Auto,2023-03-19,3755,High,Rejected,CA,0
POL000539,CUST00539,AGT0029,Auto,2021-02-15,4253,Low,Approved,CA,0
POL000540,CUST00540,AGT0099,Auto,2018-03-21,4412,Low,Under Investigation,TX,0
POL000541,CUST00541,AGT0095,Travel,2017-05-26,3191,Low,Under Investigation,NC,0
POL000542,CUST00542,AGT0192,Home,2022-09-27,3330,Low,Approved,MI,0
POL000543,CUST00543,AGT0132,Auto,2020-04-28,4669,Low,Approved,IL,0
POL000544,CUST00544,AGT0176,Health,2023-04-06,3255,High,Rejected,TX,0
POL000545,CUST00545,AGT0120,Life,2018-02-07,2508,Low,Approved,WA,1
POL000546,CUST00546,AGT0166,Home,2015-03-11,3895,Medium,Rejected,FL,0
POL000547,CUST00547,AGT0171,Travel,2023-02-02,3158,Medium,Approved,TX,0
POL000548,CUST00548,AGT0172,Auto,2017-02-25,4291,Medium,Approved,TX,1
POL000549,CUST00549,AGT0083,Auto,2022-08-10,2861,Medium,Approved,NY,0
POL000550,CUST00550,AGT0077,Auto,2021-05-21,4410,Medium,Approved,NC,0
POL000551,CUST00551,AGT0197,Health,2017-01-31,701,Medium,Under Investigation,NY,0
POL000552,CUST00552,AGT0152,Life,2021-10-22,663,Medium,Approved,IL,0
POL000553,CUST00553,AGT0184,Life,2015-09-26,945,Medium,Under Investigation,NY,0
POL000554,CUST00554,AGT0116,Health,2018-07-13,3002,Medium,Approved,WA,0
POL000555,CUST00555,AGT0186,Life,2018-03-17,3690,Medium,Rejected,GA,1
POL000556,CUST00556,AGT0144,Life,2020-11-28,1473,Low,Under Investigation,GA,0
POL000557,CUST00557,AGT0149,Auto,2019-10-23,1200,Medium,Approved,IL,0
POL000558,CUST00558,AGT0036,Life,2020-07-04,4371,Medium,Approved,OH,0
POL000559,CUST00559,AGT0114,Home,2019-04-14,3877,Low,Rejected,MI,0
POL000560,CUST00560,AGT0147,Auto,2021-08-27,3417,High,Rejected,GA,0
POL000561,CUST00561,AGT0153,Health,2016-06-10,2697,Low,Approved,MI,1
POL000562,CUST00562,AGT0192,Life,2021-06-19,2391,Low,Approved,CA,0
POL000563,CUST00563,AGT0066,Life,2015-06-14,592,High,Rejected,MI,0
POL000564,CUST00564,AGT0061,Health,2015-10-10,1346,Low,Approved,WA,0
POL000565,CUST00565,AGT0194,Life,2021-07-05,4536,Low,Rejected,GA,0
POL000566,CUST00566,AGT0198,Health,2016-06-04,2025,Low,Approved,WA,0
POL000567,CUST00567,AGT0036,Home,2021-12-05,3670,High,Approved,OH,0
POL000568,CUST00568,AGT0076,Auto,2016-03-12,3666,Low,Rejected,FL,1
POL000569,CUST00569,AGT0190,Travel,2016-04-27,1892,Medium,Approved,GA,0
POL000570,CUST00570,AGT0040,Travel,2023-05-23,1419,Medium,Under Investigation,GA,0
POL000571,CUST00571,AGT0157,Auto,2016-08-05,3612,Medium,Approved,TX,0
POL000572,CUST00572,AGT0023,Home,2023-03-21,921,High,Approved,FL,0
POL000573,CUST00573,AGT0036,Life,2018-02-17,2726,Medium,Approved,FL,0
POL000574,CUST00574,AGT0157,Home,2022-03-05,4496,Low,Approved,OH,0
POL000575,CUST00575,AGT0122,Health,2023-06-14,3700,High,Rejected,TX,0
POL000576,CUST00576,AGT0111,Travel,2016-01-19,3938,Medium,Rejected,NC,0
POL000577,CUST00577,AGT0172,Health,2017-12-21,874,Low,Rejected,TX,0
POL000578,CUST00578,AGT0062,Health,2020-03-02,1399,Low,Approved,WA,0
POL000579,CUST00579,AGT0101,Health,2022-10-15,1737,Medium,Approved,GA,0
POL000580,CUST00580,AGT0122,Travel,2016-09-07,1815,Low,Approved,NY,0
POL000581,CUST00581,AGT0148,Home,2016-09-05,1373,Medium,Rejected,NY,0
POL000582,CUST00582,AGT0067,Life,2018-04-25,4874,Low,Approved,GA,0
POL000583,CUST00583,AGT0127,Travel,2016-11-03,1242,Medium,Approved,CA,1
POL000584,CUST00584,AGT0090,Travel,2017-05-27,3686,Low,Approved,NC,0
POL000585,CUST00585,AGT0109,Travel,2016-03-02,3140,Medium,Approved,OH,0
POL000586,CUST00586,AGT0173,Travel,2022-06-16,3247,Low,Rejected,FL,0
POL000587,CUST00587,AGT0079,Travel,2022-03-02,1465,Low,Rejected,MI,0
POL000588,CUST00588,AGT0134,Travel,2016-04-19,1884,Low,Under Investigation,GA,0
POL000589,CUST00589,AGT0189,Life,2019-10-30,3229,Low,Approved,TX,0
POL000590,CUST00590,AGT0153,Auto,2020-10-24,1846,Medium,Approved,GA,1
POL000591,CUST00591,AGT0198,Auto,2020-08-24,3623,Medium,Approved,IL,0
POL000592,CUST00592,AGT0117,Life,2023-11-08,677,Low,Rejected,NC,0
POL000593,CUST00593,AGT0057,Health,2020-10-08,827,High,Rejected,IL,0
POL000594,CUST00594,AGT0199,Travel,2021-03-07,3778,Low,Approved,WA,0
POL000595,CUST00595,AGT0129,Travel,2015-04-19,3275,Low,Rejected,WA,1
POL000596,CUST00596,AGT0049,Life,2015-09-18,694,Medium,Approved,CA,0
POL000597,CUST00597,AGT0064,Life,2020-07-26,4545,Medium,Approved,IL,0
POL000598,CUST00598,AGT0053,Health,2023-03-03,521,Medium,Approved,FL,0
POL000599,CUST00599,AGT0167,Home,2018-08-04,4799,Low,Approved,IL,0
POL000600,CUST00600,AGT0019,Travel,2020-10-14,3782,Low,Under Investigation,TX,0
POL000601,CUST00601,AGT0148,Travel,2016-11-21,4946,Medium,Rejected,OH,0
POL000602,CUST00602,AGT0111,Health,2019-02-08,4769,Low,Rejected,TX,0
POL000603,CUST00603,AGT0015,Travel,2021-10-04,1909,Low,Under Investigation,GA,0
POL000604,CUST00604,AGT0123,Home,2020-12-07,3904,High,Rejected,IL,0
POL000605,CUST00605,AGT0151,Travel,2016-01-11,1449,Medium,Approved,WA,0
POL000606,CUST00606,AGT0146,Home,2022-11-28,2622,Low,Approved,MI,0
POL000607,CUST00607,AGT0106,Life,2023-05-05,1580,Low,Approved,GA,0
POL000608,CUST00608,AGT0068,Auto,2019-04-17,2687,Medium,Under Investigation,IL,1
POL000609,CUST00609,AGT0033,Health,2018-01-24,4425,Low,Under Investigation,NC,0
POL000610,CUST00610,AGT0003,Life,2019-10-12,2462,Low,Rejected,GA,0
POL000611,CUST00611,AGT0072,Travel,2022-03-18,915,Low,Approved,TX,0
POL000612,CUST00612,AGT0127,Auto,2019-01-26,1960,Medium,Approved,NY,0
POL000613,CUST00613,AGT0008,Auto,2015-04-10,4039,Medium,Under Investigation,WA,0
POL000614,CUST00614,AGT0200,Life,2015-08-27,2847,Low,Approved,NY,0
POL000615,CUST00615,AGT0118,Home,2022-04-20,3020,Low,Approved,CA,0
POL000616,CUST00616,AGT0059,Travel,2022-01-30,2440,Medium,Approved,MI,0
POL000617,CUST00617,AGT0193,Auto,2021-12-11,1817,Medium,Approved,WA,0
POL000618,CUST00618,AGT0037,Health,2016-02-20,3191,Medium,Rejected,GA,0
POL000619,CUST00619,AGT0192,Auto,2016-07-14,3348,Low,Under Investigation,GA,1
POL000620,CUST00620,AGT0057,Life,2018-07-20,4541,Medium,Rejected,NY,1
POL000621,CUST00621,AGT0076,Travel,2017-01-28,3280,High,Approved,NY,0
POL000622,CUST00622,AGT0086,Auto,2018-06-25,4977,Medium,Approved,WA,0
POL000623,CUST00623,AGT0199,Health,2020-01-10,4219,Low,Under Investigation,MI,0
POL000624,CUST00624,AGT0051,Travel,2017-07-09,854,Medium,Approved,IL,0
POL000625,CUST00625,AGT0195,Auto,2016-02-10,2264,Low,Approved,NY,0
POL000626,CUST00626,AGT0070,Travel,2018-08-15,2231,Low,Rejected,TX,0
POL000627,CUST00627,AGT0058,Travel,2021-07-02,513,Low,Approved,CA,0
POL000628,CUST00628,AGT0128,Auto,2020-07-23,1313,High,Approved,IL,1
POL000629,CUST00629,AGT0139,Auto,2017-11-22,3929,Low,Under Investigation,OH,0
POL000630,CUST00630,AGT0070,Life,2017-10-20,2084,High,Rejected,GA,0
POL000631,CUST00631,AGT0027,Auto,2020-04-01,1165,Medium,Approved,MI,0
POL000632,CUST00632,AGT0080,Home,2016-07-20,1793,Medium,Approved,NY,0
POL000633,CUST00633,AGT0109,Auto,2022-07-02,1736,Low,Under Investigation,TX,1
POL000634,CUST00634,AGT0009,Home,2022-10-27,1285,Medium,Rejected,MI,0
POL000635,CUST00635,AGT0016,Health,2015-03-25,955,Low,Rejected,NC,1
POL000636,CUST00636,AGT0184,Life,2023-09-26,3938,Low,Approved,OH,1
POL000637,CUST00637,AGT0008,Travel,2015-03-18,4210,Low,Under Investigation,CA,0
POL000638,CUST00638,AGT0082,Home,2019-02-15,2733,Low,Under Investigation,IL,0
POL000639,CUST00639,AGT0153,Life,2021-01-01,3269,Medium,Approved,GA,0
POL000640,CUST00640,AGT0066,Life,2017-12-10,4636,Low,Approved,MI,0
POL000641,CUST00641,AGT0099,Travel,2016-10-31,4291,Low,Rejected,OH,0
POL000642,CUST00642,AGT0018,Health,2015-06-06,646,High,Rejected,IL,0
POL000643,CUST00643,AGT0159,Health,2021-07-18,4788,Low,Rejected,NY,1
POL000644,CUST00644,AGT0127,Health,2015-05-02,801,Low,Under Investigation,IL,0
POL000645,CUST00645,AGT0171,Life,2019-05-11,619,Low,Rejected,CA,0
POL000646,CUST00646,AGT0173,Travel,2018-07-15,2314,Low,Approved,TX,0
POL000647,CUST00647,AGT0071,Health,2023-09-15,3856,Medium,Approved,NC,1
POL000648,CUST00648,AGT0009,Auto,2023-05-15,861,Low,Rejected,NY,0
POL000649,CUST00649,AGT0070,Life,2022-05-10,1818,Low,Approved,MI,0
POL000650,CUST00650,AGT0030,Home,2021-07-29,1682,Medium,Approved,NY,1
POL000651,CUST00651,AGT0107,Health,2019-11-19,2288,Low,Rejected,WA,0
POL000652,CUST00652,AGT0030,Auto,2018-02-21,4937,High,Approved,TX,0
POL000653,CUST00653,AGT0185,Travel,2016-07-01,1991,High,Rejected,TX,0
POL000654,CUST00654,AGT0121,Travel,2023-09-17,1440,Low,Approved,OH,0
POL000655,CUST00655,AGT0051,Life,2018-06-18,1050,Low,Approved,MI,0
POL000656,CUST00656,AGT0185,Home,2018-11-09,1391,Low,Approved,TX,0
POL000657,CUST00657,AGT0154,Health,2016-04-08,1099,Low,Rejected,OH,0
POL000658,CUST00658,AGT0088,Home,2017-06-28,3081,Low,Rejected,FL,0
POL000659,CUST00659,AGT0030,Auto,2020-09-16,2392,Medium,Approved,NC,0
POL000660,CUST00660,AGT0069,Health,2018-11-01,2740,Low,Approved,OH,0
POL000661,CUST00661,AGT0117,Home,2020-04-09,4244,Low,Approved,GA,0
POL000662,CUST00662,AGT0154,Home,2016-11-26,3111,Low,Rejected,FL,0
POL000663,CUST00663,AGT0053,Auto,2015-09-27,1198,High,Under Investigation,FL,0
POL000664,CUST00664,AGT0149,Travel,2022-12-20,2195,High,Rejected,GA,1
POL000665,CUST00665,AGT0057,Health,2018-11-20,1906,Low,Approved,NY,0
POL000666,CUST00666,AGT0050,Home,2018-04-01,4220,Medium,Rejected,GA,0
POL000667,CUST00667,AGT0090,Home,2017-07-29,1881,Low,Approved,TX,0
POL000668,CUST00668,AGT0033,Home,2020-12-02,1123,Medium,Approved,NY,0
POL000669,CUST00669,AGT0081,Travel,2020-01-25,3812,Medium,Approved,TX,0
POL000670,CUST00670,AGT0072,Life,2018-07-02,2427,High,Approved,CA,0
POL000671,CUST00671,AGT0057,Travel,2023-05-18,931,Low,Approved,FL,1
POL000672,CUST00672,AGT0156,Health,2023-02-11,3603,Low,Rejected,IL,0
POL000673,CUST00673,AGT0067,Health,2016-10-14,1447,High,Approved,TX,0
POL000674,CUST00674,AGT0140,Home,2020-10-11,4407,Low,Rejected,CA,0
POL000675,CUST00675,AGT0145,Home,2023-09-18,4246,Low,Under Investigation,MI,0
POL000676,CUST00676,AGT0134,Health,2019-05-24,2163,Medium,Approved,OH,0
POL000677,CUST00677,AGT0054,Home,2015-04-10,3000,Medium,Approved,NC,0
POL000678,CUST00678,AGT0166,Auto,2016-03-10,3054,Medium,Rejected,NC,0
POL000679,CUST00679,AGT0048,Home,2021-01-02,3440,Medium,Approved,TX,1
POL000680,CUST00680,AGT0056,Life,2023-02-11,811,Medium,Approved,GA,0
POL000681,CUST00681,AGT0175,Home,2016-02-26,1961,Low,Approved,MI,1
POL000682,CUST00682,AGT0068,Travel,2019-12-02,1266,Medium,Rejected,IL,0
POL000683,CUST00683,AGT0140,Travel,2019-06-21,3638,Medium,Rejected,MI,1
POL000684,CUST00684,AGT0009,Travel,2017-07-25,811,High,Rejected,WA,0
POL000685,CUST00685,AGT0123,Auto,2020-09-06,2826,Low,Rejected,OH,0
POL000686,CUST00686,AGT0174,Travel,2022-11-24,3775,Low,Approved,TX,0
POL000687,CUST00687,AGT0142,Health,2017-02-25,4767,Medium,Rejected,GA,0
POL000688,CUST00688,AGT0117,Home,2015-06-28,1796,Low,Under Investigation,MI,0
POL000689,CUST00689,AGT0170,Home,2018-03-25,535,Low,Approved,OH,0
POL000690,CUST00690,AGT0060,Health,2017-10-29,3756,Medium,Under Investigation,MI,0
POL000691,CUST00691,AGT0076,Travel,2021-07-17,506,Medium,Under Investigation,OH,0
POL000692,CUST00692,AGT0014,Life,2019-10-31,798,Low,Approved,IL,0
POL000693,CUST00693,AGT0140,Travel,2015-02-28,4957,Low,Approved,WA,0
POL000694,CUST00694,AGT0145,Travel,2018-01-21,4381,Low,Approved,TX,0
POL000695,CUST00695,AGT0151,Home,2021-08-12,3683,Medium,Rejected,IL,0
POL000696,CUST00696,AGT0150,Life,2019-04-16,4259,Low,Approved,TX,0
POL000697,CUST00697,AGT0026,Home,2020-01-24,839,Low,Approved,GA,0
POL000698,CUST00698,AGT0134,Home,2017-05-18,900,Low,Rejected,WA,0
POL000699,CUST00699,AGT0153,Life,2017-11-15,1853,Low,Under Investigation,WA,0
POL000700,CUST00700,AGT0041,Life,2016-03-03,606,Low,Rejected,FL,0
POL000701,CUST00701,AGT0096,Travel,2015-09-26,4497,Low,Rejected,NC,0
POL000702,CUST00702,AGT0183,Life,2015-05-02,753,Medium,Approved,MI,0
POL000703,CUST00703,AGT0083,Life,2020-08-13,2948,Low,Approved,MI,0
POL000704,CUST00704,AGT0151,Travel,2016-06-02,4341,Low,Rejected,OH,0
POL000705,CUST00705,AGT0107,Auto,2020-02-29,3807,Low,Approved,TX,0
POL000706,CUST00706,AGT0132,Life,2023-07-29,1556,Low,Approved,IL,0
POL000707,CUST00707,AGT0126,Health,2021-04-10,2616,Low,Under Investigation,NC,0
POL000708,CUST00708,AGT0131,Home,2020-03-05,2967,Low,Approved,GA,0
POL000709,CUST00709,AGT0156,Life,2016-01-20,3955,Low,Rejected,NY,0
POL000710,CUST00710,AGT0181,Health,2019-05-26,2418,Low,Rejected,FL,0
POL000711,CUST00711,AGT0060,Travel,2023-01-07,1782,Medium,Rejected,GA,0
POL000712,CUST00712,AGT0186,Home,2018-06-16,4079,Low,Approved,IL,0
POL000713,CUST00713,AGT0126,Health,2022-06-07,4489,Medium,Approved,IL,0
POL000714,CUST00714,AGT0120,Health,2021-05-16,2700,Medium,Approved,WA,0
POL000715,CUST00715,AGT0066,Home,2017-05-26,626,Low,Rejected,CA,0
POL000716,CUST00716,AGT0084,Travel,2016-04-09,2752,Low,Approved,FL,0
POL000717,CUST00717,AGT0131,Auto,2015-02-25,4501,Low,Approved,WA,0
POL000718,CUST00718,AGT0073,Home,2017-06-26,4950,Low,Rejected,WA,1
POL000719,CUST00719,AGT0058,Travel,2017-12-29,2304,Medium,Approved,NY,0
POL000720,CUST00720,AGT0164,Home,2020-11-25,1175,Low,Approved,WA,0
POL000721,CUST00721,AGT0084,Home,2020-02-25,3074,Medium,Approved,FL,0
POL000722,CUST00722,AGT0129,Health,2019-04-24,4238,Low,Approved,CA,0
POL000723,CUST00723,AGT0007,Auto,2021-07-03,4752,Medium,Approved,NY,1
POL000724,CUST00724,AGT0016,Life,2021-12-05,732,Medium,Approved,OH,0
POL000725,CUST00725,AGT0170,Travel,2021-06-02,1807,Medium,Under Investigation,CA,1
POL000726,CUST00726,AGT0029,Home,2023-01-26,2649,High,Under Investigation,TX,1
POL000727,CUST00727,AGT0160,Home,2018-03-28,942,High,Rejected,NC,0
POL000728,CUST00728,AGT0181,Auto,2022-05-29,4488,Low,Rejected,GA,1
POL000729,CUST00729,AGT0097,Travel,2018-10-14,1004,Low,Rejected,GA,0
POL000730,CUST00730,AGT0177,Travel,2016-08-28,3493,Low,Under Investigation,WA,0
POL000731,CUST00731,AGT0086,Travel,2016-04-24,4633,Low,Approved,FL,0
POL000732,CUST00732,AGT0191,Health,2015-10-28,3583,Medium,Approved,MI,1
POL000733,CUST00733,AGT0048,Life,2023-08-07,3934,Low,Rejected,NY,1
POL000734,CUST00734,AGT0086,Home,2016-07-10,1684,Low,Under Investigation,WA,0
POL000735,CUST00735,AGT0078,Health,2022-07-07,4223,Medium,Approved,NC,1
POL000736,CUST00736,AGT0157,Health,2022-01-18,2383,Low,Approved,FL,0
POL000737,CUST00737,AGT0009,Health,2018-12-14,775,Medium,Approved,FL,0
POL000738,CUST00738,AGT0166,Home,2023-03-22,2149,Low,Approved,OH,0
POL000739,CUST00739,AGT0005,Auto,2023-03-04,2074,Medium,Rejected,OH,0
POL000740,CUST00740,AGT0064,Life,2023-04-30,2846,Medium,Approved,FL,0
POL000741,CUST00741,AGT0120,Home,2019-06-21,1691,Low,Under Investigation,FL,1
POL000742,CUST00742,AGT0030,Travel,2017-09-06,2580,Medium,Rejected,MI,1
POL000743,CUST00743,AGT0099,Health,2015-05-24,2425,Low,Approved,NC,0
POL000744,CUST00744,AGT0200,Auto,2022-07-24,1971,Medium,Rejected,TX,1
POL000745,CUST00745,AGT0165,Health,2022-11-08,3633,Medium,Rejected,NC,0
POL000746,CUST00746,AGT0007,Travel,2019-10-29,1874,Low,Approved,TX,0
POL000747,CUST00747,AGT0119,Health,2015-08-22,3946,Medium,Approved,IL,0
POL000748,CUST00748,AGT0120,Life,2022-05-27,1628,High,Rejected,CA,0
POL000749,CUST00749,AGT0014,Travel,2017-09-07,4391,Medium,Approved,GA,0
POL000750,CUST00750,AGT0131,Health,2019-12-07,2142,Medium,Approved,TX,0
POL000751,CUST00751,AGT0105,Life,2020-12-06,683,Medium,Approved,FL,0
POL000752,CUST00752,AGT0137,Health,2016-04-24,1174,Low,Approved,TX,0
POL000753,CUST00753,AGT0060,Health,2015-07-26,4128,Medium,Rejected,TX,0
POL000754,CUST00754,AGT0052,Health,2015-09-18,4424,Medium,Approved,CA,0
POL000755,CUST00755,AGT0148,Life,2023-08-18,1453,Low,Rejected,OH,0
POL000756,CUST00756,AGT0145,Travel,2023-08-12,3209,Low,Approved,MI,0
POL000757,CUST00757,AGT0033,Health,2018-11-03,3084,Low,Rejected,NY,0
POL000758,CUST00758,AGT0044,Health,2018-10-31,1102,Low,Approved,NC,0
POL000759,CUST00759,AGT0118,Travel,2018-08-29,2533,Low,Under Investigation,OH,1
POL000760,CUST00760,AGT0166,Home,2018-02-25,3622,Low,Under Investigation,FL,0
POL000761,CUST00761,AGT0041,Home,2019-11-22,4852,Medium,Approved,CA,0
POL000762,CUST00762,AGT0044,Life,2018-03-16,4314,Low,Rejected,NC,0
POL000763,CUST00763,AGT0162,Auto,2020-07-17,940,Low,Approved,CA,1
POL000764,CUST00764,AGT0140,Travel,2018-05-30,1568,Medium,Rejected,IL,1
POL000765,CUST00765,AGT0181,Health,2020-08-31,2465,Low,Rejected,CA,0
POL000766,CUST00766,AGT0157,Life,2023-07-03,1177,Low,Approved,NC,1
POL000767,CUST00767,AGT0191,Home,2016-11-07,3068,Medium,Approved,WA,0
POL000768,CUST00768,AGT0038,Life,2015-07-26,538,High,Approved,NY,1
POL000769,CUST00769,AGT0055,Life,2019-09-27,1010,Medium,Rejected,NY,1
POL000770,CUST00770,AGT0048,Auto,2016-01-27,712,Low,Rejected,OH,0
POL000771,CUST00771,AGT0012,Auto,2017-01-30,1829,Low,Approved,OH,0
POL000772,CUST00772,AGT0156,Travel,2022-02-07,3930,High,Approved,NY,0
POL000773,CUST00773,AGT0133,Home,2018-10-05,1297,Medium,Approved,NY,0
POL000774,CUST00774,AGT0018,Health,2019-12-11,4942,Medium,Approved,TX,0
POL000775,CUST00775,AGT0040,Auto,2021-12-25,1712,Medium,Approved,FL,1
POL000776,CUST00776,AGT0039,Auto,2016-02-27,701,Low,Approved,OH,0
POL000777,CUST00777,AGT0081,Travel,2019-04-22,2009,Low,Under Investigation,NC,0
POL000778,CUST00778,AGT0092,Travel,2015-04-24,3866,Medium,Approved,NC,0
POL000779,CUST00779,AGT0058,Health,2019-06-29,979,High,Rejected,OH,0
POL000780,CUST00780,AGT0187,Health,2017-01-06,823,Low,Approved,NC,0
POL000781,CUST00781,AGT0043,Home,2023-03-14,4322,Medium,Approved,OH,0
POL000782,CUST00782,AGT0113,Auto,2017-05-07,3164,Low,Rejected,NY,0
POL000783,CUST00783,AGT0088,Home,2016-10-19,2044,High,Approved,NY,0
POL000784,CUST00784,AGT0078,Life,2015-02-16,3902,Low,Approved,OH,0
POL000785,CUST00785,AGT0166,Travel,2016-03-13,4299,Medium,Under Investigation,NY,0
POL000786,CUST00786,AGT0196,Health,2016-12-11,2116,Low,Under Investigation,NC,0
POL000787,CUST00787,AGT0002,Auto,2017-01-19,3025,Medium,Rejected,TX,0
POL000788,CUST00788,AGT0093,Auto,2021-08-23,549,Medium,Approved,CA,0
POL000789,CUST00789,AGT0024,Health,2022-12-26,1877,Low,Approved,IL,0
POL000790,CUST00790,AGT0087,Life,2022-09-11,3178,Medium,Approved,CA,0
POL000791,CUST00791,AGT0124,Auto,2023-08-09,1386,High,Under Investigation,TX,0
POL000792,CUST00792,AGT0083,Life,2023-01-30,4960,High,Rejected,NY,0
POL000793,CUST00793,AGT0062,Home,2019-02-05,4870,Low,Approved,CA,0
POL000794,CUST00794,AGT0063,Life,2018-07-05,1659,Medium,Under Investigation,FL,1
POL000795,CUST00795,AGT0060,Home,2020-11-03,2283,Medium,Approved,OH,1
POL000796,CUST00796,AGT0066,Auto,2017-11-15,1352,Medium,Approved,NY,0
POL000797,CUST00797,AGT0075,Auto,2020-06-06,2767,Low,Approved,MI,1
POL000798,CUST00798,AGT0138,Home,2023-12-30,1057,Medium,Approved,CA,0
POL000799,CUST00799,AGT0020,Home,2016-10-13,2259,Low,Under Investigation,NC,0
POL000800,CUST00800,AGT0009,Travel,2021-12-03,2998,Low,Under Investigation,OH,0
POL000801,CUST00801,AGT0104,Travel,2023-06-02,3253,Low,Approved,GA,0
POL000802,CUST00802,AGT0137,Auto,2019-11-01,3184,Low,Approved,GA,0
POL000803,CUST00803,AGT0052,Health,2018-03-15,1496,Low,Approved,CA,0
POL000804,CUST00804,AGT0041,Health,2017-04-17,4065,Low,Approved,NC,0
POL000805,CUST00805,AGT0125,Auto,2016-07-06,3612,Medium,Approved,NY,1
POL000806,CUST00806,AGT0077,Auto,2017-11-21,3888,Medium,Approved,GA,1
POL000807,CUST00807,AGT0148,Auto,2021-09-19,2605,Low,Approved,FL,0
POL000808,CUST00808,AGT0030,Home,2019-08-21,4516,Medium,Approved,NY,0
POL000809,CUST00809,AGT0025,Auto,2016-12-28,2254,High,Approved,NC,0
POL000810,CUST00810,AGT0111,Auto,2019-11-17,4125,High,Under Investigation,WA,0
POL000811,CUST00811,AGT0079,Auto,2022-04-12,1415,Medium,Approved,MI,1
POL000812,CUST00812,AGT0146,Life,2015-02-14,1612,High,Approved,NC,1
POL000813,CUST00813,AGT0102,Life,2015-03-09,2870,Medium,Approved,OH,0
POL000814,CUST00814,AGT0071,Travel,2023-08-19,3001,High,Rejected,OH,0
POL000815,CUST00815,AGT0032,Auto,2021-09-24,3857,High,Approved,WA,1
POL000816,CUST00816,AGT0033,Health,2020-03-06,1838,Low,Approved,FL,0
POL000817,CUST00817,AGT0152,Home,2023-02-25,4426,High,Rejected,WA,0
POL000818,CUST00818,AGT0046,Life,2020-04-19,1984,Medium,Rejected,GA,0
POL000819,CUST00819,AGT0101,Auto,2019-09-08,2903,Medium,Approved,GA,0
POL000820,CUST00820,AGT0164,Health,2016-11-25,4693,High,Approved,OH,0
POL000821,CUST00821,AGT0180,Home,2022-04-17,2927,Low,Under Investigation,MI,1
POL000822,CUST00822,AGT0054,Auto,2021-11-18,3568,Low,Approved,GA,0
POL000823,CUST00823,AGT0022,Health,2017-08-29,4588,Medium,Approved,CA,0
POL000824,CUST00824,AGT0155,Life,2021-08-19,4885,Medium,Approved,NC,0
POL000825,CUST00825,AGT0138,Home,2021-07-17,2747,High,Approved,NC,0
POL000826,CUST00826,AGT0067,Home,2015-11-09,2376,High,Rejected,WA,1
POL000827,CUST00827,AGT0119,Home,2016-06-11,1386,Medium,Rejected,WA,0
POL000828,CUST00828,AGT0038,Travel,2020-05-09,2918,High,Approved,WA,0
POL000829,CUST00829,AGT0141,Home,2020-08-11,4632,Low,Rejected,CA,0
POL000830,CUST00830,AGT0146,Home,2020-12-02,2692,High,Approved,GA,0
POL000831,CUST00831,AGT0060,Travel,2018-05-11,2068,Low,Rejected,WA,0
POL000832,CUST00832,AGT0094,Auto,2022-07-08,982,Medium,Approved,WA,0
POL000833,CUST00833,AGT0067,Auto,2019-01-04,2253,Low,Approved,OH,0
POL000834,CUST00834,AGT0007,Home,2016-11-08,1565,Medium,Rejected,WA,0
POL000835,CUST00835,AGT0026,Health,2016-01-14,4895,Low,Approved,MI,0
POL000836,CUST00836,AGT0192,Health,2022-11-23,2874,Low,Approved,CA,0
POL000837,CUST00837,AGT0092,Auto,2021-05-12,1116,Medium,Approved,MI,0
POL000838,CUST00838,AGT0030,Travel,2019-02-25,803,Medium,Rejected,GA,0
POL000839,CUST00839,AGT0009,Life,2016-11-18,4328,Low,Approved,OH,0
POL000840,CUST00840,AGT0071,Life,2015-11-14,4691,Medium,Rejected,TX,0
POL000841,CUST00841,AGT0197,Auto,2016-05-17,3933,Low,Rejected,WA,1
POL000842,CUST00842,AGT0077,Health,2015-12-14,1057,Low,Rejected,FL,0
POL000843,CUST00843,AGT0200,Life,2019-10-06,942,Low,Approved,IL,0
POL000844,CUST00844,AGT0098,Home,2016-10-11,1390,Medium,Rejected,FL,0
POL000845,CUST00845,AGT0153,Life,2016-02-24,3880,Medium,Approved,WA,1
POL000846,CUST00846,AGT0158,Life,2017-07-18,3943,Medium,Under Investigation,IL,0
POL000847,CUST00847,AGT0006,Home,2021-04-17,4270,Medium,Rejected,TX,0
POL000848,CUST00848,AGT0002,Life,2019-06-20,936,Medium,Approved,CA,0
POL000849,CUST00849,AGT0185,Health,2016-05-20,1189,Medium,Rejected,WA,1
POL000850,CUST00850,AGT0187,Auto,2021-09-26,4551,High,Approved,FL,0
POL000851,CUST00851,AGT0027,Travel,2019-05-28,4679,Low,Approved,NC,0
POL000852,CUST00852,AGT0130,Auto,2016-09-05,3765,Low,Approved,CA,0
POL000853,CUST00853,AGT0185,Health,2021-03-21,977,Low,Rejected,MI,0
POL000854,CUST00854,AGT0191,Auto,2023-12-06,808,Medium,Rejected,GA,0
POL000855,CUST00855,AGT0060,Health,2019-11-11,750,Medium,Under Investigation,FL,0
POL000856,CUST00856,AGT0164,Health,2016-06-14,3613,Low,Approved,MI,0
POL000857,CUST00857,AGT0130,Auto,2017-10-14,4306,High,Rejected,FL,0
POL000858,CUST00858,AGT0186,Home,2020-05-23,3342,High,Rejected,WA,0
POL000859,CUST00859,AGT0030,Travel,2023-12-28,1679,Low,Rejected,OH,0
POL000860,CUST00860,AGT0121,Auto,2023-05-11,3908,Low,Approved,IL,0
POL000861,CUST00861,AGT0005,Travel,2023-05-25,766,Low,Approved,CA,0
POL000862,CUST00862,AGT0072,Home,2022-06-28,4226,Low,Rejected,FL,0
POL000863,CUST00863,AGT0003,Home,2020-03-03,4513,High,Approved,CA,0
POL000864,CUST00864,AGT0089,Home,2020-10-29,3732,Medium,Approved,MI,0
POL000865,CUST00865,AGT0163,Health,2021-08-08,4456,Low,Approved,TX,1
POL000866,CUST00866,AGT0132,Auto,2021-06-09,3137,Low,Approved,TX,0
POL000867,CUST00867,AGT0064,Home,2020-09-29,2607,Low,Approved,TX,0
POL000868,CUST00868,AGT0086,Travel,2016-03-16,1951,Low,Approved,WA,0
POL000869,CUST00869,AGT0074,Home,2022-11-30,4647,Low,Rejected,WA,1
POL000870,CUST00870,AGT0147,Home,2015-02-01,3637,Medium,Under Investigation,NC,0
POL000871,CUST00871,AGT0054,Life,2018-10-31,1357,Medium,Approved,CA,0
POL000872,CUST00872,AGT0019,Health,2018-11-27,4806,High,Approved,OH,1
POL000873,CUST00873,AGT0102,Auto,2023-12-18,766,Low,Rejected,WA,0
POL000874,CUST00874,AGT0166,Home,2015-10-22,3143,Medium,Approved,CA,0
POL000875,CUST00875,AGT0096,Travel,2019-04-13,1357,Low,Under Investigation,NC,0
POL000876,CUST00876,AGT0041,Health,2018-03-21,3489,Low,Approved,CA,0
POL000877,CUST00877,AGT0010,Travel,2015-11-18,2356,High,Approved,MI,0
POL000878,CUST00878,AGT0189,Travel,2017-01-05,2467,Medium,Approved,OH,0
POL000879,CUST00879,AGT0153,Health,2018-10-18,3521,Low,Approved,MI,0
POL000880,CUST00880,AGT0032,Home,2023-03-31,3902,Low,Rejected,IL,0
POL000881,CUST00881,AGT0015,Life,2018-06-29,2210,Medium,Approved,NC,0
POL000882,CUST00882,AGT0026,Home,2022-12-01,4989,High,Under Investigation,MI,0
POL000883,CUST00883,AGT0076,Life,2021-08-08,2743,Medium,Rejected,NY,0
POL000884,CUST00884,AGT0163,Travel,2022-05-15,1221,Low,Under Investigation,GA,0
POL000885,CUST00885,AGT0032,Life,2022-09-06,528,Low,Under Investigation,IL,0
POL000886,CUST00886,AGT0164,Travel,2021-06-04,1410,Low,Approved,IL,0
POL000887,CUST00887,AGT0001,Travel,2021-08-07,3609,Low,Approved,NC,0
POL000888,CUST00888,AGT0148,Travel,2016-05-21,2927,Medium,Rejected,FL,1
POL000889,CUST00889,AGT0057,Travel,2021-06-14,2020,Medium,Approved,TX,0
POL000890,CUST00890,AGT0193,Health,2015-06-08,2666,Low,Approved,IL,0
POL000891,CUST00891,AGT0096,Auto,2021-08-20,4271,Medium,Approved,MI,0
POL000892,CUST00892,AGT0055,Auto,2020-11-18,3072,Medium,Approved,TX,0
POL000893,CUST00893,AGT0049,Health,2021-10-23,761,Medium,Under Investigation,NY,0
POL000894,CUST00894,AGT0166,Life,2020-10-11,720,Low,Approved,GA,1
POL000895,CUST00895,AGT0081,Home,2018-04-26,2669,Low,Rejected,IL,0
POL000896,CUST00896,AGT0071,Home,2018-04-28,2319,Low,Under Investigation,GA,0
POL000897,CUST00897,AGT0148,Auto,2020-05-12,4327,Low,Approved,OH,0
POL000898,CUST00898,AGT0108,Life,2019-04-03,3123,Low,Rejected,MI,0
POL000899,CUST00899,AGT0133,Health,2018-01-24,3905,Low,Approved,MI,0
POL000900,CUST00900,AGT0090,Life,2019-05-27,3133,Low,Approved,IL,0
POL000901,CUST00901,AGT0013,Auto,2019-10-30,2053,Low,Approved,IL,0
POL000902,CUST00902,AGT0002,Health,2017-02-27,3458,High,Approved,FL,0
POL000903,CUST00903,AGT0008,Auto,2020-09-28,3296,Medium,Approved,IL,1
POL000904,CUST00904,AGT0115,Health,2017-10-29,3740,Low,Approved,MI,0
POL000905,CUST00905,AGT0103,Travel,2017-05-29,1351,High,Approved,OH,0
POL000906,CUST00906,AGT0150,Home,2018-10-06,3386,Low,Approved,GA,0
POL000907,CUST00907,AGT0179,Home,2015-12-06,1784,Low,Rejected,IL,0
POL000908,CUST00908,AGT0035,Health,2020-06-05,4056,Medium,Approved,NC,1
POL000909,CUST00909,AGT0192,Health,2021-08-06,4093,Low,Rejected,NC,0
POL000910,CUST00910,AGT0187,Life,2023-08-07,3311,Low,Under Investigation,OH,0
POL000911,CUST00911,AGT0124,Travel,2017-07-20,4760,Low,Rejected,WA,0
POL000912,CUST00912,AGT0107,Life,2019-11-05,2918,Medium,Approved,MI,0
POL000913,CUST00913,AGT0036,Life,2019-07-13,613,Medium,Rejected,TX,0
POL000914,CUST00914,AGT0036,Home,2021-07-30,3227,Low,Rejected,FL,0
POL000915,CUST00915,AGT0004,Auto,2020-08-15,3999,Low,Under Investigation,WA,0
POL000916,CUST00916,AGT0130,Life,2022-04-05,955,Low,Under Investigation,IL,0
POL000917,CUST00917,AGT0087,Travel,2022-08-27,970,Medium,Approved,NY,1
POL000918,CUST00918,AGT0039,Home,2016-01-08,1729,Low,Rejected,NC,1
POL000919,CUST00919,AGT0027,Auto,2018-03-12,4299,High,Rejected,GA,0
POL000920,CUST00920,AGT0013,Life,2020-11-16,2873,Medium,Approved,TX,0
POL000921,CUST00921,AGT0129,Travel,2019-11-22,4893,Low,Approved,CA,1
POL000922,CUST00922,AGT0138,Health,2019-05-04,4428,Medium,Rejected,MI,0
POL000923,CUST00923,AGT0127,Auto,2016-07-23,2996,Low,Rejected,NC,0
POL000924,CUST00924,AGT0023,Life,2020-02-25,3555,Low,Approved,NY,0
POL000925,CUST00925,AGT0009,Health,2021-08-30,1989,Low,Approved,MI,0
POL000926,CUST00926,AGT0022,Life,2015-05-07,906,Low,Approved,TX,0
POL000927,CUST00927,AGT0151,Life,2020-04-27,2294,Medium,Approved,MI,0
POL000928,CUST00928,AGT0148,Health,2023-02-25,3165,High,Under Investigation,CA,0
POL000929,CUST00929,AGT0059,Auto,2020-02-29,1319,Low,Under Investigation,GA,0
POL000930,CUST00930,AGT0012,Home,2023-07-28,1497,Low,Approved,MI,0
POL000931,CUST00931,AGT0064,Home,2018-03-04,567,Medium,Approved,GA,0
POL000932,CUST00932,AGT0162,Travel,2015-01-12,3803,Low,Rejected,NC,0
POL000933,CUST00933,AGT0029,Health,2021-02-19,4547,Low,Rejected,NY,0
POL000934,CUST00934,AGT0160,Health,2016-11-30,4223,High,Approved,FL,0
POL000935,CUST00935,AGT0093,Travel,2015-02-01,2209,Medium,Approved,FL,0
POL000936,CUST00936,AGT0029,Life,2016-08-15,3170,High,Approved,TX,0
POL000937,CUST00937,AGT0187,Life,2023-05-28,4823,Low,Rejected,FL,0
POL000938,CUST00938,AGT0104,Travel,2022-01-11,3161,Low,Rejected,FL,1
POL000939,CUST00939,AGT0135,Life,2017-06-22,1831,Low,Approved,NC,0
POL000940,CUST00940,AGT0020,Travel,2020-05-19,2023,High,Under Investigation,FL,1
POL000941,CUST00941,AGT0075,Life,2018-01-20,3772,Low,Rejected,TX,0
POL000942,CUST00942,AGT0127,Home,2016-08-05,2508,Low,Under Investigation,NC,0
POL000943,CUST00943,AGT0130,Auto,2023-11-22,4267,Low,Approved,OH,0
POL000944,CUST00944,AGT0013,Life,2022-04-28,4388,Medium,Approved,FL,0
POL000945,CUST00945,AGT0121,Life,2018-04-09,661,Medium,Under Investigation,NC,0
POL000946,CUST00946,AGT0189,Travel,2018-03-07,3754,Medium,Under Investigation,FL,0
POL000947,CUST00947,AGT0158,Life,2022-05-04,2164,Low,Under Investigation,NC,0
POL000948,CUST00948,AGT0042,Home,2019-02-23,2838,Medium,Rejected,CA,0
POL000949,CUST00949,AGT0183,Home,2018-05-23,1691,Low,Approved,OH,0
POL000950,CUST00950,AGT0137,Auto,2018-06-26,2157,Low,Approved,OH,0
POL000951,CUST00951,AGT0012,Auto,2019-01-08,1986,Low,Approved,NY,0
POL000952,CUST00952,AGT0026,Auto,2019-09-10,726,Medium,Under Investigation,GA,0
POL000953,CUST00953,AGT0185,Travel,2015-05-12,4022,Low,Approved,NY,0
POL000954,CUST00954,AGT0042,Life,2019-04-27,1143,High,Rejected,GA,0
POL000955,CUST00955,AGT0020,Health,2018-12-16,2191,Low,Under Investigation,FL,0
POL000956,CUST00956,AGT0091,Home,2017-06-21,1368,Low,Under Investigation,OH,0
POL000957,CUST00957,AGT0106,Home,2018-03-13,1222,Medium,Under Investigation,NC,0
POL000958,CUST00958,AGT0115,Health,2018-10-27,2180,Medium,Approved,WA,0
POL000959,CUST00959,AGT0132,Home,2018-04-17,4634,Low,Approved,NY,0
POL000960,CUST00960,AGT0200,Health,2023-03-04,4748,Medium,Under Investigation,IL,0
POL000961,CUST00961,AGT0152,Life,2019-10-03,2217,Low,Approved,IL,0
POL000962,CUST00962,AGT0006,Life,2019-07-11,2773,Low,Approved,MI,0
POL000963,CUST00963,AGT0018,Auto,2017-05-14,4935,Medium,Under Investigation,WA,1
POL000964,CUST00964,AGT0001,Home,2023-03-31,1556,Medium,Rejected,GA,1
POL000965,CUST00965,AGT0080,Travel,2015-03-18,4751,Low,Approved,MI,0
POL000966,CUST00966,AGT0071,Travel,2019-12-13,975,Low,Approved,CA,0
POL000967,CUST00967,AGT0187,Life,2016-07-08,1516,Medium,Approved,NC,0
POL000968,CUST00968,AGT0074,Life,2021-12-01,2022,Low,Under Investigation,MI,0
POL000969,CUST00969,AGT0007,Auto,2018-05-28,666,High,Rejected,NC,0
POL000970,CUST00970,AGT0177,Travel,2017-08-22,4170,Medium,Approved,OH,0
POL000971,CUST00971,AGT0053,Life,2015-07-10,4349,High,Approved,MI,0
POL000972,CUST00972,AGT0183,Travel,2022-02-10,2225,Low,Under Investigation,GA,1
POL000973,CUST00973,AGT0155,Travel,2018-07-26,4263,Medium,Under Investigation,MI,1
POL000974,CUST00974,AGT0177,Health,2017-05-18,3976,Low,Approved,TX,0
POL000975,CUST00975,AGT0164,Auto,2022-08-06,4106,Low,Rejected,GA,0
POL000976,CUST00976,AGT0029,Life,2015-03-06,4112,Low,Approved,IL,0
POL000977,CUST00977,AGT0126,Home,2019-03-21,3080,Low,Approved,MI,0
POL000978,CUST00978,AGT0083,Auto,2016-06-12,998,High,Approved,MI,0
POL000979,CUST00979,AGT0126,Health,2016-02-22,4655,Medium,Approved,MI,0
POL000980,CUST00980,AGT0150,Travel,2015-03-13,3238,Medium,Approved,FL,0
POL000981,CUST00981,AGT0101,Health,2016-09-06,4555,Medium,Approved,IL,0
POL000982,CUST00982,AGT0063,Health,2023-07-10,4815,Medium,Approved,CA,0
POL000983,CUST00983,AGT0184,Life,2019-01-03,1342,Medium,Approved,WA,0
POL000984,CUST00984,AGT0133,Life,2023-12-30,2309,Medium,Approved,FL,0
POL000985,CUST00985,AGT0178,Health,2017-05-28,1366,Medium,Rejected,GA,0
POL000986,CUST00986,AGT0048,Travel,2021-11-09,729,Medium,Approved,IL,0
POL000987,CUST00987,AGT0168,Home,2015-10-22,4848,Low,Approved,WA,0
POL000988,CUST00988,AGT0065,Auto,2015-12-22,4654,High,Under Investigation,MI,1
POL000989,CUST00989,AGT0093,Health,2015-02-23,4692,Low,Approved,NC,0
POL000990,CUST00990,AGT0173,Travel,2023-02-01,4476,Low,Under Investigation,GA,0
POL000991,CUST00991,AGT0071,Auto,2021-01-15,3419,High,Rejected,TX,0
POL000992,CUST00992,AGT0051,Auto,2021-09-10,2849,Low,Rejected,WA,0
POL000993,CUST00993,AGT0184,Life,2023-05-06,4961,Low,Approved,CA,0
POL000994,CUST00994,AGT0193,Home,2017-12-27,2985,Low,Approved,IL,0
POL000995,CUST00995,AGT0063,Health,2021-07-02,3390,Low,Rejected,NY,0
POL000996,CUST00996,AGT0062,Home,2019-07-09,1452,High,Rejected,NY,0
POL000997,CUST00997,AGT0046,Auto,2019-11-19,3860,Medium,Approved,WA,0
POL000998,CUST00998,AGT0005,Health,2020-12-14,4187,Low,Rejected,FL,1
POL000999,CUST00999,AGT0111,Health,2019-03-25,3553,High,Approved,OH,0
POL001000,CUST01000,AGT0051,Home,2015-03-21,2743,Medium,Under Investigation,FL,0
POL001001,CUST01001,AGT0170,Life,2015-09-04,1390,High,Rejected,WA,1
POL001002,CUST01002,AGT0035,Travel,2019-07-07,652,Low,Approved,NC,0
POL001003,CUST01003,AGT0128,Auto,2020-02-16,3322,Low,Under Investigation,IL,1
POL001004,CUST01004,AGT0102,Health,2021-08-03,3573,Low,Under Investigation,CA,0
POL001005,CUST01005,AGT0123,Health,2020-02-24,3976,Low,Rejected,TX,0
POL001006,CUST01006,AGT0023,Home,2016-09-10,4777,Medium,Approved,FL,0
POL001007,CUST01007,AGT0094,Home,2018-04-20,2738,Low,Rejected,IL,0
POL001008,CUST01008,AGT0126,Travel,2018-12-29,4231,Medium,Rejected,MI,0
POL001009,CUST01009,AGT0069,Travel,2023-11-08,3723,Medium,Approved,TX,0
POL001010,CUST01010,AGT0175,Life,2019-10-16,1747,Low,Under Investigation,OH,0
POL001011,CUST01011,AGT0106,Auto,2020-09-17,4303,Low,Approved,NY,0
POL001012,CUST01012,AGT0073,Auto,2021-08-14,739,Medium,Under Investigation,CA,0
POL001013,CUST01013,AGT0007,Travel,2018-04-05,3195,High,Rejected,GA,0
POL001014,CUST01014,AGT0034,Travel,2023-09-05,4731,Low,Approved,NC,0
POL001015,CUST01015,AGT0096,Health,2021-01-26,3465,High,Under Investigation,WA,0
POL001016,CUST01016,AGT0081,Auto,2022-08-19,4716,Medium,Approved,OH,0
POL001017,CUST01017,AGT0175,Life,2021-09-27,752,Medium,Approved,NY,0
POL001018,CUST01018,AGT0158,Home,2020-08-04,2895,Low,Approved,MI,0
POL001019,CUST01019,AGT0032,Travel,2015-04-12,4012,Medium,Approved,FL,1
POL001020,CUST01020,AGT0119,Home,2020-04-01,3390,Medium,Rejected,GA,0
POL001021,CUST01021,AGT0091,Life,2016-03-01,4462,Low,Approved,WA,0
POL001022,CUST01022,AGT0021,Life,2020-06-05,2581,High,Under Investigation,CA,0
POL001023,CUST01023,AGT0134,Auto,2021-04-23,3571,High,Under Investigation,WA,0
POL001024,CUST01024,AGT0108,Auto,2019-11-27,2388,Low,Rejected,FL,0
POL001025,CUST01025,AGT0018,Life,2017-10-10,4424,Medium,Approved,IL,0
POL001026,CUST01026,AGT0094,Auto,2015-07-15,1037,Medium,Rejected,FL,0
POL001027,CUST01027,AGT0147,Health,2021-01-14,1643,Medium,Approved,TX,0
POL001028,CUST01028,AGT0066,Life,2021-04-13,935,Medium,Rejected,NC,0
POL001029,CUST01029,AGT0072,Health,2019-04-20,3659,Low,Approved,IL,0
POL001030,CUST01030,AGT0023,Auto,2021-06-11,1547,Low,Under Investigation,OH,0
POL001031,CUST01031,AGT0041,Auto,2022-01-04,1927,Low,Approved,IL,0
POL001032,CUST01032,AGT0197,Home,2019-08-12,4264,High,Approved,NC,0
POL001033,CUST01033,AGT0125,Life,2015-06-06,2120,Low,Under Investigation,WA,0
POL001034,CUST01034,AGT0036,Life,2022-10-31,1156,High,Approved,OH,0
POL001035,CUST01035,AGT0097,Travel,2019-03-14,594,Low,Under Investigation,TX,0
POL001036,CUST01036,AGT0039,Life,2021-01-18,1520,Low,Under Investigation,NY,0
POL001037,CUST01037,AGT0089,Life,2023-03-13,4616,High,Approved,IL,0
POL001038,CUST01038,AGT0030,Health,2018-04-06,2968,Medium,Approved,TX,0
POL001039,CUST01039,AGT0124,Health,2020-08-05,4976,Low,Approved,FL,0
POL001040,CUST01040,AGT0115,Health,2015-03-06,1468,Low,Rejected,FL,1
POL001041,CUST01041,AGT0127,Auto,2022-12-18,2081,Low,Under Investigation,WA,1
POL001042,CUST01042,AGT0089,Travel,2015-07-14,1234,Low,Approved,IL,0
POL001043,CUST01043,AGT0058,Health,2019-11-14,2292,Low,Rejected,MI,0
POL001044,CUST01044,AGT0050,Home,2018-03-02,3034,Medium,Approved,OH,0
POL001045,CUST01045,AGT0044,Health,2015-04-28,4136,Low,Rejected,OH,1
POL001046,CUST01046,AGT0086,Auto,2019-02-27,2156,Low,Rejected,WA,0
POL001047,CUST01047,AGT0091,Travel,2023-06-02,3971,Low,Under Investigation,GA,0
POL001048,CUST01048,AGT0135,Health,2016-07-02,3317,Low,Approved,FL,0
POL001049,CUST01049,AGT0011,Auto,2017-08-18,1813,High,Approved,FL,0
POL001050,CUST01050,AGT0057,Health,2016-09-14,4604,Low,Approved,GA,0
POL001051,CUST01051,AGT0171,Auto,2016-02-15,2454,Low,Approved,CA,0
POL001052,CUST01052,AGT0184,Travel,2017-01-26,1179,Medium,Approved,TX,1
POL001053,CUST01053,AGT0187,Auto,2020-02-23,4832,High,Under Investigation,CA,0
POL001054,CUST01054,AGT0062,Health,2022-01-08,4610,Medium,Approved,NC,1
POL001055,CUST01055,AGT0028,Health,2021-03-18,722,Medium,Approved,IL,0
POL001056,CUST01056,AGT0040,Auto,2021-12-09,4561,High,Rejected,CA,0
POL001057,CUST01057,AGT0027,Auto,2021-06-09,4763,Medium,Approved,NC,0
POL001058,CUST01058,AGT0191,Home,2018-06-12,4230,High,Approved,GA,0
POL001059,CUST01059,AGT0177,Health,2023-02-06,1647,Low,Under Investigation,NC,0
POL001060,CUST01060,AGT0163,Auto,2016-07-20,3340,Medium,Approved,TX,0
POL001061,CUST01061,AGT0146,Health,2021-04-18,2922,High,Approved,MI,0
POL001062,CUST01062,AGT0069,Health,2015-12-31,3290,High,Approved,TX,0
POL001063,CUST01063,AGT0096,Home,2021-11-20,3273,Low,Approved,OH,0
POL001064,CUST01064,AGT0169,Travel,2015-10-14,3376,Medium,Approved,OH,0
POL001065,CUST01065,AGT0163,Health,2016-12-11,2813,Low,Approved,FL,0
POL001066,CUST01066,AGT0104,Life,2018-07-09,3607,Medium,Approved,NY,0
POL001067,CUST01067,AGT0168,Life,2021-04-01,2869,Low,Under Investigation,CA,0
POL001068,CUST01068,AGT0070,Auto,2015-05-30,574,Medium,Approved,IL,0
POL001069,CUST01069,AGT0083,Home,2017-04-25,658,Medium,Approved,GA,1
POL001070,CUST01070,AGT0168,Home,2018-01-01,4811,Low,Approved,NY,0
POL001071,CUST01071,AGT0076,Home,2021-07-30,4591,Low,Under Investigation,OH,0
POL001072,CUST01072,AGT0151,Auto,2023-08-26,3135,Low,Approved,WA,0
POL001073,CUST01073,AGT0091,Home,2020-07-11,1285,Medium,Under Investigation,FL,0
POL001074,CUST01074,AGT0060,Auto,2019-07-26,4016,Medium,Approved,FL,0
POL001075,CUST01075,AGT0044,Travel,2018-01-10,1144,Medium,Under Investigation,TX,0
POL001076,CUST01076,AGT0122,Home,2022-05-27,2197,Low,Approved,OH,0
POL001077,CUST01077,AGT0096,Auto,2015-12-19,1984,Medium,Approved,FL,0
POL001078,CUST01078,AGT0074,Home,2016-02-29,555,Medium,Approved,MI,0
POL001079,CUST01079,AGT0149,Travel,2016-10-23,4131,Low,Approved,FL,0
POL001080,CUST01080,AGT0001,Life,2017-05-30,2793,Low,Rejected,GA,0
POL001081,CUST01081,AGT0019,Health,2019-02-25,1923,Low,Rejected,TX,0
POL001082,CUST01082,AGT0193,Travel,2023-07-08,2782,Low,Rejected,NY,0
POL001083,CUST01083,AGT0133,Auto,2020-11-07,500,Low,Approved,TX,0
POL001084,CUST01084,AGT0110,Health,2018-06-14,2466,Low,Rejected,OH,0
POL001085,CUST01085,AGT0003,Auto,2016-11-26,2838,Low,Approved,CA,0
POL001086,CUST01086,AGT0120,Travel,2020-10-31,2028,Low,Under Investigation,CA,0
POL001087,CUST01087,AGT0087,Life,2017-04-11,4236,Low,Rejected,OH,0
POL001088,CUST01088,AGT0120,Home,2023-10-13,1624,Medium,Approved,OH,0
POL001089,CUST01089,AGT0009,Life,2019-04-19,1120,Medium,Under Investigation,NY,0
POL001090,CUST01090,AGT0111,Health,2019-12-15,2873,Low,Approved,IL,0
POL001091,CUST01091,AGT0116,Auto,2023-02-16,4492,Medium,Approved,IL,0
POL001092,CUST01092,AGT0059,Travel,2017-09-30,2188,Medium,Approved,NC,0
POL001093,CUST01093,AGT0011,Travel,2019-03-31,709,Low,Rejected,IL,0
POL001094,CUST01094,AGT0195,Auto,2019-10-14,4864,Low,Approved,MI,0
POL001095,CUST01095,AGT0142,Auto,2017-06-09,2499,Low,Approved,FL,0
POL001096,CUST01096,AGT0125,Home,2015-06-29,1278,Medium,Rejected,TX,0
POL001097,CUST01097,AGT0154,Auto,2017-07-21,3270,Low,Approved,IL,0
POL001098,CUST01098,AGT0135,Life,2016-01-05,1938,Low,Rejected,CA,0
POL001099,CUST01099,AGT0027,Travel,2021-01-29,4720,Medium,Approved,GA,0
POL001100,CUST01100,AGT0091,Health,2015-01-24,1822,High,Approved,NY,0
POL001101,CUST01101,AGT0178,Health,2017-11-05,2975,Low,Under Investigation,NY,1
POL001102,CUST01102,AGT0058,Travel,2022-12-15,2944,Medium,Approved,OH,0
POL001103,CUST01103,AGT0195,Health,2020-02-12,1590,Low,Rejected,CA,0
POL001104,CUST01104,AGT0013,Health,2021-01-14,2746,Medium,Rejected,NY,0
POL001105,CUST01105,AGT0067,Auto,2021-01-05,990,Medium,Under Investigation,WA,1
POL001106,CUST01106,AGT0071,Travel,2017-09-07,3396,Medium,Approved,GA,0
POL001107,CUST01107,AGT0124,Travel,2020-09-08,3912,Low,Rejected,OH,1
POL001108,CUST01108,AGT0036,Auto,2016-12-27,4775,Low,Approved,OH,0
POL001109,CUST01109,AGT0046,Travel,2020-09-19,1966,Medium,Approved,IL,0
POL001110,CUST01110,AGT0133,Auto,2021-02-22,1783,Low,Approved,WA,0
POL001111,CUST01111,AGT0057,Auto,2022-11-19,2969,High,Approved,WA,0
POL001112,CUST01112,AGT0176,Health,2023-04-10,3617,Low,Approved,IL,0
POL001113,CUST01113,AGT0175,Home,2015-03-20,4966,Low,Approved,WA,0
POL001114,CUST01114,AGT0061,Travel,2017-09-09,612,Low,Approved,CA,0
POL001115,CUST01115,AGT0112,Life,2019-12-03,1572,Low,Rejected,NY,0
POL001116,CUST01116,AGT0067,Auto,2017-11-22,1680,Medium,Approved,NY,1
POL001117,CUST01117,AGT0069,Home,2020-07-25,1649,Low,Approved,GA,1
POL001118,CUST01118,AGT0135,Travel,2022-09-08,2586,Medium,Approved,GA,0
POL001119,CUST01119,AGT0059,Life,2017-04-27,4428,Medium,Approved,IL,0
POL001120,CUST01120,AGT0030,Health,2023-01-14,639,High,Rejected,FL,0
POL001121,CUST01121,AGT0052,Auto,2022-12-08,4171,Medium,Under Investigation,OH,0
POL001122,CUST01122,AGT0186,Home,2023-03-23,3279,High,Approved,FL,1
POL001123,CUST01123,AGT0052,Home,2015-08-30,3268,High,Rejected,IL,0
POL001124,CUST01124,AGT0073,Health,2017-08-21,3552,Low,Approved,NY,0
POL001125,CUST01125,AGT0126,Auto,2016-02-12,1019,High,Under Investigation,MI,0
POL001126,CUST01126,AGT0021,Auto,2016-01-31,3860,High,Approved,NC,0
POL001127,CUST01127,AGT0054,Home,2015-06-24,1616,Low,Approved,TX,0
POL001128,CUST01128,AGT0035,Travel,2018-12-16,2824,Medium,Approved,WA,0
POL001129,CUST01129,AGT0185,Home,2015-10-14,3545,Low,Approved,GA,0
POL001130,CUST01130,AGT0187,Home,2017-08-29,3217,Medium,Rejected,NY,0
POL001131,CUST01131,AGT0152,Travel,2023-10-30,1954,Low,Approved,OH,0
POL001132,CUST01132,AGT0050,Life,2022-12-14,2282,Medium,Approved,TX,0
POL001133,CUST01133,AGT0124,Life,2023-06-07,2644,Low,Approved,CA,1
POL001134,CUST01134,AGT0133,Home,2015-05-01,685,Medium,Under Investigation,IL,0
POL001135,CUST01135,AGT0174,Life,2020-12-11,3767,Low,Rejected,NC,0
POL001136,CUST01136,AGT0032,Home,2020-09-13,949,Medium,Under Investigation,NY,0
POL001137,CUST01137,AGT0148,Life,2016-03-12,2563,Low,Under Investigation,NY,0
POL001138,CUST01138,AGT0039,Life,2023-02-25,3447,Medium,Under Investigation,WA,0
POL001139,CUST01139,AGT0114,Life,2018-08-21,861,Low,Approved,WA,1
POL001140,CUST01140,AGT0176,Travel,2023-10-15,4979,Low,Approved,IL,0
POL001141,CUST01141,AGT0013,Health,2016-01-10,2197,Low,Approved,CA,0
POL001142,CUST01142,AGT0030,Life,2020-11-06,571,High,Approved,GA,0
POL001143,CUST01143,AGT0163,Auto,2016-03-05,3463,Low,Rejected,NC,0
POL001144,CUST01144,AGT0004,Home,2023-07-19,3009,Medium,Approved,WA,0
POL001145,CUST01145,AGT0138,Travel,2020-06-19,3381,Low,Approved,WA,0
POL001146,CUST01146,AGT0101,Life,2015-09-06,3879,Medium,Rejected,GA,0
POL001147,CUST01147,AGT0070,Health,2016-12-06,2640,Low,Approved,TX,0
POL001148,CUST01148,AGT0173,Life,2018-03-26,4220,Low,Approved,FL,0
POL001149,CUST01149,AGT0170,Health,2015-02-12,2165,Low,Approved,NC,0
POL001150,CUST01150,AGT0066,Home,2015-01-29,2953,Low,Rejected,GA,0
POL001151,CUST01151,AGT0001,Health,2023-04-30,1213,Low,Approved,IL,1
POL001152,CUST01152,AGT0026,Life,2023-10-30,3289,Low,Approved,IL,0
POL001153,CUST01153,AGT0022,Auto,2019-10-28,1677,Medium,Approved,NC,1
POL001154,CUST01154,AGT0197,Home,2023-02-14,3635,High,Rejected,IL,0
POL001155,CUST01155,AGT0120,Travel,2020-11-23,4104,Low,Approved,TX,0
POL001156,CUST01156,AGT0136,Life,2015-04-03,4365,High,Approved,WA,1
POL001157,CUST01157,AGT0047,Home,2021-06-05,4680,Low,Under Investigation,NY,1
POL001158,CUST01158,AGT0171,Travel,2015-03-01,1050,Low,Under Investigation,FL,1
POL001159,CUST01159,AGT0145,Auto,2022-05-07,1120,Low,Approved,CA,0
POL001160,CUST01160,AGT0151,Travel,2018-04-20,4667,Low,Approved,IL,0
POL001161,CUST01161,AGT0094,Health,2016-04-09,2213,Low,Approved,WA,1
POL001162,CUST01162,AGT0140,Travel,2017-04-29,617,High,Rejected,TX,0
POL001163,CUST01163,AGT0109,Travel,2021-02-23,1791,Medium,Approved,FL,0
POL001164,CUST01164,AGT0077,Life,2022-08-15,4262,Medium,Under Investigation,TX,0
POL001165,CUST01165,AGT0119,Life,2020-02-19,2097,Low,Rejected,CA,1
POL001166,CUST01166,AGT0065,Life,2016-06-11,845,Low,Approved,GA,0
POL001167,CUST01167,AGT0191,Health,2023-02-05,3749,Medium,Approved,FL,0
POL001168,CUST01168,AGT0144,Auto,2022-02-11,1375,Low,Under Investigation,NC,0
POL001169,CUST01169,AGT0148,Health,2018-09-08,2087,Low,Rejected,IL,0
POL001170,CUST01170,AGT0144,Home,2019-12-27,517,Low,Rejected,GA,1
POL001171,CUST01171,AGT0090,Life,2023-09-03,3208,Low,Approved,CA,0
POL001172,CUST01172,AGT0191,Health,2018-05-25,2503,Medium,Rejected,NY,0
POL001173,CUST01173,AGT0042,Home,2015-03-26,4401,Low,Rejected,IL,0
POL001174,CUST01174,AGT0114,Auto,2016-04-23,2004,Low,Under Investigation,CA,0
POL001175,CUST01175,AGT0014,Auto,2020-05-26,1420,High,Approved,IL,0
POL001176,CUST01176,AGT0059,Travel,2023-12-23,1246,High,Approved,IL,0
POL001177,CUST01177,AGT0115,Travel,2021-08-28,1400,Low,Approved,IL,0
POL001178,CUST01178,AGT0098,Travel,2020-07-23,2529,Low,Rejected,OH,0
POL001179,CUST01179,AGT0189,Health,2017-11-27,892,Medium,Under Investigation,NC,0
POL001180,CUST01180,AGT0123,Home,2018-12-14,2310,Low,Approved,NC,0
POL001181,CUST01181,AGT0083,Life,2015-05-07,4346,Low,Approved,CA,0
POL001182,CUST01182,AGT0086,Health,2018-05-04,3954,Low,Approved,GA,1
POL001183,CUST01183,AGT0123,Life,2020-08-10,3367,Low,Rejected,WA,1
POL001184,CUST01184,AGT0159,Life,2023-02-24,4519,High,Under Investigation,MI,0
POL001185,CUST01185,AGT0056,Home,2023-04-20,4010,Medium,Approved,NY,0
POL001186,CUST01186,AGT0117,Home,2022-05-22,3436,High,Approved,NC,0
POL001187,CUST01187,AGT0115,Health,2015-03-12,4383,Medium,Under Investigation,MI,0
POL001188,CUST01188,AGT0002,Travel,2022-04-19,1059,Medium,Approved,NY,0
POL001189,CUST01189,AGT0183,Travel,2016-12-19,4182,Medium,Approved,MI,1
POL001190,CUST01190,AGT0114,Travel,2020-07-17,1829,Medium,Approved,GA,0
POL001191,CUST01191,AGT0049,Life,2023-07-07,3798,Low,Approved,NC,0
POL001192,CUST01192,AGT0127,Health,2022-12-27,4609,Low,Approved,NC,0
POL001193,CUST01193,AGT0136,Life,2020-12-23,2732,Medium,Rejected,NC,0
POL001194,CUST01194,AGT0184,Health,2017-09-10,899,Low,Approved,WA,0
POL001195,CUST01195,AGT0007,Travel,2019-09-08,2166,Low,Rejected,MI,0
POL001196,CUST01196,AGT0083,Health,2021-05-01,2330,Low,Rejected,IL,0
POL001197,CUST01197,AGT0037,Home,2019-08-17,4715,Medium,Approved,OH,0
POL001198,CUST01198,AGT0115,Auto,2018-08-22,4741,Low,Approved,GA,0
POL001199,CUST01199,AGT0101,Auto,2018-08-16,3058,Low,Approved,MI,0
POL001200,CUST01200,AGT0095,Health,2020-05-25,4777,Low,Approved,NY,0
POL001201,CUST01201,AGT0197,Home,2015-04-28,2463,Low,Rejected,NY,0
POL001202,CUST01202,AGT0107,Auto,2023-12-24,2350,High,Approved,NC,0
POL001203,CUST01203,AGT0083,Travel,2015-12-02,4264,Low,Rejected,WA,0
POL001204,CUST01204,AGT0014,Auto,2023-11-10,3503,Low,Approved,WA,0
POL001205,CUST01205,AGT0058,Travel,2015-04-27,2850,Low,Approved,TX,1
POL001206,CUST01206,AGT0180,Health,2019-08-12,2555,Medium,Approved,WA,1
POL001207,CUST01207,AGT0091,Health,2018-10-04,3675,Medium,Approved,NC,0
POL001208,CUST01208,AGT0183,Auto,2020-02-29,3890,Low,Rejected,TX,0
POL001209,CUST01209,AGT0107,Travel,2018-11-25,2707,Low,Rejected,CA,0
POL001210,CUST01210,AGT0110,Life,2023-01-27,642,Medium,Approved,FL,0
POL001211,CUST01211,AGT0086,Auto,2015-02-24,958,High,Rejected,WA,0
POL001212,CUST01212,AGT0112,Auto,2023-11-13,1148,Low,Rejected,NC,0
POL001213,CUST01213,AGT0014,Life,2021-03-15,2579,Low,Approved,OH,0
POL001214,CUST01214,AGT0012,Travel,2022-01-02,3263,Low,Approved,GA,0
POL001215,CUST01215,AGT0096,Auto,2016-04-04,4116,Low,Approved,IL,0
POL001216,CUST01216,AGT0120,Health,2015-08-03,1546,Medium,Approved,WA,0
POL001217,CUST01217,AGT0111,Home,2018-07-28,4039,High,Under Investigation,TX,0
POL001218,CUST01218,AGT0086,Auto,2017-11-26,3497,High,Approved,NY,0
POL001219,CUST01219,AGT0059,Health,2022-01-16,732,Medium,Approved,FL,0
POL001220,CUST01220,AGT0142,Auto,2023-01-25,2080,Low,Rejected,MI,1
POL001221,CUST01221,AGT0121,Home,2018-11-05,1861,High,Approved,OH,1
POL001222,CUST01222,AGT0010,Life,2021-11-29,4489,Low,Rejected,GA,0
POL001223,CUST01223,AGT0091,Home,2015-07-15,4645,Low,Approved,WA,0
POL001224,CUST01224,AGT0143,Health,2021-09-04,4186,Medium,Approved,TX,0
POL001225,CUST01225,AGT0157,Home,2015-11-23,2876,Low,Approved,WA,0
POL001226,CUST01226,AGT0058,Home,2021-01-03,2717,Medium,Approved,TX,0
POL001227,CUST01227,AGT0185,Auto,2018-06-09,1901,High,Approved,NC,0
POL001228,CUST01228,AGT0131,Auto,2018-09-26,3978,Medium,Rejected,NC,0
POL001229,CUST01229,AGT0088,Auto,2017-06-27,888,Medium,Rejected,MI,0
POL001230,CUST01230,AGT0126,Travel,2018-08-18,1720,Low,Rejected,TX,1
POL001231,CUST01231,AGT0175,Life,2022-11-13,1108,Low,Approved,WA,0
POL001232,CUST01232,AGT0046,Auto,2022-04-12,2724,Medium,Under Investigation,NC,0
POL001233,CUST01233,AGT0031,Health,2018-01-23,1848,Medium,Approved,TX,0
POL001234,CUST01234,AGT0089,Home,2017-08-23,1388,High,Rejected,OH,0
POL001235,CUST01235,AGT0017,Auto,2019-07-31,2193,Low,Rejected,MI,0
POL001236,CUST01236,AGT0168,Travel,2021-02-28,4373,Low,Approved,IL,1
POL001237,CUST01237,AGT0195,Travel,2016-08-22,3011,Low,Approved,NY,0
POL001238,CUST01238,AGT0122,Health,2021-07-14,4203,Medium,Rejected,FL,0
POL001239,CUST01239,AGT0196,Auto,2023-07-15,4612,Medium,Rejected,OH,0
POL001240,CUST01240,AGT0014,Health,2022-08-07,4559,High,Approved,WA,1
POL001241,CUST01241,AGT0127,Home,2019-12-07,2079,Low,Rejected,GA,0
POL001242,CUST01242,AGT0089,Travel,2017-11-17,4448,Low,Approved,NC,0
POL001243,CUST01243,AGT0056,Health,2017-11-29,4592,Low,Approved,NC,0
POL001244,CUST01244,AGT0063,Health,2021-09-03,4818,Low,Rejected,NC,1
POL001245,CUST01245,AGT0110,Health,2019-02-03,2079,Low,Rejected,IL,0
POL001246,CUST01246,AGT0129,Auto,2015-12-16,1527,Medium,Approved,NC,0
POL001247,CUST01247,AGT0033,Auto,2021-02-04,3129,Low,Approved,NY,0
POL001248,CUST01248,AGT0123,Home,2016-03-29,4693,Low,Approved,OH,0
POL001249,CUST01249,AGT0186,Life,2023-11-17,4552,Medium,Approved,NY,0
POL001250,CUST01250,AGT0003,Auto,2018-10-03,3070,Medium,Approved,WA,0
POL001251,CUST01251,AGT0176,Health,2018-01-28,1171,Low,Approved,NC,1
POL001252,CUST01252,AGT0122,Travel,2015-07-01,2401,Low,Rejected,OH,1
POL001253,CUST01253,AGT0069,Travel,2016-07-05,3713,Medium,Approved,IL,1
POL001254,CUST01254,AGT0147,Life,2023-07-12,3021,Medium,Approved,OH,0
POL001255,CUST01255,AGT0124,Home,2019-10-31,2054,Medium,Approved,NC,1
POL001256,CUST01256,AGT0154,Home,2023-02-11,2041,Low,Approved,FL,0
POL001257,CUST01257,AGT0017,Health,2023-08-08,768,Medium,Approved,MI,0
POL001258,CUST01258,AGT0012,Health,2015-06-10,1798,High,Approved,FL,0
POL001259,CUST01259,AGT0129,Health,2018-06-05,3512,Low,Approved,TX,0
POL001260,CUST01260,AGT0061,Life,2022-07-17,1585,Low,Approved,NC,0
POL001261,CUST01261,AGT0048,Life,2019-06-17,4970,High,Approved,NC,1
POL001262,CUST01262,AGT0085,Life,2019-07-31,870,Low,Under Investigation,NY,0
POL001263,CUST01263,AGT0146,Life,2020-02-17,3149,Medium,Approved,GA,0
POL001264,CUST01264,AGT0036,Auto,2021-04-25,2734,High,Approved,NC,0
POL001265,CUST01265,AGT0195,Life,2023-06-12,4249,Low,Approved,NC,0
POL001266,CUST01266,AGT0085,Travel,2022-12-24,4494,Medium,Approved,WA,0
POL001267,CUST01267,AGT0031,Life,2020-08-16,2945,Low,Approved,MI,0
POL001268,CUST01268,AGT0015,Home,2020-03-10,3335,High,Rejected,IL,0
POL001269,CUST01269,AGT0172,Health,2018-04-01,3645,High,Approved,FL,0
POL001270,CUST01270,AGT0023,Life,2016-01-18,2844,High,Approved,CA,0
POL001271,CUST01271,AGT0084,Home,2021-05-18,1331,Low,Approved,OH,0
POL001272,CUST01272,AGT0134,Health,2015-01-09,2428,Medium,Approved,GA,0
POL001273,CUST01273,AGT0103,Home,2021-04-13,1586,High,Under Investigation,GA,0
POL001274,CUST01274,AGT0053,Auto,2019-06-21,2589,Medium,Approved,CA,0
POL001275,CUST01275,AGT0022,Travel,2022-01-28,3268,Medium,Approved,NC,1
POL001276,CUST01276,AGT0143,Life,2023-07-17,1441,Low,Approved,NC,0
POL001277,CUST01277,AGT0099,Health,2019-12-23,1622,High,Approved,NC,0
POL001278,CUST01278,AGT0010,Life,2020-02-25,4203,Low,Approved,OH,1
POL001279,CUST01279,AGT0037,Auto,2019-05-21,2199,Low,Approved,CA,0
POL001280,CUST01280,AGT0113,Health,2018-05-10,1392,High,Approved,IL,0
POL001281,CUST01281,AGT0034,Life,2015-10-20,3709,High,Approved,GA,0
POL001282,CUST01282,AGT0079,Auto,2015-04-12,3724,High,Rejected,OH,0
POL001283,CUST01283,AGT0025,Life,2021-07-03,4217,Low,Approved,OH,0
POL001284,CUST01284,AGT0160,Travel,2023-03-26,3919,Low,Approved,OH,0
POL001285,CUST01285,AGT0127,Home,2015-06-26,4963,Low,Under Investigation,OH,0
POL001286,CUST01286,AGT0157,Health,2017-12-11,3086,Low,Approved,NY,0
POL001287,CUST01287,AGT0011,Life,2020-06-21,1790,High,Under Investigation,GA,0
POL001288,CUST01288,AGT0076,Health,2021-05-04,4383,Medium,Under Investigation,FL,0
POL001289,CUST01289,AGT0054,Life,2021-08-13,1691,Low,Approved,IL,0
POL001290,CUST01290,AGT0125,Life,2021-03-31,1809,Low,Approved,IL,0
POL001291,CUST01291,AGT0165,Auto,2015-10-03,4228,Low,Rejected,NC,0
POL001292,CUST01292,AGT0046,Auto,2017-04-14,4467,High,Approved,MI,0
POL001293,CUST01293,AGT0154,Auto,2019-03-22,2027,Medium,Approved,GA,0
POL001294,CUST01294,AGT0117,Auto,2015-07-29,3782,Low,Approved,TX,0
POL001295,CUST01295,AGT0165,Health,2018-02-01,4650,Low,Approved,GA,0
POL001296,CUST01296,AGT0017,Auto,2018-06-19,4094,Low,Under Investigation,NY,0
POL001297,CUST01297,AGT0199,Travel,2023-10-20,522,Low,Rejected,CA,1
POL001298,CUST01298,AGT0087,Travel,2017-11-08,3490,High,Under Investigation,TX,0
POL001299,CUST01299,AGT0057,Auto,2023-09-27,1264,Medium,Rejected,WA,0
POL001300,CUST01300,AGT0037,Health,2021-04-20,4308,Low,Rejected,IL,0
POL001301,CUST01301,AGT0197,Life,2021-03-24,801,Medium,Approved,FL,0
POL001302,CUST01302,AGT0177,Life,2022-05-17,4968,Low,Under Investigation,TX,0
POL001303,CUST01303,AGT0027,Home,2022-07-30,1297,Low,Under Investigation,GA,0
POL001304,CUST01304,AGT0089,Travel,2016-12-31,2390,Medium,Rejected,NC,0
POL001305,CUST01305,AGT0147,Life,2018-10-15,1553,Low,Rejected,NY,0
POL001306,CUST01306,AGT0119,Life,2019-10-02,4162,Low,Approved,TX,0
POL001307,CUST01307,AGT0038,Home,2023-10-15,2270,Medium,Approved,NY,0
POL001308,CUST01308,AGT0073,Home,2015-05-14,3850,High,Under Investigation,GA,0
POL001309,CUST01309,AGT0074,Health,2019-04-16,802,Low,Approved,TX,1
POL001310,CUST01310,AGT0058,Home,2016-12-05,2537,Medium,Approved,FL,0
POL001311,CUST01311,AGT0193,Travel,2016-11-10,4599,Low,Approved,CA,0
POL001312,CUST01312,AGT0041,Health,2021-11-08,4671,Medium,Approved,IL,0
POL001313,CUST01313,AGT0142,Auto,2016-10-25,1439,Low,Approved,TX,0
POL001314,CUST01314,AGT0183,Home,2022-02-20,2274,Medium,Approved,TX,1
POL001315,CUST01315,AGT0159,Life,2023-12-11,2341,Low,Approved,TX,1
POL001316,CUST01316,AGT0160,Travel,2021-12-26,3044,High,Approved,NC,0
POL001317,CUST01317,AGT0032,Home,2016-07-12,2918,High,Approved,IL,0
POL001318,CUST01318,AGT0027,Life,2016-04-12,976,Low,Approved,WA,1
POL001319,CUST01319,AGT0157,Health,2018-12-07,3932,Medium,Rejected,NY,0
POL001320,CUST01320,AGT0150,Home,2019-12-16,1515,Low,Approved,FL,0
POL001321,CUST01321,AGT0149,Home,2022-01-01,1917,Medium,Approved,FL,0
POL001322,CUST01322,AGT0084,Health,2018-10-21,4283,Low,Approved,WA,0
POL001323,CUST01323,AGT0105,Life,2016-07-02,3603,Low,Approved,OH,1
POL001324,CUST01324,AGT0004,Travel,2023-12-03,2284,Medium,Under Investigation,NY,0
POL001325,CUST01325,AGT0059,Health,2023-02-20,4606,Low,Approved,GA,0
POL001326,CUST01326,AGT0106,Auto,2020-11-19,2273,Medium,Approved,OH,0
POL001327,CUST01327,AGT0026,Travel,2021-04-04,3044,Medium,Rejected,TX,0
POL001328,CUST01328,AGT0027,Travel,2023-06-01,1606,Low,Approved,NC,0
POL001329,CUST01329,AGT0010,Travel,2019-04-10,1324,Low,Rejected,TX,0
POL001330,CUST01330,AGT0042,Health,2016-04-22,2712,Medium,Under Investigation,TX,0
POL001331,CUST01331,AGT0199,Life,2020-06-14,3033,Medium,Rejected,NC,0
POL001332,CUST01332,AGT0140,Life,2019-01-21,4126,Low,Under Investigation,IL,0
POL001333,CUST01333,AGT0190,Life,2022-03-12,2259,Low,Approved,FL,0
POL001334,CUST01334,AGT0052,Travel,2021-12-10,4528,Medium,Approved,CA,0
POL001335,CUST01335,AGT0120,Travel,2019-03-30,3233,Medium,Approved,OH,0
POL001336,CUST01336,AGT0179,Home,2018-04-23,815,Medium,Approved,GA,0
POL001337,CUST01337,AGT0071,Auto,2018-10-18,3825,Low,Approved,FL,0
POL001338,CUST01338,AGT0132,Auto,2020-09-09,3086,Medium,Approved,IL,0
POL001339,CUST01339,AGT0139,Travel,2020-09-24,2252,Medium,Approved,NY,0
POL001340,CUST01340,AGT0167,Travel,2019-08-09,2602,Low,Approved,MI,0
POL001341,CUST01341,AGT0194,Auto,2019-10-14,1858,Low,Rejected,NC,1
POL001342,CUST01342,AGT0124,Health,2023-12-04,3264,Low,Approved,FL,0
POL001343,CUST01343,AGT0117,Health,2017-04-13,3051,Medium,Approved,OH,0
POL001344,CUST01344,AGT0174,Health,2016-07-25,2512,Low,Approved,WA,0
POL001345,CUST01345,AGT0137,Life,2022-03-11,1783,Medium,Rejected,NY,0
POL001346,CUST01346,AGT0073,Home,2023-06-01,2293,Medium,Approved,TX,0
POL001347,CUST01347,AGT0127,Home,2020-06-23,2740,Low,Rejected,FL,0
POL001348,CUST01348,AGT0110,Home,2018-08-12,2623,Medium,Approved,GA,0
POL001349,CUST01349,AGT0046,Life,2018-02-19,1891,Medium,Approved,WA,0
POL001350,CUST01350,AGT0104,Life,2019-03-18,3118,Low,Under Investigation,NY,1
POL001351,CUST01351,AGT0125,Auto,2015-06-22,1519,Medium,Approved,CA,0
POL001352,CUST01352,AGT0181,Auto,2019-10-03,2754,Medium,Approved,TX,0
POL001353,CUST01353,AGT0117,Health,2017-06-04,1046,Low,Approved,IL,0
POL001354,CUST01354,AGT0033,Home,2017-05-21,2624,Medium,Approved,CA,0
POL001355,CUST01355,AGT0198,Travel,2020-01-16,4027,Medium,Approved,CA,0
POL001356,CUST01356,AGT0116,Travel,2023-09-02,4180,Low,Approved,GA,1
POL001357,CUST01357,AGT0058,Life,2016-11-07,3626,High,Approved,MI,0
POL001358,CUST01358,AGT0151,Auto,2023-03-15,3855,Medium,Under Investigation,FL,0
POL001359,CUST01359,AGT0077,Auto,2019-09-03,796,Medium,Approved,OH,0
POL001360,CUST01360,AGT0075,Home,2023-10-02,2036,Low,Approved,OH,0
POL001361,CUST01361,AGT0168,Home,2018-06-09,3444,Low,Rejected,GA,0
POL001362,CUST01362,AGT0174,Life,2023-12-20,4102,Low,Approved,WA,0
POL001363,CUST01363,AGT0105,Auto,2020-12-08,3122,Medium,Under Investigation,MI,0
POL001364,CUST01364,AGT0075,Travel,2021-01-09,4341,Medium,Approved,NY,1
POL001365,CUST01365,AGT0173,Home,2020-01-25,1728,Medium,Rejected,WA,0
POL001366,CUST01366,AGT0035,Home,2019-01-24,1190,Low,Under Investigation,CA,0
POL001367,CUST01367,AGT0150,Auto,2019-09-22,888,Medium,Approved,WA,0
POL001368,CUST01368,AGT0117,Travel,2022-08-27,3122,Medium,Rejected,TX,1
POL001369,CUST01369,AGT0171,Home,2022-02-16,3493,Medium,Rejected,TX,0
POL001370,CUST01370,AGT0085,Health,2015-03-20,1783,Medium,Rejected,TX,0
POL001371,CUST01371,AGT0167,Health,2021-04-01,4026,High,Approved,TX,1
POL001372,CUST01372,AGT0004,Health,2022-07-04,3826,Low,Approved,IL,0
POL001373,CUST01373,AGT0152,Auto,2021-09-11,2120,Medium,Approved,GA,0
POL001374,CUST01374,AGT0014,Travel,2019-06-23,1574,High,Under Investigation,NC,0
POL001375,CUST01375,AGT0129,Travel,2018-01-07,3840,Medium,Approved,CA,0
POL001376,CUST01376,AGT0040,Travel,2021-01-21,3521,Low,Approved,FL,1
POL001377,CUST01377,AGT0193,Health,2020-12-20,1268,High,Under Investigation,TX,0
POL001378,CUST01378,AGT0154,Home,2018-05-14,1648,Low,Approved,TX,0
POL001379,CUST01379,AGT0021,Home,2018-08-28,2686,Low,Approved,NC,0
POL001380,CUST01380,AGT0179,Home,2018-04-26,2800,Low,Approved,GA,0
POL001381,CUST01381,AGT0051,Home,2015-05-28,1246,Low,Rejected,FL,0
POL001382,CUST01382,AGT0110,Home,2015-04-15,4768,Low,Approved,NY,1
POL001383,CUST01383,AGT0018,Life,2015-10-01,2248,Low,Approved,WA,0
POL001384,CUST01384,AGT0022,Auto,2018-10-24,2215,High,Approved,OH,0
POL001385,CUST01385,AGT0049,Auto,2019-08-05,772,Low,Approved,FL,0
POL001386,CUST01386,AGT0107,Travel,2018-09-03,4440,Medium,Approved,WA,1
POL001387,CUST01387,AGT0109,Travel,2023-08-05,1558,High,Approved,TX,0
POL001388,CUST01388,AGT0172,Travel,2017-01-08,4941,Medium,Rejected,FL,0
POL001389,CUST01389,AGT0034,Health,2018-07-15,2732,Low,Approved,GA,0
POL001390,CUST01390,AGT0150,Home,2017-03-23,4436,Low,Approved,OH,1
POL001391,CUST01391,AGT0002,Auto,2017-09-11,1306,Medium,Approved,CA,0
POL001392,CUST01392,AGT0059,Health,2020-04-03,1246,Medium,Approved,MI,0
POL001393,CUST01393,AGT0036,Life,2017-10-15,4105,Medium,Rejected,FL,1
POL001394,CUST01394,AGT0025,Health,2017-11-10,4188,Low,Approved,GA,1
POL001395,CUST01395,AGT0117,Home,2021-01-13,2943,Medium,Under Investigation,NY,0
POL001396,CUST01396,AGT0181,Auto,2022-06-21,644,Medium,Rejected,NC,0
POL001397,CUST01397,AGT0134,Home,2016-11-29,4746,Medium,Rejected,MI,0
POL001398,CUST01398,AGT0171,Life,2016-01-02,2269,High,Rejected,NC,0
POL001399,CUST01399,AGT0119,Home,2017-02-25,4711,Medium,Approved,WA,0
POL001400,CUST01400,AGT0011,Home,2020-03-13,4418,Medium,Under Investigation,OH,0
POL001401,CUST01401,AGT0070,Travel,2023-08-20,4331,Medium,Rejected,CA,0
POL001402,CUST01402,AGT0165,Health,2016-06-09,3599,Medium,Approved,OH,1
POL001403,CUST01403,AGT0009,Health,2015-05-21,3529,Medium,Approved,IL,0
POL001404,CUST01404,AGT0020,Life,2019-10-02,2897,Low,Approved,NC,0
POL001405,CUST01405,AGT0167,Home,2023-12-01,611,Medium,Rejected,FL,0
POL001406,CUST01406,AGT0013,Travel,2019-12-21,2245,Medium,Approved,GA,0
POL001407,CUST01407,AGT0192,Auto,2023-04-26,3787,Low,Rejected,IL,0
POL001408,CUST01408,AGT0152,Auto,2020-10-11,4155,Low,Approved,GA,1
POL001409,CUST01409,AGT0134,Health,2015-04-14,3018,Medium,Approved,IL,0
POL001410,CUST01410,AGT0108,Home,2018-11-05,3693,Medium,Approved,NY,0
POL001411,CUST01411,AGT0018,Travel,2021-12-05,597,Low,Approved,FL,0
POL001412,CUST01412,AGT0083,Home,2019-08-02,2607,Low,Approved,MI,0
POL001413,CUST01413,AGT0162,Home,2016-10-02,2784,Low,Rejected,CA,0
POL001414,CUST01414,AGT0181,Auto,2016-08-17,4516,High,Approved,FL,0
POL001415,CUST01415,AGT0090,Home,2020-12-20,1899,High,Under Investigation,IL,1
POL001416,CUST01416,AGT0168,Home,2019-03-02,1534,Medium,Rejected,TX,0
POL001417,CUST01417,AGT0156,Home,2020-03-01,2085,Low,Rejected,WA,0
POL001418,CUST01418,AGT0012,Life,2018-05-10,1266,Medium,Approved,NY,0
POL001419,CUST01419,AGT0125,Home,2018-01-19,3012,Medium,Rejected,FL,0
POL001420,CUST01420,AGT0124,Auto,2020-12-28,3392,High,Under Investigation,FL,0
POL001421,CUST01421,AGT0109,Auto,2015-01-26,4105,Low,Rejected,TX,0
POL001422,CUST01422,AGT0155,Auto,2018-11-29,4873,Low,Approved,GA,0
POL001423,CUST01423,AGT0178,Life,2018-05-03,831,Medium,Rejected,IL,0
POL001424,CUST01424,AGT0111,Travel,2022-01-04,1612,Low,Approved,FL,0
POL001425,CUST01425,AGT0065,Travel,2021-07-21,1853,Medium,Approved,MI,0
POL001426,CUST01426,AGT0197,Health,2018-10-31,1623,Medium,Rejected,GA,0
POL001427,CUST01427,AGT0193,Auto,2017-05-13,4222,Low,Rejected,IL,1
POL001428,CUST01428,AGT0138,Life,2017-02-13,1127,Low,Approved,OH,1
POL001429,CUST01429,AGT0129,Auto,2016-11-25,633,Medium,Approved,GA,0
POL001430,CUST01430,AGT0021,Life,2017-06-18,4372,Medium,Under Investigation,TX,0
POL001431,CUST01431,AGT0081,Health,2021-11-04,4826,Low,Approved,MI,0
POL001432,CUST01432,AGT0040,Travel,2015-05-29,1518,Low,Approved,FL,0
POL001433,CUST01433,AGT0103,Life,2015-03-27,1997,Medium,Rejected,CA,1
POL001434,CUST01434,AGT0166,Life,2019-11-10,2764,Low,Rejected,OH,0
POL001435,CUST01435,AGT0045,Home,2017-01-04,2866,Medium,Approved,MI,0
POL001436,CUST01436,AGT0200,Travel,2022-06-23,4958,Medium,Approved,NC,0
POL001437,CUST01437,AGT0026,Home,2021-10-07,2318,Low,Approved,NY,0
POL001438,CUST01438,AGT0020,Life,2021-12-02,554,Medium,Approved,NY,0
POL001439,CUST01439,AGT0195,Health,2019-02-10,2402,Medium,Rejected,OH,0
POL001440,CUST01440,AGT0021,Home,2018-12-09,3004,Low,Rejected,FL,0
POL001441,CUST01441,AGT0148,Travel,2018-10-30,2826,Medium,Approved,MI,0
POL001442,CUST01442,AGT0153,Health,2016-10-06,2805,High,Approved,FL,1
POL001443,CUST01443,AGT0067,Auto,2020-02-08,4651,Medium,Approved,FL,0
POL001444,CUST01444,AGT0013,Health,2022-10-08,4133,Low,Approved,CA,1
POL001445,CUST01445,AGT0062,Health,2017-04-23,1632,Medium,Approved,GA,0
POL001446,CUST01446,AGT0014,Home,2015-07-06,2098,Low,Approved,CA,0
POL001447,CUST01447,AGT0135,Auto,2020-01-30,3504,Medium,Rejected,MI,0
POL001448,CUST01448,AGT0178,Auto,2018-08-04,2346,Medium,Approved,WA,0
POL001449,CUST01449,AGT0200,Health,2022-03-05,2427,Low,Rejected,TX,0
POL001450,CUST01450,AGT0161,Home,2022-09-15,1255,Low,Approved,CA,0
POL001451,CUST01451,AGT0155,Auto,2023-07-21,1644,High,Rejected,WA,0
POL001452,CUST01452,AGT0177,Health,2018-07-15,3833,Low,Under Investigation,TX,0
POL001453,CUST01453,AGT0154,Health,2023-02-11,4293,Medium,Approved,IL,0
POL001454,CUST01454,AGT0131,Auto,2016-01-23,4031,Medium,Approved,MI,0
POL001455,CUST01455,AGT0200,Health,2018-05-09,1885,Medium,Rejected,TX,0
POL001456,CUST01456,AGT0065,Health,2017-05-23,1114,Low,Approved,GA,1
POL001457,CUST01457,AGT0083,Auto,2023-04-22,1218,Low,Approved,NY,0
POL001458,CUST01458,AGT0182,Life,2020-05-25,2270,Low,Approved,IL,0
POL001459,CUST01459,AGT0063,Auto,2018-04-17,2829,Medium,Under Investigation,WA,0
POL001460,CUST01460,AGT0060,Home,2016-05-14,4518,High,Approved,GA,0
POL001461,CUST01461,AGT0031,Life,2022-01-16,4544,High,Approved,NY,0
POL001462,CUST01462,AGT0056,Travel,2020-11-22,512,Low,Approved,WA,0
POL001463,CUST01463,AGT0119,Home,2022-09-03,3684,Low,Rejected,OH,0
POL001464,CUST01464,AGT0178,Home,2018-12-10,1844,Low,Approved,CA,0
POL001465,CUST01465,AGT0028,Life,2016-05-07,1390,High,Under Investigation,NY,0
POL001466,CUST01466,AGT0137,Travel,2018-01-03,2997,Low,Rejected,FL,0
POL001467,CUST01467,AGT0154,Health,2020-07-30,652,Low,Approved,GA,0
POL001468,CUST01468,AGT0180,Life,2017-03-02,2003,Medium,Approved,MI,0
POL001469,CUST01469,AGT0151,Home,2015-08-21,2985,Medium,Rejected,CA,0
POL001470,CUST01470,AGT0032,Auto,2022-05-29,1724,Low,Rejected,NC,0
POL001471,CUST01471,AGT0098,Life,2019-10-10,3170,Medium,Approved,WA,0
POL001472,CUST01472,AGT0191,Travel,2018-07-27,2570,Low,Approved,WA,0
POL001473,CUST01473,AGT0182,Auto,2019-12-22,4097,Low,Approved,GA,1
POL001474,CUST01474,AGT0123,Auto,2021-08-23,1316,Low,Approved,NY,0
POL001475,CUST01475,AGT0193,Travel,2015-01-05,756,Low,Approved,TX,0
POL001476,CUST01476,AGT0134,Home,2018-12-18,2883,High,Approved,WA,0
POL001477,CUST01477,AGT0013,Health,2017-04-15,1656,Medium,Approved,IL,0
POL001478,CUST01478,AGT0183,Life,2015-10-29,3680,Medium,Under Investigation,NY,0
POL001479,CUST01479,AGT0034,Health,2015-04-29,919,Low,Rejected,NC,0
POL001480,CUST01480,AGT0077,Health,2018-12-18,3088,Medium,Rejected,NC,0
POL001481,CUST01481,AGT0048,Health,2019-11-23,4954,High,Rejected,MI,0
POL001482,CUST01482,AGT0144,Home,2019-07-27,918,Low,Rejected,MI,1
POL001483,CUST01483,AGT0006,Auto,2022-01-16,1858,High,Approved,MI,0
POL001484,CUST01484,AGT0129,Health,2019-02-13,4299,Medium,Rejected,TX,0
POL001485,CUST01485,AGT0173,Health,2020-04-22,2901,Medium,Approved,TX,0
POL001486,CUST01486,AGT0158,Auto,2022-05-06,1287,Low,Approved,FL,1
POL001487,CUST01487,AGT0062,Life,2020-11-29,1459,Medium,Under Investigation,GA,0
POL001488,CUST01488,AGT0180,Auto,2023-03-13,3941,Medium,Under Investigation,OH,0
POL001489,CUST01489,AGT0073,Travel,2016-12-29,4374,High,Approved,MI,0
POL001490,CUST01490,AGT0137,Auto,2022-01-29,2122,High,Rejected,MI,0
POL001491,CUST01491,AGT0102,Health,2021-04-08,2632,Low,Approved,MI,1
POL001492,CUST01492,AGT0014,Auto,2020-03-30,4022,High,Approved,CA,0
POL001493,CUST01493,AGT0001,Health,2015-01-13,1296,High,Approved,GA,0
POL001494,CUST01494,AGT0037,Life,2019-11-15,1428,Medium,Approved,MI,0
POL001495,CUST01495,AGT0187,Auto,2022-09-21,3984,Low,Rejected,WA,0
POL001496,CUST01496,AGT0191,Home,2020-10-19,1339,Low,Approved,NY,0
POL001497,CUST01497,AGT0083,Life,2015-01-17,3968,Low,Approved,NC,0
POL001498,CUST01498,AGT0194,Home,2017-08-03,2736,Low,Under Investigation,IL,0
POL001499,CUST01499,AGT0010,Auto,2020-02-14,4955,High,Approved,TX,0
POL001500,CUST01500,AGT0194,Life,2022-04-21,648,Low,Approved,NY,0
POL001501,CUST01501,AGT0047,Auto,2019-01-02,4756,Medium,Approved,FL,0
POL001502,CUST01502,AGT0008,Auto,2022-09-16,1513,Medium,Approved,WA,0
POL001503,CUST01503,AGT0152,Home,2022-02-28,657,Medium,Approved,TX,0
POL001504,CUST01504,AGT0077,Health,2017-05-28,3758,Low,Rejected,TX,0
POL001505,CUST01505,AGT0059,Auto,2016-10-02,2896,Medium,Under Investigation,OH,0
POL001506,CUST01506,AGT0152,Life,2023-02-14,4268,Medium,Approved,OH,0
POL001507,CUST01507,AGT0067,Home,2020-04-20,987,Medium,Approved,OH,0
POL001508,CUST01508,AGT0151,Travel,2022-08-20,863,Low,Approved,TX,0
POL001509,CUST01509,AGT0040,Home,2023-04-19,3052,Medium,Under Investigation,IL,0
POL001510,CUST01510,AGT0018,Home,2018-10-26,4469,Low,Approved,WA,0
POL001511,CUST01511,AGT0065,Travel,2015-05-31,2325,Medium,Approved,CA,1
POL001512,CUST01512,AGT0122,Auto,2023-03-06,4088,Low,Under Investigation,NC,0
POL001513,CUST01513,AGT0045,Health,2020-04-01,4577,Low,Approved,TX,0
POL001514,CUST01514,AGT0029,Life,2016-01-31,4413,Medium,Approved,FL,0
POL001515,CUST01515,AGT0150,Health,2019-10-07,2789,Low,Approved,MI,0
POL001516,CUST01516,AGT0099,Travel,2015-04-02,3642,High,Approved,FL,0
POL001517,CUST01517,AGT0087,Health,2017-08-10,2865,High,Under Investigation,OH,1
POL001518,CUST01518,AGT0048,Home,2018-02-17,3533,Low,Approved,NY,0
POL001519,CUST01519,AGT0004,Travel,2019-02-02,3051,Low,Approved,GA,0
POL001520,CUST01520,AGT0011,Health,2020-02-02,2862,Low,Approved,IL,0
POL001521,CUST01521,AGT0137,Travel,2022-07-21,2465,High,Approved,IL,0
POL001522,CUST01522,AGT0017,Auto,2018-02-28,3437,Medium,Approved,MI,0
POL001523,CUST01523,AGT0050,Health,2021-08-13,3879,Low,Under Investigation,OH,0
POL001524,CUST01524,AGT0183,Home,2023-06-23,4635,Medium,Approved,OH,0
POL001525,CUST01525,AGT0069,Home,2021-09-25,3259,Low,Under Investigation,MI,0
POL001526,CUST01526,AGT0149,Travel,2017-04-16,952,Medium,Rejected,IL,0
POL001527,CUST01527,AGT0069,Travel,2021-02-05,3143,Medium,Approved,MI,0
POL001528,CUST01528,AGT0187,Life,2017-07-13,1920,Low,Rejected,NC,0
POL001529,CUST01529,AGT0165,Life,2019-04-20,620,Medium,Rejected,MI,1
POL001530,CUST01530,AGT0094,Health,2020-09-17,826,Low,Rejected,IL,0
POL001531,CUST01531,AGT0137,Travel,2017-08-21,3160,Medium,Approved,OH,0
POL001532,CUST01532,AGT0083,Life,2015-01-13,4751,Medium,Approved,TX,1
POL001533,CUST01533,AGT0189,Auto,2022-07-13,2775,High,Approved,TX,0
POL001534,CUST01534,AGT0072,Travel,2021-07-18,2503,Low,Rejected,TX,0
POL001535,CUST01535,AGT0168,Health,2016-02-09,898,High,Approved,GA,1
POL001536,CUST01536,AGT0124,Home,2018-05-25,3539,Low,Approved,NY,0
POL001537,CUST01537,AGT0129,Home,2017-05-09,749,High,Approved,FL,0
POL001538,CUST01538,AGT0071,Travel,2023-10-18,4285,Low,Approved,GA,0
POL001539,CUST01539,AGT0167,Health,2023-06-22,4173,Medium,Rejected,NY,0
POL001540,CUST01540,AGT0150,Health,2021-03-21,4959,Low,Rejected,TX,0
POL001541,CUST01541,AGT0164,Auto,2018-12-19,1779,High,Rejected,OH,0
POL001542,CUST01542,AGT0161,Health,2015-06-21,1228,High,Approved,OH,0
POL001543,CUST01543,AGT0032,Auto,2017-03-22,1847,Low,Approved,TX,0
POL001544,CUST01544,AGT0176,Home,2015-11-01,4097,Medium,Rejected,FL,0
POL001545,CUST01545,AGT0169,Travel,2022-02-07,1484,Medium,Approved,FL,0
POL001546,CUST01546,AGT0049,Home,2015-10-17,4493,Low,Rejected,GA,0
POL001547,CUST01547,AGT0197,Travel,2021-02-04,1193,Medium,Approved,FL,0
POL001548,CUST01548,AGT0106,Travel,2023-07-28,719,Medium,Approved,CA,0
POL001549,CUST01549,AGT0065,Auto,2017-10-08,1487,Medium,Approved,FL,0
POL001550,CUST01550,AGT0045,Home,2021-02-25,3893,Low,Rejected,IL,0
POL001551,CUST01551,AGT0073,Home,2022-11-28,3210,High,Approved,NC,1
POL001552,CUST01552,AGT0008,Health,2018-11-06,2096,Low,Under Investigation,CA,0
POL001553,CUST01553,AGT0139,Travel,2019-01-14,3452,Medium,Approved,MI,0
POL001554,CUST01554,AGT0142,Health,2016-10-20,3418,Low,Approved,NY,0
POL001555,CUST01555,AGT0134,Auto,2018-11-05,2996,Low,Rejected,NY,0
POL001556,CUST01556,AGT0110,Home,2022-11-10,2813,Low,Approved,CA,0
POL001557,CUST01557,AGT0073,Health,2020-12-19,956,Low,Approved,FL,0
POL001558,CUST01558,AGT0145,Health,2016-10-24,1668,Medium,Under Investigation,IL,0
POL001559,CUST01559,AGT0175,Home,2019-09-27,2874,Medium,Rejected,GA,0
POL001560,CUST01560,AGT0018,Life,2021-05-11,1108,Medium,Approved,NC,0
POL001561,CUST01561,AGT0077,Health,2015-09-12,2641,Medium,Rejected,OH,0
POL001562,CUST01562,AGT0200,Health,2021-11-13,1026,Low,Approved,TX,0
POL001563,CUST01563,AGT0173,Auto,2016-10-23,4042,Low,Approved,NY,0
POL001564,CUST01564,AGT0199,Health,2017-08-26,964,Medium,Approved,NC,0
POL001565,CUST01565,AGT0037,Home,2018-09-30,916,Medium,Approved,GA,0
POL001566,CUST01566,AGT0093,Life,2019-07-18,3370,Medium,Approved,OH,0
POL001567,CUST01567,AGT0027,Health,2023-03-30,1492,Low,Approved,OH,1
POL001568,CUST01568,AGT0174,Auto,2017-01-02,2081,Medium,Rejected,OH,1
POL001569,CUST01569,AGT0104,Home,2017-04-20,1914,Low,Approved,WA,0
POL001570,CUST01570,AGT0049,Life,2018-05-30,1474,Medium,Approved,OH,0
POL001571,CUST01571,AGT0019,Auto,2022-09-18,3928,Low,Rejected,OH,0
POL001572,CUST01572,AGT0148,Home,2023-09-07,3613,Medium,Under Investigation,NY,0
POL001573,CUST01573,AGT0163,Auto,2019-02-02,1574,Low,Approved,IL,0
POL001574,CUST01574,AGT0176,Home,2021-03-27,3590,Medium,Under Investigation,NC,0
POL001575,CUST01575,AGT0195,Life,2023-04-03,3710,Low,Rejected,MI,1
POL001576,CUST01576,AGT0163,Life,2022-08-13,2926,Medium,Approved,NC,0
POL001577,CUST01577,AGT0158,Life,2021-02-16,3102,Low,Approved,GA,0
POL001578,CUST01578,AGT0163,Life,2019-11-12,4707,Medium,Approved,NC,0
POL001579,CUST01579,AGT0200,Health,2023-11-09,2542,Low,Rejected,CA,0
POL001580,CUST01580,AGT0093,Travel,2017-02-24,2234,Low,Approved,FL,0
POL001581,CUST01581,AGT0152,Health,2018-04-07,2925,Medium,Approved,FL,0
POL001582,CUST01582,AGT0164,Health,2021-05-31,4261,Low,Rejected,GA,0
POL001583,CUST01583,AGT0024,Life,2015-03-10,3693,Low,Approved,NC,0
POL001584,CUST01584,AGT0139,Health,2019-07-03,838,Medium,Approved,TX,0
POL001585,CUST01585,AGT0068,Auto,2022-09-08,2566,Medium,Under Investigation,TX,0
POL001586,CUST01586,AGT0027,Life,2016-08-04,3829,High,Under Investigation,IL,0
POL001587,CUST01587,AGT0035,Life,2022-03-23,1507,Low,Rejected,WA,0
POL001588,CUST01588,AGT0023,Home,2018-09-17,4948,Medium,Approved,CA,0
POL001589,CUST01589,AGT0180,Auto,2022-09-28,4136,Medium,Approved,MI,0
POL001590,CUST01590,AGT0155,Life,2020-09-17,4309,Low,Approved,TX,0
POL001591,CUST01591,AGT0021,Auto,2016-05-31,867,Medium,Approved,FL,0
POL001592,CUST01592,AGT0126,Home,2021-08-13,3108,Low,Approved,GA,1
POL001593,CUST01593,AGT0133,Home,2015-07-04,2875,High,Under Investigation,NC,0
POL001594,CUST01594,AGT0104,Life,2017-03-10,3320,Medium,Rejected,MI,0
POL001595,CUST01595,AGT0122,Travel,2022-12-29,4326,Low,Approved,CA,0
POL001596,CUST01596,AGT0182,Auto,2022-11-18,2089,Low,Approved,CA,0
POL001597,CUST01597,AGT0104,Auto,2015-06-02,2902,Low,Approved,IL,0
POL001598,CUST01598,AGT0132,Home,2018-06-01,3557,Low,Approved,OH,0
POL001599,CUST01599,AGT0115,Travel,2015-11-06,3889,Medium,Rejected,FL,0
POL001600,CUST01600,AGT0080,Auto,2017-06-09,3966,Medium,Approved,GA,0
POL001601,CUST01601,AGT0179,Home,2023-09-15,2016,Medium,Rejected,FL,0
POL001602,CUST01602,AGT0083,Home,2016-10-03,4992,Low,Approved,WA,1
POL001603,CUST01603,AGT0160,Health,2020-10-08,543,Medium,Approved,TX,0
POL001604,CUST01604,AGT0122,Life,2022-03-27,2716,Low,Under Investigation,GA,0
POL001605,CUST01605,AGT0137,Health,2022-12-04,3239,Low,Approved,OH,0
POL001606,CUST01606,AGT0153,Home,2018-03-09,775,High,Approved,TX,0
POL001607,CUST01607,AGT0148,Travel,2021-04-08,2530,Medium,Rejected,GA,0
POL001608,CUST01608,AGT0113,Health,2019-05-08,3181,Medium,Approved,TX,0
POL001609,CUST01609,AGT0124,Auto,2015-12-19,3234,High,Approved,OH,0
POL001610,CUST01610,AGT0102,Travel,2017-01-02,1035,Low,Approved,GA,0
POL001611,CUST01611,AGT0068,Health,2021-09-24,1748,High,Approved,CA,0
POL001612,CUST01612,AGT0146,Life,2021-03-04,1601,Medium,Approved,FL,0
POL001613,CUST01613,AGT0176,Life,2019-09-09,3379,Medium,Approved,FL,0
POL001614,CUST01614,AGT0142,Home,2022-01-10,1979,Low,Rejected,WA,0
POL001615,CUST01615,AGT0155,Auto,2021-03-21,3071,Low,Under Investigation,FL,0
POL001616,CUST01616,AGT0167,Travel,2018-01-20,3789,Low,Approved,WA,0
POL001617,CUST01617,AGT0074,Life,2017-08-23,4087,Low,Approved,OH,1
POL001618,CUST01618,AGT0013,Home,2023-07-03,1327,Low,Approved,WA,0
POL001619,CUST01619,AGT0068,Travel,2023-09-29,4565,Medium,Approved,MI,0
POL001620,CUST01620,AGT0151,Life,2015-04-11,1245,Medium,Approved,FL,1
POL001621,CUST01621,AGT0164,Life,2022-02-11,598,Low,Rejected,OH,0
POL001622,CUST01622,AGT0103,Auto,2016-03-12,702,Medium,Approved,NC,0
POL001623,CUST01623,AGT0156,Life,2022-09-30,1404,High,Approved,CA,0
POL001624,CUST01624,AGT0015,Health,2020-04-18,4429,Medium,Rejected,GA,1
POL001625,CUST01625,AGT0129,Auto,2021-03-10,1435,Medium,Rejected,IL,0
POL001626,CUST01626,AGT0136,Health,2021-04-23,3620,Medium,Approved,CA,0
POL001627,CUST01627,AGT0102,Auto,2020-06-10,2383,Low,Approved,MI,0
POL001628,CUST01628,AGT0144,Auto,2017-04-03,679,Low,Under Investigation,FL,0
POL001629,CUST01629,AGT0099,Life,2022-04-06,2498,High,Approved,MI,0
POL001630,CUST01630,AGT0105,Home,2019-12-26,627,Medium,Rejected,FL,0
POL001631,CUST01631,AGT0121,Health,2019-11-27,2642,Medium,Rejected,OH,0
POL001632,CUST01632,AGT0159,Auto,2017-11-12,3014,High,Approved,NY,0
POL001633,CUST01633,AGT0050,Life,2015-02-02,2846,Low,Approved,MI,0
POL001634,CUST01634,AGT0061,Life,2019-12-26,1771,Low,Approved,WA,0
POL001635,CUST01635,AGT0084,Home,2018-02-07,3949,Medium,Approved,NC,0
POL001636,CUST01636,AGT0041,Auto,2020-12-06,3185,Low,Approved,MI,0
POL001637,CUST01637,AGT0067,Auto,2018-04-12,1646,Medium,Rejected,NC,0
POL001638,CUST01638,AGT0071,Auto,2023-10-02,2455,Medium,Rejected,FL,0
POL001639,CUST01639,AGT0063,Auto,2021-02-15,988,Medium,Under Investigation,WA,0
POL001640,CUST01640,AGT0083,Travel,2019-02-06,4654,Low,Under Investigation,OH,0
POL001641,CUST01641,AGT0101,Health,2021-05-16,3888,Medium,Rejected,NY,0
POL001642,CUST01642,AGT0140,Life,2020-10-31,1795,Low,Approved,TX,1
POL001643,CUST01643,AGT0061,Travel,2020-08-01,3537,High,Approved,NC,0
POL001644,CUST01644,AGT0170,Travel,2020-03-14,3556,Low,Rejected,FL,0
POL001645,CUST01645,AGT0096,Health,2023-05-21,3243,High,Approved,GA,0
POL001646,CUST01646,AGT0145,Home,2017-11-09,743,Low,Approved,CA,0
POL001647,CUST01647,AGT0023,Home,2018-11-21,4453,Low,Approved,GA,0
POL001648,CUST01648,AGT0035,Auto,2017-04-11,4801,Medium,Approved,GA,0
POL001649,CUST01649,AGT0091,Life,2020-02-15,4883,Low,Approved,OH,0
POL001650,CUST01650,AGT0074,Home,2023-11-21,4913,Low,Rejected,GA,0
POL001651,CUST01651,AGT0100,Health,2020-06-22,4679,Medium,Approved,WA,0
POL001652,CUST01652,AGT0032,Home,2016-11-10,3825,Medium,Approved,MI,0
POL001653,CUST01653,AGT0095,Life,2023-04-17,755,Low,Approved,IL,0
POL001654,CUST01654,AGT0138,Auto,2022-02-09,2593,Medium,Approved,MI,1
POL001655,CUST01655,AGT0146,Life,2018-12-17,1603,High,Approved,WA,0
POL001656,CUST01656,AGT0050,Travel,2016-04-26,1489,Medium,Approved,TX,0
POL001657,CUST01657,AGT0069,Life,2018-08-16,4237,Low,Approved,NY,0
POL001658,CUST01658,AGT0106,Life,2022-03-28,4156,Low,Rejected,NC,0
POL001659,CUST01659,AGT0104,Auto,2020-03-11,2849,High,Approved,OH,0
POL001660,CUST01660,AGT0159,Life,2016-09-02,3813,Low,Under Investigation,TX,1
POL001661,CUST01661,AGT0079,Life,2016-06-05,1082,Low,Rejected,IL,0
POL001662,CUST01662,AGT0135,Home,2023-09-14,1498,Medium,Approved,NY,0
POL001663,CUST01663,AGT0177,Home,2019-01-09,4372,Low,Approved,NC,0
POL001664,CUST01664,AGT0060,Life,2021-03-04,2530,Medium,Approved,OH,0
POL001665,CUST01665,AGT0165,Auto,2018-03-31,2959,Low,Rejected,TX,0
POL001666,CUST01666,AGT0067,Health,2015-10-24,2582,Medium,Rejected,CA,0
POL001667,CUST01667,AGT0067,Life,2018-09-15,1409,High,Rejected,FL,0
POL001668,CUST01668,AGT0131,Travel,2021-03-27,4218,High,Under Investigation,TX,0
POL001669,CUST01669,AGT0125,Health,2017-12-31,3912,High,Approved,MI,1
POL001670,CUST01670,AGT0110,Home,2020-06-06,3577,High,Rejected,FL,0
POL001671,CUST01671,AGT0047,Travel,2018-12-10,2089,Low,Approved,GA,0
POL001672,CUST01672,AGT0020,Auto,2018-01-14,3394,High,Rejected,TX,0
POL001673,CUST01673,AGT0182,Health,2017-04-17,4789,High,Approved,IL,0
POL001674,CUST01674,AGT0175,Auto,2017-05-06,3424,Medium,Rejected,WA,1
POL001675,CUST01675,AGT0178,Health,2017-04-20,2724,Low,Approved,GA,0
POL001676,CUST01676,AGT0103,Life,2021-06-19,1717,Low,Approved,FL,0
POL001677,CUST01677,AGT0177,Health,2018-01-13,2852,Medium,Approved,NC,0
POL001678,CUST01678,AGT0095,Travel,2021-09-02,2172,Medium,Under Investigation,OH,0
POL001679,CUST01679,AGT0016,Travel,2017-10-19,3250,Low,Approved,FL,0
POL001680,CUST01680,AGT0040,Travel,2017-12-11,705,Low,Approved,WA,0
POL001681,CUST01681,AGT0055,Life,2023-04-26,1355,Medium,Approved,WA,0
POL001682,CUST01682,AGT0076,Life,2022-11-19,4041,Low,Approved,OH,0
POL001683,CUST01683,AGT0188,Home,2018-08-09,2213,High,Under Investigation,CA,0
POL001684,CUST01684,AGT0067,Travel,2017-06-02,2448,Low,Under Investigation,IL,0
POL001685,CUST01685,AGT0123,Auto,2021-06-09,2947,Low,Rejected,OH,1
POL001686,CUST01686,AGT0055,Life,2015-08-18,2472,Low,Rejected,WA,0
POL001687,CUST01687,AGT0129,Auto,2019-02-08,3913,High,Approved,NC,0
POL001688,CUST01688,AGT0114,Health,2020-05-25,1604,High,Approved,FL,0
POL001689,CUST01689,AGT0031,Health,2021-01-29,3912,Low,Approved,OH,0
POL001690,CUST01690,AGT0093,Life,2015-12-18,1442,Low,Rejected,TX,0
POL001691,CUST01691,AGT0022,Life,2015-01-10,2167,Low,Approved,IL,0
POL001692,CUST01692,AGT0178,Auto,2017-06-28,3145,Low,Rejected,OH,0
POL001693,CUST01693,AGT0141,Life,2016-01-27,4486,Medium,Approved,OH,0
POL001694,CUST01694,AGT0189,Health,2019-07-25,1546,Low,Approved,IL,0
POL001695,CUST01695,AGT0176,Auto,2023-04-10,3143,Medium,Approved,IL,0
POL001696,CUST01696,AGT0044,Home,2017-07-29,788,Low,Rejected,NC,0
POL001697,CUST01697,AGT0142,Home,2019-01-30,839,Low,Rejected,OH,0
POL001698,CUST01698,AGT0021,Health,2016-12-07,3953,Low,Approved,CA,0
POL001699,CUST01699,AGT0193,Health,2015-05-25,3735,Low,Rejected,NC,0
POL001700,CUST01700,AGT0158,Travel,2021-04-29,2194,Low,Rejected,GA,0
POL001701,CUST01701,AGT0137,Health,2017-04-22,3303,Low,Approved,GA,0
POL001702,CUST01702,AGT0199,Travel,2019-12-03,2211,Low,Rejected,NC,0
POL001703,CUST01703,AGT0170,Travel,2021-02-22,1747,High,Approved,TX,0
POL001704,CUST01704,AGT0173,Health,2022-07-22,2440,Low,Approved,WA,0
POL001705,CUST01705,AGT0021,Home,2016-09-01,1903,Low,Approved,WA,0
POL001706,CUST01706,AGT0005,Life,2020-03-24,4167,Low,Approved,TX,0
POL001707,CUST01707,AGT0193,Home,2023-03-12,2352,Medium,Approved,FL,1
POL001708,CUST01708,AGT0051,Home,2019-05-08,1943,High,Approved,FL,0
POL001709,CUST01709,AGT0086,Health,2015-05-14,2912,Medium,Approved,WA,0
POL001710,CUST01710,AGT0009,Auto,2017-05-08,3911,Medium,Rejected,WA,0
POL001711,CUST01711,AGT0125,Auto,2022-02-24,1731,Medium,Rejected,FL,0
POL001712,CUST01712,AGT0165,Health,2022-02-15,4727,Low,Approved,GA,0
POL001713,CUST01713,AGT0169,Life,2017-10-30,2585,High,Approved,FL,0
POL001714,CUST01714,AGT0117,Health,2016-10-08,3473,Medium,Approved,CA,0
POL001715,CUST01715,AGT0133,Auto,2017-08-16,4807,Low,Rejected,FL,0
POL001716,CUST01716,AGT0103,Health,2017-03-06,2442,Low,Under Investigation,CA,0
POL001717,CUST01717,AGT0090,Home,2021-08-31,1399,Low,Approved,MI,0
POL001718,CUST01718,AGT0111,Health,2022-07-28,3865,Low,Rejected,NC,0
POL001719,CUST01719,AGT0188,Health,2015-06-03,529,Medium,Approved,TX,0
POL001720,CUST01720,AGT0051,Auto,2021-09-01,2560,Low,Under Investigation,OH,0
POL001721,CUST01721,AGT0095,Health,2021-10-08,4909,Medium,Approved,FL,1
POL001722,CUST01722,AGT0121,Health,2020-07-06,2364,High,Approved,OH,0
POL001723,CUST01723,AGT0115,Travel,2022-11-03,3578,Low,Approved,MI,0
POL001724,CUST01724,AGT0007,Travel,2015-05-08,2863,Low,Approved,MI,0
POL001725,CUST01725,AGT0058,Health,2021-04-18,1466,Medium,Approved,MI,0
POL001726,CUST01726,AGT0130,Auto,2016-02-23,1929,Medium,Approved,FL,1
POL001727,CUST01727,AGT0139,Auto,2023-01-26,2855,Low,Approved,TX,0
POL001728,CUST01728,AGT0147,Health,2019-07-01,969,Low,Rejected,TX,0
POL001729,CUST01729,AGT0199,Home,2015-10-26,2367,Medium,Rejected,TX,1
POL001730,CUST01730,AGT0135,Home,2021-09-18,2366,High,Approved,GA,0
POL001731,CUST01731,AGT0116,Health,2021-09-27,4257,Low,Under Investigation,GA,0
POL001732,CUST01732,AGT0067,Health,2019-03-06,1057,Low,Approved,MI,1
POL001733,CUST01733,AGT0075,Health,2017-10-17,4292,High,Under Investigation,CA,0
POL001734,CUST01734,AGT0166,Home,2015-02-26,2346,Low,Approved,FL,0
POL001735,CUST01735,AGT0094,Life,2023-03-03,3431,Low,Rejected,NC,0
POL001736,CUST01736,AGT0144,Auto,2016-08-28,3006,Medium,Under Investigation,GA,0
POL001737,CUST01737,AGT0025,Home,2022-08-01,1849,Low,Rejected,IL,0
POL001738,CUST01738,AGT0026,Life,2020-04-18,4688,Low,Rejected,TX,0
POL001739,CUST01739,AGT0044,Life,2021-03-01,1510,Medium,Approved,IL,0
POL001740,CUST01740,AGT0040,Home,2021-03-31,663,Medium,Rejected,TX,0
POL001741,CUST01741,AGT0122,Home,2022-09-20,3875,Medium,Approved,OH,0
POL001742,CUST01742,AGT0128,Life,2015-04-20,3296,Low,Approved,WA,0
POL001743,CUST01743,AGT0112,Health,2023-12-02,4507,Medium,Under Investigation,TX,1
POL001744,CUST01744,AGT0058,Home,2015-05-23,2559,Medium,Approved,TX,0
POL001745,CUST01745,AGT0116,Health,2023-12-27,575,Medium,Approved,NC,0
POL001746,CUST01746,AGT0024,Home,2017-05-08,591,Medium,Under Investigation,CA,0
POL001747,CUST01747,AGT0095,Auto,2022-08-11,2449,Medium,Approved,WA,0
POL001748,CUST01748,AGT0031,Health,2015-10-02,1622,High,Approved,NC,0
POL001749,CUST01749,AGT0016,Auto,2019-02-23,4649,Medium,Approved,IL,0
POL001750,CUST01750,AGT0034,Health,2019-11-16,1033,Low,Rejected,NY,0
POL001751,CUST01751,AGT0023,Home,2023-08-02,4463,High,Under Investigation,NY,0
POL001752,CUST01752,AGT0096,Home,2016-02-11,1475,High,Approved,NY,0
POL001753,CUST01753,AGT0110,Travel,2015-04-30,1037,Low,Rejected,MI,0
POL001754,CUST01754,AGT0122,Auto,2020-10-31,1735,Low,Approved,NC,0
POL001755,CUST01755,AGT0088,Travel,2015-06-11,1148,Medium,Rejected,FL,0
POL001756,CUST01756,AGT0036,Health,2021-12-28,2305,Low,Rejected,TX,0
POL001757,CUST01757,AGT0005,Life,2015-05-06,1987,Medium,Under Investigation,OH,1
POL001758,CUST01758,AGT0143,Life,2023-09-25,2880,Medium,Approved,GA,0
POL001759,CUST01759,AGT0197,Travel,2019-10-17,2916,Low,Approved,NC,0
POL001760,CUST01760,AGT0057,Auto,2023-07-14,504,Low,Approved,NY,0
POL001761,CUST01761,AGT0041,Travel,2016-02-21,1061,High,Approved,IL,0
POL001762,CUST01762,AGT0063,Auto,2017-06-17,1228,Low,Approved,TX,0
POL001763,CUST01763,AGT0043,Travel,2019-02-03,1376,Medium,Approved,IL,0
POL001764,CUST01764,AGT0045,Life,2015-04-07,921,Low,Approved,GA,1
POL001765,CUST01765,AGT0099,Home,2015-12-05,1915,Low,Under Investigation,NY,1
POL001766,CUST01766,AGT0158,Health,2017-12-18,2973,Medium,Approved,NY,1
POL001767,CUST01767,AGT0143,Auto,2021-08-18,1890,Low,Approved,IL,0
POL001768,CUST01768,AGT0192,Travel,2021-05-17,1980,Medium,Rejected,MI,1
POL001769,CUST01769,AGT0072,Life,2015-10-13,2612,Medium,Approved,GA,1
POL001770,CUST01770,AGT0099,Travel,2015-07-16,2967,Low,Approved,WA,0
POL001771,CUST01771,AGT0077,Life,2020-11-25,1989,Low,Approved,CA,0
POL001772,CUST01772,AGT0009,Travel,2018-03-28,1498,Medium,Approved,MI,0
POL001773,CUST01773,AGT0078,Travel,2022-02-15,2342,Medium,Approved,CA,0
POL001774,CUST01774,AGT0053,Home,2017-09-06,609,Medium,Rejected,NY,0
POL001775,CUST01775,AGT0096,Life,2018-04-07,2716,Medium,Approved,IL,0
POL001776,CUST01776,AGT0032,Health,2016-12-21,4736,Low,Approved,FL,0
POL001777,CUST01777,AGT0149,Life,2017-05-25,2290,Low,Approved,WA,0
POL001778,CUST01778,AGT0169,Life,2021-05-09,987,Medium,Approved,MI,0
POL001779,CUST01779,AGT0193,Home,2019-03-29,3681,Medium,Approved,OH,0
POL001780,CUST01780,AGT0017,Life,2020-12-05,1070,Medium,Under Investigation,IL,0
POL001781,CUST01781,AGT0024,Health,2015-09-16,1371,Low,Approved,NC,0
POL001782,CUST01782,AGT0194,Life,2019-10-26,1159,Medium,Approved,NC,0
POL001783,CUST01783,AGT0170,Home,2019-02-16,4476,Medium,Approved,IL,0
POL001784,CUST01784,AGT0118,Health,2023-03-12,4915,Low,Rejected,MI,0
POL001785,CUST01785,AGT0065,Travel,2018-10-23,3063,Medium,Rejected,TX,0
POL001786,CUST01786,AGT0104,Auto,2015-12-05,3279,Medium,Approved,FL,0
POL001787,CUST01787,AGT0108,Life,2021-04-09,3404,Low,Rejected,CA,0
POL001788,CUST01788,AGT0170,Health,2016-05-06,3246,Low,Approved,TX,0
POL001789,CUST01789,AGT0106,Health,2023-03-07,2948,Low,Rejected,TX,0
POL001790,CUST01790,AGT0006,Auto,2018-06-14,4940,High,Approved,GA,1
POL001791,CUST01791,AGT0140,Auto,2022-01-21,3799,Low,Rejected,MI,0
POL001792,CUST01792,AGT0156,Auto,2020-11-25,897,Low,Rejected,OH,0
POL001793,CUST01793,AGT0060,Travel,2019-03-08,2263,Low,Rejected,IL,0
POL001794,CUST01794,AGT0024,Travel,2020-04-03,4885,Low,Approved,FL,0
POL001795,CUST01795,AGT0029,Home,2016-08-23,2316,Low,Rejected,TX,0
POL001796,CUST01796,AGT0169,Auto,2015-09-01,1418,Medium,Rejected,OH,0
POL001797,CUST01797,AGT0090,Travel,2021-11-23,4408,Low,Approved,TX,0
POL001798,CUST01798,AGT0106,Life,2023-08-16,3303,Low,Approved,NC,0
POL001799,CUST01799,AGT0193,Home,2022-10-03,3031,Low,Approved,IL,0
POL001800,CUST01800,AGT0013,Travel,2017-09-29,2390,Low,Approved,NY,0
POL001801,CUST01801,AGT0042,Home,2018-03-22,1059,Low,Rejected,CA,0
POL001802,CUST01802,AGT0167,Health,2018-03-25,2227,Medium,Approved,FL,0
POL001803,CUST01803,AGT0109,Life,2021-04-27,2468,Medium,Rejected,CA,1
POL001804,CUST01804,AGT0006,Home,2020-08-11,4690,Medium,Rejected,NC,0
POL001805,CUST01805,AGT0141,Life,2022-03-02,1882,Low,Rejected,IL,0
POL001806,CUST01806,AGT0028,Life,2023-07-03,1171,High,Rejected,NC,0
POL001807,CUST01807,AGT0157,Travel,2018-07-13,2423,Medium,Rejected,OH,1
POL001808,CUST01808,AGT0160,Health,2020-12-17,4986,Low,Approved,WA,0
POL001809,CUST01809,AGT0165,Auto,2019-07-03,2669,Low,Approved,NC,0
POL001810,CUST01810,AGT0093,Home,2023-08-04,2206,Medium,Rejected,TX,1
POL001811,CUST01811,AGT0054,Life,2018-03-09,3500,Low,Under Investigation,TX,0
POL001812,CUST01812,AGT0177,Travel,2016-09-08,3419,Low,Approved,MI,0
POL001813,CUST01813,AGT0112,Health,2018-05-29,1846,Medium,Under Investigation,FL,0
POL001814,CUST01814,AGT0128,Life,2020-07-26,4855,Low,Under Investigation,NC,0
POL001815,CUST01815,AGT0028,Travel,2023-07-30,3168,High,Approved,GA,0
POL001816,CUST01816,AGT0125,Travel,2022-06-16,759,Low,Rejected,NC,0
POL001817,CUST01817,AGT0117,Travel,2015-03-02,2334,Low,Rejected,FL,0
POL001818,CUST01818,AGT0059,Travel,2019-07-31,4652,Low,Approved,NY,0
POL001819,CUST01819,AGT0154,Life,2016-06-06,2270,Low,Approved,OH,0
POL001820,CUST01820,AGT0027,Health,2018-04-05,3055,High,Approved,CA,0
POL001821,CUST01821,AGT0144,Home,2023-06-29,3256,Medium,Rejected,NY,0
POL001822,CUST01822,AGT0193,Life,2023-11-10,3669,High,Approved,OH,0
POL001823,CUST01823,AGT0114,Health,2016-05-19,4425,Medium,Rejected,FL,0
POL001824,CUST01824,AGT0021,Life,2016-04-08,1171,Low,Rejected,FL,0
POL001825,CUST01825,AGT0111,Home,2021-04-07,2825,Low,Rejected,WA,0
POL001826,CUST01826,AGT0106,Life,2018-09-12,2900,Low,Approved,FL,1
POL001827,CUST01827,AGT0111,Home,2018-11-23,1185,High,Approved,WA,0
POL001828,CUST01828,AGT0055,Life,2022-11-09,3530,Low,Approved,WA,0
POL001829,CUST01829,AGT0126,Auto,2023-04-14,1031,Low,Approved,GA,0
POL001830,CUST01830,AGT0053,Life,2023-02-06,2553,Medium,Approved,TX,0
POL001831,CUST01831,AGT0112,Travel,2022-01-16,1986,Medium,Approved,FL,0
POL001832,CUST01832,AGT0119,Travel,2023-10-27,1197,Low,Approved,WA,0
POL001833,CUST01833,AGT0130,Travel,2021-06-23,4200,Medium,Approved,CA,0
POL001834,CUST01834,AGT0160,Health,2022-12-17,1598,Medium,Approved,OH,0
POL001835,CUST01835,AGT0177,Auto,2019-11-11,1648,Medium,Approved,OH,0
POL001836,CUST01836,AGT0156,Life,2015-06-17,4344,Low,Under Investigation,MI,1
POL001837,CUST01837,AGT0160,Auto,2022-05-06,4448,Low,Approved,MI,1
POL001838,CUST01838,AGT0174,Health,2023-05-14,655,Low,Under Investigation,FL,0
POL001839,CUST01839,AGT0049,Life,2017-10-23,1750,High,Rejected,OH,0
POL001840,CUST01840,AGT0059,Home,2018-11-07,3689,High,Approved,GA,0
POL001841,CUST01841,AGT0107,Life,2020-02-23,4001,Medium,Under Investigation,WA,1
POL001842,CUST01842,AGT0094,Life,2020-11-11,4997,Low,Under Investigation,OH,0
POL001843,CUST01843,AGT0141,Auto,2021-01-26,2995,Low,Rejected,TX,0
POL001844,CUST01844,AGT0002,Life,2018-07-19,533,Medium,Approved,WA,0
POL001845,CUST01845,AGT0028,Home,2022-09-08,4431,Low,Approved,OH,0
POL001846,CUST01846,AGT0150,Home,2022-04-27,1224,Medium,Approved,TX,0
POL001847,CUST01847,AGT0165,Home,2023-06-24,1043,Medium,Rejected,TX,0
POL001848,CUST01848,AGT0061,Home,2020-03-07,3533,Low,Approved,FL,0
POL001849,CUST01849,AGT0063,Home,2015-09-12,3217,Low,Approved,NC,0
POL001850,CUST01850,AGT0113,Health,2022-08-10,769,Low,Approved,WA,0
POL001851,CUST01851,AGT0096,Health,2015-09-19,1261,Low,Approved,IL,0
POL001852,CUST01852,AGT0034,Auto,2016-09-28,3154,Medium,Approved,CA,0
POL001853,CUST01853,AGT0101,Health,2017-07-26,1649,Low,Approved,MI,0
POL001854,CUST01854,AGT0164,Health,2016-08-30,3578,Low,Under Investigation,GA,0
POL001855,CUST01855,AGT0146,Home,2021-07-06,2352,Low,Approved,OH,0
POL001856,CUST01856,AGT0164,Travel,2018-12-18,3146,Low,Approved,CA,0
POL001857,CUST01857,AGT0129,Auto,2016-12-21,2637,Medium,Approved,WA,0
POL001858,CUST01858,AGT0176,Health,2015-01-16,2143,Medium,Approved,CA,0
POL001859,CUST01859,AGT0050,Auto,2016-12-12,2040,Medium,Rejected,GA,0
POL001860,CUST01860,AGT0010,Travel,2021-03-26,3637,Medium,Approved,OH,0
POL001861,CUST01861,AGT0023,Life,2022-02-23,2814,Low,Under Investigation,OH,0
POL001862,CUST01862,AGT0199,Health,2017-08-30,3174,Medium,Under Investigation,OH,0
POL001863,CUST01863,AGT0129,Home,2015-08-29,3097,Low,Rejected,NY,0
POL001864,CUST01864,AGT0050,Life,2020-01-06,1434,High,Rejected,OH,0
POL001865,CUST01865,AGT0171,Travel,2022-01-16,4609,Low,Approved,NY,0
POL001866,CUST01866,AGT0062,Home,2015-08-19,3034,Low,Approved,IL,0
POL001867,CUST01867,AGT0120,Health,2022-02-27,3731,Low,Approved,GA,0
POL001868,CUST01868,AGT0050,Life,2016-07-14,4468,Medium,Rejected,NC,0
POL001869,CUST01869,AGT0019,Life,2017-04-27,4661,Low,Approved,TX,0
POL001870,CUST01870,AGT0054,Life,2020-08-08,3500,High,Approved,WA,0
POL001871,CUST01871,AGT0046,Auto,2015-06-18,4042,Low,Approved,CA,0
POL001872,CUST01872,AGT0111,Life,2017-10-01,2623,Medium,Rejected,FL,0
POL001873,CUST01873,AGT0005,Auto,2016-04-01,3820,Medium,Rejected,NY,0
POL001874,CUST01874,AGT0048,Travel,2016-12-06,1947,Low,Approved,NY,0
POL001875,CUST01875,AGT0114,Travel,2021-12-16,3703,Low,Approved,NY,0
POL001876,CUST01876,AGT0079,Home,2017-01-21,886,Low,Approved,NY,0
POL001877,CUST01877,AGT0128,Life,2015-05-23,4614,Medium,Rejected,IL,0
POL001878,CUST01878,AGT0132,Auto,2016-12-06,1600,High,Approved,NC,0
POL001879,CUST01879,AGT0194,Travel,2015-10-13,3454,Low,Approved,MI,0
POL001880,CUST01880,AGT0168,Health,2020-08-08,550,Low,Rejected,NY,0
POL001881,CUST01881,AGT0046,Health,2023-10-02,1200,Low,Approved,FL,0
POL001882,CUST01882,AGT0139,Life,2016-07-05,4939,Low,Rejected,GA,0
POL001883,CUST01883,AGT0126,Travel,2021-07-23,4250,Medium,Approved,CA,0
POL001884,CUST01884,AGT0119,Home,2018-04-06,1501,Low,Under Investigation,IL,0
POL001885,CUST01885,AGT0160,Home,2015-08-25,1088,Low,Approved,FL,0
POL001886,CUST01886,AGT0030,Home,2021-03-10,4166,High,Approved,GA,0
POL001887,CUST01887,AGT0076,Health,2016-11-20,4955,Medium,Under Investigation,CA,1
POL001888,CUST01888,AGT0164,Home,2019-08-15,1258,Medium,Approved,MI,0
POL001889,CUST01889,AGT0179,Travel,2019-07-25,3487,Low,Rejected,FL,0
POL001890,CUST01890,AGT0008,Health,2020-05-16,1776,High,Approved,OH,0
POL001891,CUST01891,AGT0095,Life,2016-03-19,3849,Medium,Approved,OH,0
POL001892,CUST01892,AGT0053,Life,2017-04-04,2382,Medium,Approved,IL,0
POL001893,CUST01893,AGT0034,Travel,2021-08-19,1064,Low,Approved,IL,0
POL001894,CUST01894,AGT0012,Life,2023-05-23,1959,High,Rejected,FL,1
POL001895,CUST01895,AGT0108,Travel,2015-02-08,2923,Medium,Approved,NC,0
POL001896,CUST01896,AGT0134,Life,2018-09-22,4092,Medium,Approved,OH,0
POL001897,CUST01897,AGT0107,Travel,2022-12-06,594,Medium,Approved,FL,0
POL001898,CUST01898,AGT0074,Life,2017-07-31,4809,Medium,Approved,FL,0
POL001899,CUST01899,AGT0155,Travel,2019-01-10,3423,Medium,Approved,IL,1
POL001900,CUST01900,AGT0131,Travel,2023-02-19,4438,High,Under Investigation,MI,1
POL001901,CUST01901,AGT0182,Travel,2023-09-20,4685,Low,Approved,WA,0
POL001902,CUST01902,AGT0070,Home,2020-11-23,1191,Low,Approved,NY,1
POL001903,CUST01903,AGT0048,Life,2021-03-30,921,Medium,Approved,NY,0
POL001904,CUST01904,AGT0092,Travel,2020-07-10,3995,Medium,Approved,TX,0
POL001905,CUST01905,AGT0102,Health,2017-07-21,1345,Medium,Approved,OH,0
POL001906,CUST01906,AGT0092,Auto,2022-12-23,1165,Medium,Rejected,FL,0
POL001907,CUST01907,AGT0167,Travel,2015-04-22,2608,Medium,Rejected,MI,0
POL001908,CUST01908,AGT0010,Life,2015-07-12,4610,Medium,Rejected,OH,1
POL001909,CUST01909,AGT0106,Home,2020-05-31,4080,Low,Approved,FL,0
POL001910,CUST01910,AGT0087,Life,2022-07-15,2830,High,Rejected,WA,0
POL001911,CUST01911,AGT0043,Auto,2022-04-29,1384,Low,Under Investigation,MI,1
POL001912,CUST01912,AGT0129,Home,2021-02-05,2013,Medium,Under Investigation,NY,0
POL001913,CUST01913,AGT0161,Health,2018-05-21,3598,High,Under Investigation,TX,0
POL001914,CUST01914,AGT0110,Health,2018-03-28,1206,Low,Approved,FL,0
POL001915,CUST01915,AGT0017,Travel,2018-10-30,2859,Low,Under Investigation,NY,0
POL001916,CUST01916,AGT0016,Home,2017-04-22,553,Low,Rejected,IL,0
POL001917,CUST01917,AGT0085,Auto,2018-10-09,1962,Medium,Rejected,MI,0
POL001918,CUST01918,AGT0134,Health,2015-12-11,1615,Low,Rejected,WA,0
POL001919,CUST01919,AGT0063,Health,2017-11-17,3564,Low,Under Investigation,NC,0
POL001920,CUST01920,AGT0062,Travel,2023-06-20,4613,High,Approved,MI,0
POL001921,CUST01921,AGT0173,Health,2021-05-11,1159,Low,Rejected,TX,0
POL001922,CUST01922,AGT0003,Health,2016-04-11,4087,Medium,Rejected,TX,0
POL001923,CUST01923,AGT0016,Health,2017-07-29,3451,Medium,Rejected,WA,0
POL001924,CUST01924,AGT0032,Auto,2017-05-02,4864,Low,Rejected,GA,0
POL001925,CUST01925,AGT0197,Life,2017-07-14,4601,Low,Approved,FL,0
POL001926,CUST01926,AGT0100,Home,2021-03-20,953,High,Approved,NC,1
POL001927,CUST01927,AGT0032,Home,2023-01-20,3844,Medium,Approved,TX,0
POL001928,CUST01928,AGT0063,Health,2021-05-22,3164,Low,Rejected,NC,0
POL001929,CUST01929,AGT0194,Life,2019-05-24,1008,Medium,Rejected,MI,1
POL001930,CUST01930,AGT0139,Auto,2016-06-12,1657,Medium,Rejected,IL,0
POL001931,CUST01931,AGT0045,Travel,2016-04-14,4671,Low,Rejected,GA,0
POL001932,CUST01932,AGT0049,Home,2022-04-29,2943,Medium,Approved,NC,0
POL001933,CUST01933,AGT0015,Health,2021-02-04,2023,Low,Approved,MI,0
POL001934,CUST01934,AGT0155,Home,2019-08-04,1942,Low,Rejected,OH,0
POL001935,CUST01935,AGT0028,Travel,2020-03-11,4270,High,Under Investigation,FL,0
POL001936,CUST01936,AGT0058,Auto,2022-08-20,1775,Low,Rejected,FL,1
POL001937,CUST01937,AGT0070,Home,2022-04-28,1215,Low,Under Investigation,NY,0
POL001938,CUST01938,AGT0125,Home,2015-10-14,3082,Low,Under Investigation,CA,0
POL001939,CUST01939,AGT0122,Travel,2018-07-22,4966,Medium,Approved,GA,0
POL001940,CUST01940,AGT0160,Home,2015-05-21,1324,Medium,Rejected,NY,1
POL001941,CUST01941,AGT0060,Life,2018-06-18,1648,High,Approved,NC,0
POL001942,CUST01942,AGT0078,Life,2020-09-24,2611,Low,Approved,CA,0
POL001943,CUST01943,AGT0078,Travel,2016-11-15,1399,Medium,Approved,NY,0
POL001944,CUST01944,AGT0010,Health,2016-05-07,3428,Medium,Approved,NY,0
POL001945,CUST01945,AGT0148,Life,2019-06-02,1641,Low,Approved,CA,0
POL001946,CUST01946,AGT0108,Health,2019-09-21,1076,Low,Rejected,MI,0
POL001947,CUST01947,AGT0096,Travel,2021-06-04,1675,Medium,Approved,OH,0
POL001948,CUST01948,AGT0200,Travel,2015-02-16,4687,Low,Approved,MI,0
POL001949,CUST01949,AGT0036,Health,2017-03-25,4707,Medium,Approved,MI,1
POL001950,CUST01950,AGT0194,Home,2022-01-06,2775,Medium,Approved,CA,0
POL001951,CUST01951,AGT0137,Travel,2021-02-18,2302,Low,Under Investigation,MI,0
POL001952,CUST01952,AGT0045,Auto,2023-02-03,4187,High,Approved,CA,1
POL001953,CUST01953,AGT0136,Life,2022-05-01,1374,Medium,Approved,MI,0
POL001954,CUST01954,AGT0152,Travel,2022-07-19,3442,Low,Under Investigation,GA,0
POL001955,CUST01955,AGT0073,Travel,2019-08-05,3560,Medium,Rejected,MI,0
POL001956,CUST01956,AGT0069,Auto,2023-08-16,3695,Low,Rejected,IL,0
POL001957,CUST01957,AGT0168,Life,2018-09-28,1480,Medium,Rejected,TX,0
POL001958,CUST01958,AGT0033,Life,2023-02-15,3722,Low,Approved,TX,1
POL001959,CUST01959,AGT0003,Auto,2018-07-11,3253,Low,Rejected,TX,0
POL001960,CUST01960,AGT0134,Life,2018-12-30,4437,Low,Approved,MI,0
POL001961,CUST01961,AGT0182,Life,2021-03-03,1284,Low,Approved,OH,0
POL001962,CUST01962,AGT0101,Travel,2018-08-01,3261,Low,Approved,FL,0
POL001963,CUST01963,AGT0027,Auto,2016-04-28,4233,Low,Rejected,TX,0
POL001964,CUST01964,AGT0108,Travel,2023-01-23,1751,High,Approved,CA,0
POL001965,CUST01965,AGT0051,Home,2019-01-28,3847,Low,Approved,FL,0
POL001966,CUST01966,AGT0166,Health,2023-05-04,947,Low,Approved,NC,1
POL001967,CUST01967,AGT0123,Health,2018-08-04,3731,Low,Rejected,MI,0
POL001968,CUST01968,AGT0068,Life,2023-10-02,3228,Medium,Approved,GA,0
POL001969,CUST01969,AGT0125,Travel,2020-06-04,1366,Low,Approved,WA,0
POL001970,CUST01970,AGT0134,Health,2021-11-29,798,Medium,Approved,NY,0
POL001971,CUST01971,AGT0136,Travel,2021-10-18,3854,Medium,Rejected,NY,0
POL001972,CUST01972,AGT0074,Life,2016-10-25,1585,Low,Approved,GA,0
POL001973,CUST01973,AGT0115,Auto,2022-05-03,2738,High,Under Investigation,TX,0
POL001974,CUST01974,AGT0009,Home,2023-07-03,773,Low,Approved,WA,0
POL001975,CUST01975,AGT0081,Travel,2020-12-12,4835,Medium,Approved,NC,0
POL001976,CUST01976,AGT0076,Auto,2023-07-10,2969,Low,Approved,CA,0
POL001977,CUST01977,AGT0107,Auto,2022-08-12,4692,Medium,Approved,TX,0
POL001978,CUST01978,AGT0191,Auto,2020-12-28,1221,Medium,Approved,GA,0
POL001979,CUST01979,AGT0191,Home,2019-04-18,1426,Low,Approved,NC,0
POL001980,CUST01980,AGT0097,Auto,2022-09-18,3246,Low,Under Investigation,FL,0
POL001981,CUST01981,AGT0130,Travel,2016-09-01,3220,Low,Approved,NC,0
POL001982,CUST01982,AGT0022,Auto,2020-01-19,4058,Low,Approved,IL,0
POL001983,CUST01983,AGT0097,Auto,2022-05-04,4676,High,Approved,GA,0
POL001984,CUST01984,AGT0138,Health,2023-06-30,4198,Medium,Approved,IL,0
POL001985,CUST01985,AGT0137,Life,2017-05-27,1130,Medium,Approved,IL,0
POL001986,CUST01986,AGT0193,Travel,2015-11-05,1892,High,Approved,NY,0
POL001987,CUST01987,AGT0094,Health,2017-12-31,4612,Medium,Approved,TX,0
POL001988,CUST01988,AGT0182,Home,2022-10-09,2970,Medium,Approved,TX,0
POL001989,CUST01989,AGT0196,Life,2019-09-18,4401,Low,Under Investigation,TX,0
POL001990,CUST01990,AGT0115,Life,2015-07-02,3033,Low,Rejected,MI,0
POL001991,CUST01991,AGT0019,Auto,2016-01-28,723,Low,Under Investigation,IL,1
POL001992,CUST01992,AGT0076,Travel,2018-01-19,2627,Low,Approved,NY,0
POL001993,CUST01993,AGT0153,Travel,2018-01-31,4210,Low,Under Investigation,MI,0
POL001994,CUST01994,AGT0117,Life,2016-03-20,3448,Low,Approved,MI,1
POL001995,CUST01995,AGT0188,Home,2019-06-12,1097,Low,Approved,FL,0
POL001996,CUST01996,AGT0164,Health,2019-04-24,1445,Low,Rejected,NY,0
POL001997,CUST01997,AGT0013,Travel,2016-10-16,4344,Low,Approved,IL,0
POL001998,CUST01998,AGT0173,Travel,2017-02-02,4906,Low,Approved,MI,0
POL001999,CUST01999,AGT0072,Home,2020-12-23,3888,Low,Rejected,GA,0
POL002000,CUST02000,AGT0164,Life,2023-07-26,941,Low,Rejected,OH,0
